Date,Open,High,Low,Close,Volume,Ticker
2014-01-02,148.69,148.76,147.48,147.83,119636900,SPY
2014-01-02,0.37,0.38,0.37,0.37,260092000,NVDA
2014-01-02,17.19,17.23,17.08,17.11,234684800,AAPL
2014-01-02,30.79,30.83,30.59,30.64,30632200,MSFT
2014-01-02,9.99,10.17,9.77,10.01,92826000,TSLA
2014-01-03,148.08,148.38,147.6,147.81,81390600,SPY
2014-01-03,0.37,0.37,0.37,0.37,259332000,NVDA
2014-01-03,17.1,17.13,16.72,16.73,392467600,AAPL
2014-01-03,30.67,30.69,30.18,30.43,31134800,MSFT
2014-01-03,10.0,10.15,9.91,9.97,70425000,TSLA
2014-01-06,148.29,148.35,147.15,147.38,108028200,SPY
2014-01-06,0.37,0.38,0.37,0.37,409492000,NVDA
2014-01-06,16.63,16.91,16.51,16.83,412610800,AAPL
2014-01-06,30.38,30.41,29.77,29.79,43603700,MSFT
2014-01-06,10.0,10.03,9.68,9.8,80416500,TSLA
2014-01-07,147.97,148.53,147.86,148.28,86144200,SPY
2014-01-07,0.38,0.38,0.37,0.38,333288000,NVDA
2014-01-07,16.84,16.89,16.64,16.71,317209200,AAPL
2014-01-07,29.95,30.08,29.85,30.02,35802800,MSFT
2014-01-07,9.84,10.03,9.68,9.96,75511500,TSLA
2014-01-08,148.26,148.57,147.81,148.32,96582300,SPY
2014-01-08,0.38,0.39,0.38,0.38,308192000,NVDA
2014-01-08,16.67,16.88,16.66,16.81,258529600,AAPL
2014-01-08,29.68,29.8,29.33,29.48,59971700,MSFT
2014-01-08,9.92,10.25,9.92,10.09,92448000,TSLA
2014-01-09,148.79,148.81,147.73,148.41,90683400,SPY
2014-01-09,0.38,0.38,0.37,0.37,292172000,NVDA
2014-01-09,16.91,16.92,16.56,16.6,279148800,AAPL
2014-01-09,29.58,29.61,29.19,29.29,36516300,MSFT
2014-01-09,10.17,10.23,9.79,9.84,80730000,TSLA
2014-01-10,148.66,148.88,147.9,148.82,102026400,SPY
2014-01-10,0.37,0.37,0.37,0.37,218492000,NVDA
2014-01-10,16.7,16.73,16.43,16.49,304976000,AAPL
2014-01-10,29.6,29.8,29.47,29.71,40548800,MSFT
2014-01-10,9.9,9.93,9.48,9.71,111691500,TSLA
2014-01-13,148.44,148.85,146.55,146.84,149892000,SPY
2014-01-13,0.37,0.37,0.36,0.36,243332000,NVDA
2014-01-13,16.39,16.78,16.39,16.57,378492800,AAPL
2014-01-13,29.67,29.7,28.72,28.84,45901900,MSFT
2014-01-13,9.72,9.8,9.19,9.29,94741500,TSLA
2014-01-14,147.32,148.52,147.05,148.44,105016100,SPY
2014-01-14,0.36,0.37,0.36,0.37,241828000,NVDA
2014-01-14,16.65,16.91,16.63,16.9,332561600,AAPL
2014-01-14,28.63,29.58,28.55,29.5,41623300,MSFT
2014-01-14,9.37,10.8,9.11,10.75,414105000,TSLA
2014-01-15,148.79,149.46,148.47,149.24,98525800,SPY
2014-01-15,0.37,0.38,0.37,0.38,175044000,NVDA
2014-01-15,17.12,17.33,17.06,17.24,391638800,AAPL
2014-01-15,29.6,30.33,29.56,30.31,44812600,MSFT
2014-01-15,11.23,11.48,10.81,10.94,306984000,TSLA
2014-01-16,148.93,149.24,148.57,149.04,72290600,SPY
2014-01-16,0.38,0.38,0.37,0.38,220652000,NVDA
2014-01-16,17.16,17.23,17.07,17.14,229278000,AAPL
2014-01-16,30.25,30.5,29.94,30.41,38018700,MSFT
2014-01-16,10.83,11.51,10.83,11.4,179391000,TSLA
2014-01-17,148.79,149.07,148.15,148.41,107848700,SPY
2014-01-17,0.38,0.38,0.37,0.38,340400000,NVDA
2014-01-17,17.06,17.08,16.7,16.72,426739600,AAPL
2014-01-17,30.36,30.36,29.8,29.99,46267500,MSFT
2014-01-17,11.35,11.55,11.2,11.33,138093000,TSLA
2014-01-21,149.27,149.33,147.94,148.85,88621200,SPY
2014-01-21,0.38,0.38,0.37,0.38,246076000,NVDA
2014-01-21,16.73,17.02,16.72,16.98,328526800,AAPL
2014-01-21,30.36,30.36,29.73,29.82,31567300,MSFT
2014-01-21,11.42,11.82,11.39,11.78,146020500,TSLA
2014-01-22,149.1,149.16,148.63,148.95,61270900,SPY
2014-01-22,0.38,0.38,0.37,0.38,337940000,NVDA
2014-01-22,17.04,17.24,16.95,17.06,379985200,AAPL
2014-01-22,29.89,29.94,29.47,29.62,21904300,MSFT
2014-01-22,11.85,12.02,11.65,11.9,105339000,TSLA
2014-01-23,148.2,148.22,146.94,147.73,132496900,SPY
2014-01-23,0.38,0.38,0.37,0.38,185028000,NVDA
2014-01-23,17.01,17.21,16.85,17.2,403239200,AAPL
2014-01-23,29.75,29.79,29.28,29.73,43954000,MSFT
2014-01-23,11.82,12.16,11.56,12.1,118011000,TSLA
2014-01-24,146.76,146.81,144.53,144.57,208677100,SPY
2014-01-24,0.37,0.37,0.37,0.37,246696000,NVDA
2014-01-24,17.14,17.19,16.85,16.89,429354800,AAPL
2014-01-24,30.88,30.96,30.12,30.35,76395500,MSFT
2014-01-24,11.86,12.03,11.57,11.64,114964500,TSLA
2014-01-27,144.71,145.08,143.14,143.86,180843100,SPY
2014-01-27,0.37,0.37,0.36,0.36,233812000,NVDA
2014-01-27,17.02,17.16,16.88,17.03,554878800,AAPL
2014-01-27,30.4,30.41,29.66,29.71,44420800,MSFT
2014-01-27,11.68,11.86,10.98,11.31,130746000,TSLA
2014-01-28,143.97,144.91,143.95,144.72,110463200,SPY
2014-01-28,0.36,0.37,0.36,0.37,167996000,NVDA
2014-01-28,15.74,15.93,15.53,15.67,1065523200,AAPL
2014-01-28,29.78,30.0,29.47,29.9,36205500,MSFT
2014-01-28,11.43,11.93,11.4,11.89,91401000,TSLA
2014-01-29,143.52,144.3,142.95,143.33,216597300,SPY
2014-01-29,0.37,0.37,0.36,0.36,162944000,NVDA
2014-01-29,15.59,15.69,15.42,15.49,502810000,AAPL
2014-01-29,29.66,30.41,29.6,30.22,52745900,MSFT
2014-01-29,11.69,11.94,11.54,11.68,89032500,TSLA
2014-01-30,144.53,145.32,144.07,144.85,118938100,SPY
2014-01-30,0.37,0.37,0.36,0.37,202896000,NVDA
2014-01-30,15.55,15.67,15.36,15.46,678501600,AAPL
2014-01-30,30.33,30.41,29.87,30.39,35036300,MSFT
2014-01-30,11.87,12.32,11.8,12.19,128475000,TSLA
2014-01-31,143.06,144.9,142.98,144.0,194677900,SPY
2014-01-31,0.36,0.37,0.36,0.37,335348000,NVDA
2014-01-31,15.32,15.51,15.27,15.49,464797200,AAPL
2014-01-31,30.46,31.24,30.14,31.2,93162300,MSFT
2014-01-31,11.92,12.4,11.9,12.09,97632000,TSLA
2014-02-03,143.83,144.15,140.49,140.76,254837100,SPY
2014-02-03,0.37,0.37,0.36,0.36,431728000,NVDA
2014-02-03,15.55,15.71,15.44,15.51,401464000,AAPL
2014-02-03,31.11,31.32,30.03,30.08,64063100,MSFT
2014-02-03,12.19,12.33,11.68,11.81,101473500,TSLA
2014-02-04,141.39,142.11,140.71,141.75,165012400,SPY
2014-02-04,0.36,0.37,0.36,0.37,280692000,NVDA
2014-02-04,15.65,15.76,15.55,15.74,376681200,AAPL
2014-02-04,30.48,30.66,29.89,29.97,54697900,MSFT
2014-02-04,12.05,12.11,11.75,11.92,70294500,TSLA
2014-02-05,141.25,141.88,140.39,141.57,164230500,SPY
2014-02-05,0.36,0.36,0.36,0.36,214676000,NVDA
2014-02-05,15.67,15.94,15.66,15.86,328344800,AAPL
2014-02-05,29.92,30.07,29.52,29.53,55814400,MSFT
2014-02-05,11.89,12.04,11.29,11.63,109020000,TSLA
2014-02-06,141.9,143.43,141.61,143.43,132877600,SPY
2014-02-06,0.36,0.37,0.36,0.37,168380000,NVDA
2014-02-06,15.87,15.98,15.8,15.95,257765200,AAPL
2014-02-06,29.52,29.89,29.42,29.83,35351800,MSFT
2014-02-06,11.75,12.01,11.73,11.89,87624000,TSLA
2014-02-07,144.11,145.37,143.64,145.21,170787200,SPY
2014-02-07,0.37,0.37,0.37,0.37,157248000,NVDA
2014-02-07,16.22,16.27,16.1,16.17,370280400,AAPL
2014-02-07,29.94,30.17,29.69,30.14,33260500,MSFT
2014-02-07,12.07,12.44,11.97,12.44,133927500,TSLA
2014-02-10,145.23,145.53,144.83,145.48,92218800,SPY
2014-02-10,0.37,0.38,0.37,0.37,324372000,NVDA
2014-02-10,16.14,16.55,16.12,16.46,345559200,AAPL
2014-02-10,30.2,30.34,29.92,30.34,26767000,MSFT
2014-02-10,12.62,13.29,12.62,13.1,194560500,TSLA
2014-02-11,145.6,147.44,145.5,147.07,117814100,SPY
2014-02-11,0.38,0.38,0.37,0.38,235384000,NVDA
2014-02-11,16.51,16.73,16.48,16.68,282256800,AAPL
2014-02-11,30.41,30.72,30.39,30.65,32141400,MSFT
2014-02-11,13.26,13.48,12.85,13.11,160648500,TSLA
2014-02-12,147.29,147.76,146.85,147.14,94717700,SPY
2014-02-12,0.38,0.4,0.38,0.4,744528000,NVDA
2014-02-12,16.71,16.79,16.59,16.68,308100800,AAPL
2014-02-12,30.79,31.0,30.75,30.89,27051800,MSFT
2014-02-12,13.05,13.22,12.95,13.02,77605500,TSLA
2014-02-13,146.15,148.06,146.14,147.9,100542200,SPY
2014-02-13,0.41,0.41,0.4,0.41,902836000,NVDA
2014-02-13,16.64,16.95,16.62,16.94,307398000,AAPL
2014-02-13,30.78,31.21,30.78,31.01,37635500,MSFT
2014-02-13,12.89,13.51,12.88,13.31,120439500,TSLA
2014-02-14,147.77,149.0,147.63,148.72,96498400,SPY
2014-02-14,0.4,0.42,0.4,0.42,817536000,NVDA
2014-02-14,16.88,16.99,16.84,16.93,272924400,AAPL
2014-02-14,30.83,31.15,30.78,31.02,31407500,MSFT
2014-02-14,13.21,13.46,13.13,13.22,92370000,TSLA
2014-02-18,148.85,149.1,148.42,148.9,80460900,SPY
2014-02-18,0.42,0.42,0.42,0.42,428988000,NVDA
2014-02-18,16.99,17.15,16.98,16.99,260251600,AAPL
2014-02-18,31.26,31.38,31.07,31.08,32834000,MSFT
2014-02-18,13.68,13.73,13.42,13.58,139992000,TSLA
2014-02-19,148.51,149.47,147.79,147.91,126524300,SPY
2014-02-19,0.42,0.43,0.42,0.43,450340000,NVDA
2014-02-19,16.95,17.02,16.63,16.72,313768000,AAPL
2014-02-19,30.92,31.36,30.91,31.16,29750400,MSFT
2014-02-19,13.58,13.58,12.89,12.91,242535000,TSLA
2014-02-20,148.11,149.12,147.57,148.78,104998100,SPY
2014-02-20,0.43,0.44,0.43,0.44,398088000,NVDA
2014-02-20,16.59,16.71,16.46,16.53,305858000,AAPL
2014-02-20,31.21,31.46,31.07,31.36,27526100,MSFT
2014-02-20,14.33,14.35,13.75,14.0,270034500,TSLA
2014-02-21,149.07,149.42,148.54,148.62,118116400,SPY
2014-02-21,0.44,0.45,0.44,0.44,451052000,NVDA
2014-02-21,16.58,16.63,16.32,16.34,278784800,AAPL
2014-02-21,31.51,31.85,31.45,31.55,38021300,MSFT
2014-02-21,14.11,14.27,13.95,13.97,117282000,TSLA
2014-02-24,148.93,150.44,148.87,149.44,114063900,SPY
2014-02-24,0.44,0.45,0.43,0.44,403112000,NVDA
2014-02-24,16.28,16.49,16.26,16.42,288909600,AAPL
2014-02-24,31.31,31.55,31.18,31.31,32085100,MSFT
2014-02-24,13.92,14.56,13.89,14.51,124176000,TSLA
2014-02-25,149.56,149.99,148.89,149.38,117085000,SPY
2014-02-25,0.44,0.45,0.44,0.44,242184000,NVDA
2014-02-25,16.47,16.48,16.21,16.25,231952000,AAPL
2014-02-25,31.24,31.44,31.02,31.18,30736500,MSFT
2014-02-25,15.33,17.28,15.23,16.53,490225500,TSLA
2014-02-26,149.6,150.0,148.97,149.39,98677200,SPY
2014-02-26,0.44,0.45,0.44,0.44,360884000,NVDA
2014-02-26,16.29,16.34,16.04,16.1,276217200,AAPL
2014-02-26,31.22,31.35,30.89,31.12,41041800,MSFT
2014-02-26,17.24,17.67,16.5,16.87,369069000,TSLA
2014-02-27,149.17,150.22,149.0,150.18,93880800,SPY
2014-02-27,0.44,0.45,0.44,0.44,388848000,NVDA
2014-02-27,16.09,16.45,16.06,16.42,301882000,AAPL
2014-02-27,31.11,31.47,30.92,31.45,33903400,MSFT
2014-02-27,17.42,17.46,16.56,16.84,269187000,TSLA
2014-02-28,150.15,151.25,149.55,150.55,150842000,SPY
2014-02-28,0.43,0.44,0.43,0.43,321692000,NVDA
2014-02-28,16.46,16.58,16.25,16.38,371968800,AAPL
2014-02-28,31.55,31.95,31.41,31.82,41215000,MSFT
2014-02-28,16.64,16.85,16.17,16.32,218847000,TSLA
2014-03-03,149.23,149.88,148.5,149.5,167748500,SPY
2014-03-03,0.42,0.43,0.42,0.43,375948000,NVDA
2014-03-03,16.29,16.51,16.27,16.42,238781200,AAPL
2014-03-03,31.5,31.67,31.14,31.38,29717500,MSFT
2014-03-03,15.82,16.78,15.67,16.7,196339500,TSLA
2014-03-04,150.96,151.92,150.93,151.6,167545900,SPY
2014-03-04,0.43,0.44,0.43,0.44,260344000,NVDA
2014-03-04,16.52,16.57,16.42,16.53,259140000,AAPL
2014-03-04,31.73,31.96,31.62,31.9,26802400,MSFT
2014-03-04,17.23,17.33,16.86,16.99,131184000,TSLA
2014-03-05,151.73,151.99,151.49,151.73,88376900,SPY
2014-03-05,0.44,0.44,0.43,0.44,241472000,NVDA
2014-03-05,16.52,16.64,16.47,16.57,200062800,AAPL
2014-03-05,31.77,31.79,31.51,31.66,20520100,MSFT
2014-03-05,17.11,17.13,16.79,16.84,89035500,TSLA
2014-03-06,152.11,152.43,151.76,152.08,82516500,SPY
2014-03-06,0.44,0.44,0.43,0.43,290144000,NVDA
2014-03-06,16.58,16.63,16.43,16.52,185488800,AAPL
2014-03-06,31.68,31.76,31.47,31.69,23582200,MSFT
2014-03-06,16.94,17.17,16.63,16.86,110416500,TSLA
2014-03-07,152.71,152.71,151.48,152.15,114513500,SPY
2014-03-07,0.44,0.44,0.43,0.43,268452000,NVDA
2014-03-07,16.53,16.55,16.37,16.51,220729600,AAPL
2014-03-07,31.8,31.86,31.31,31.48,26591600,MSFT
2014-03-07,16.86,16.99,16.29,16.41,117184500,TSLA
2014-03-10,151.91,152.12,151.19,152.07,74939200,SPY
2014-03-10,0.43,0.43,0.43,0.43,300888000,NVDA
2014-03-10,16.44,16.6,16.44,16.52,178584000,AAPL
2014-03-10,31.56,31.57,31.33,31.41,19006600,MSFT
2014-03-10,16.18,16.2,15.74,15.92,115921500,TSLA
2014-03-11,152.29,152.51,150.97,151.31,99009100,SPY
2014-03-11,0.43,0.44,0.43,0.43,297220000,NVDA
2014-03-11,16.66,16.76,16.57,16.68,279224400,AAPL
2014-03-11,31.46,31.76,31.33,31.58,25216400,MSFT
2014-03-11,15.77,16.31,15.5,15.63,132151500,TSLA
2014-03-12,150.58,151.41,150.24,151.35,104824400,SPY
2014-03-12,0.43,0.44,0.43,0.43,239428000,NVDA
2014-03-12,16.63,16.72,16.56,16.7,199326400,AAPL
2014-03-12,31.4,31.92,31.39,31.79,30494100,MSFT
2014-03-12,15.43,16.5,15.41,16.1,146316000,TSLA
2014-03-13,151.81,151.93,149.24,149.66,155014300,SPY
2014-03-13,0.43,0.44,0.42,0.42,385172000,NVDA
2014-03-13,16.72,16.79,16.47,16.51,257742800,AAPL
2014-03-13,31.91,31.94,31.27,31.47,32169700,MSFT
2014-03-13,16.25,16.28,15.6,15.85,93544500,TSLA
2014-03-14,149.39,150.16,149.06,149.24,153919600,SPY
2014-03-14,0.41,0.42,0.41,0.42,460048000,NVDA
2014-03-14,16.46,16.52,16.27,16.33,237199200,AAPL
2014-03-14,31.27,31.68,31.16,31.32,27195600,MSFT
2014-03-14,15.69,15.8,15.22,15.4,124345500,TSLA
2014-03-17,149.99,150.94,149.92,150.59,98359500,SPY
2014-03-17,0.42,0.43,0.42,0.42,299656000,NVDA
2014-03-17,16.42,16.49,16.36,16.39,199544800,AAPL
2014-03-17,31.48,31.9,31.39,31.61,20479600,MSFT
2014-03-17,15.66,15.86,15.37,15.6,88689000,TSLA
2014-03-18,150.89,151.86,150.73,151.66,101804600,SPY
2014-03-18,0.42,0.43,0.42,0.43,293904000,NVDA
2014-03-18,16.37,16.55,16.34,16.54,209647200,AAPL
2014-03-18,31.78,33.14,31.75,32.85,64063900,MSFT
2014-03-18,15.8,16.1,15.67,16.0,93634500,TSLA
2014-03-19,151.68,151.89,149.89,150.85,176267300,SPY
2014-03-19,0.43,0.45,0.43,0.44,366168000,NVDA
2014-03-19,16.56,16.69,16.46,16.53,224756000,AAPL
2014-03-19,32.79,32.85,32.32,32.62,35597200,MSFT
2014-03-19,16.09,16.1,15.57,15.72,76069500,TSLA
2014-03-20,150.52,151.85,150.26,151.73,117241000,SPY
2014-03-20,0.44,0.44,0.43,0.44,191800000,NVDA
2014-03-20,16.49,16.58,16.41,16.45,208398400,AAPL
2014-03-20,32.6,33.77,32.59,33.5,59269800,MSFT
2014-03-20,15.74,15.95,15.56,15.66,57268500,TSLA
2014-03-21,152.37,153.44,151.01,151.15,163128000,SPY
2014-03-21,0.44,0.45,0.44,0.44,566116000,NVDA
2014-03-21,16.55,16.61,16.38,16.58,374046400,AAPL
2014-03-21,33.82,34.01,33.23,33.36,80721800,MSFT
2014-03-21,15.73,15.75,15.17,15.26,123253500,TSLA
2014-03-24,151.67,151.85,149.86,150.52,121411000,SPY
2014-03-24,0.44,0.44,0.43,0.44,306096000,NVDA
2014-03-24,16.75,16.82,16.65,16.78,355700800,AAPL
2014-03-24,33.51,33.76,33.11,33.64,46098400,MSFT
2014-03-24,15.32,15.33,14.02,14.68,169932000,TSLA
2014-03-25,151.28,151.75,150.39,151.24,103852000,SPY
2014-03-25,0.44,0.44,0.43,0.44,304424000,NVDA
2014-03-25,16.85,16.98,16.79,16.96,282293200,AAPL
2014-03-25,33.77,34.05,33.19,33.51,43193100,MSFT
2014-03-25,14.94,15.14,14.53,14.7,117981000,TSLA
2014-03-26,151.83,152.07,150.11,150.15,119843000,SPY
2014-03-26,0.44,0.45,0.42,0.43,557756000,NVDA
2014-03-26,17.01,17.08,16.77,16.8,299768000,AAPL
2014-03-26,33.62,33.82,32.89,33.05,41977500,MSFT
2014-03-26,14.8,14.84,14.09,14.2,103609500,TSLA
2014-03-27,149.97,150.45,149.28,149.83,142383000,SPY
2014-03-27,0.42,0.43,0.42,0.42,540728000,NVDA
2014-03-27,16.8,16.85,16.65,16.72,222031600,AAPL
2014-03-27,33.01,33.2,32.68,32.69,35369200,MSFT
2014-03-27,14.16,14.24,13.53,13.82,142435500,TSLA
2014-03-28,150.26,151.32,150.17,150.57,101642000,SPY
2014-03-28,0.42,0.43,0.42,0.42,398820000,NVDA
2014-03-28,16.75,16.77,16.63,16.71,200564000,AAPL
2014-03-28,33.05,33.76,32.96,33.47,43472700,MSFT
2014-03-28,14.19,14.45,14.02,14.16,145272000,TSLA
2014-03-31,151.53,152.04,150.59,151.8,99745000,SPY
2014-03-31,0.42,0.43,0.42,0.42,273404000,NVDA
2014-03-31,16.78,16.83,16.68,16.7,168669200,AAPL
2014-03-31,33.58,34.47,33.56,34.05,46886300,MSFT
2014-03-31,14.43,14.45,13.76,13.9,125700000,TSLA
2014-04-01,152.3,152.9,151.8,152.81,89193000,SPY
2014-04-01,0.44,0.45,0.43,0.44,656272000,NVDA
2014-04-01,16.73,16.86,16.7,16.86,200760000,AAPL
2014-04-01,34.18,34.55,34.11,34.41,32605000,MSFT
2014-04-01,13.93,14.54,13.91,14.46,110571000,TSLA
2014-04-02,153.01,153.52,152.72,153.32,78774000,SPY
2014-04-02,0.44,0.44,0.44,0.44,239948000,NVDA
2014-04-02,16.88,16.91,16.81,16.88,180420800,AAPL
2014-04-02,34.42,34.6,34.2,34.35,28666700,MSFT
2014-04-02,14.67,15.39,14.54,15.35,161734500,TSLA
2014-04-03,153.56,153.6,152.65,153.12,77435000,SPY
2014-04-03,0.44,0.45,0.44,0.44,599548000,NVDA
2014-04-03,16.85,16.88,16.73,16.77,162344000,AAPL
2014-04-03,34.3,34.3,33.82,34.06,30139600,MSFT
2014-04-03,15.35,15.72,14.8,15.03,163855500,TSLA
2014-04-04,153.95,153.99,151.07,151.31,169381000,SPY
2014-04-04,0.44,0.45,0.43,0.43,368032000,NVDA
2014-04-04,16.8,16.8,16.51,16.55,275251200,AAPL
2014-04-04,34.26,34.38,32.93,33.12,51409600,MSFT
2014-04-04,15.07,15.22,14.08,14.15,170184000,TSLA
2014-04-07,150.94,151.2,149.33,149.64,140803000,SPY
2014-04-07,0.43,0.44,0.43,0.43,428576000,NVDA
2014-04-07,16.43,16.52,16.24,16.29,289850400,AAPL
2014-04-07,33.19,33.45,33.01,33.06,37559600,MSFT
2014-04-07,13.72,14.41,13.57,13.83,147832500,TSLA
2014-04-08,149.57,150.5,149.03,150.25,112660000,SPY
2014-04-08,0.43,0.45,0.43,0.45,470692000,NVDA
2014-04-08,16.34,16.37,16.14,16.29,243888400,AAPL
2014-04-08,33.02,33.17,32.56,33.08,35918600,MSFT
2014-04-08,14.0,14.43,13.76,14.36,103339500,TSLA
2014-04-09,150.66,151.92,150.22,151.87,100254000,SPY
2014-04-09,0.45,0.45,0.44,0.45,421968000,NVDA
2014-04-09,16.26,16.51,16.24,16.5,206169600,AAPL
2014-04-09,33.17,33.68,33.13,33.62,27398700,MSFT
2014-04-09,14.45,14.56,14.06,14.46,77368500,TSLA
2014-04-10,151.86,151.93,148.49,148.68,172959000,SPY
2014-04-10,0.44,0.45,0.43,0.43,372748000,NVDA
2014-04-10,16.51,16.56,16.28,16.29,239652000,AAPL
2014-04-10,33.59,33.8,32.47,32.69,45960800,MSFT
2014-04-10,14.45,14.5,13.59,13.61,108172500,TSLA
2014-04-11,147.85,148.89,147.18,147.34,167251000,SPY
2014-04-11,0.43,0.44,0.42,0.43,353112000,NVDA
2014-04-11,16.15,16.27,16.09,16.17,271717600,AAPL
2014-04-11,32.39,33.05,32.39,32.57,34330200,MSFT
2014-04-11,13.37,13.8,13.24,13.59,136008000,TSLA
2014-04-14,148.49,148.85,147.28,148.5,132382000,SPY
2014-04-14,0.43,0.43,0.43,0.43,290184000,NVDA
2014-04-14,16.24,16.25,16.09,16.23,205674000,AAPL
2014-04-14,32.49,32.74,32.31,32.54,32006600,MSFT
2014-04-14,13.84,13.9,12.96,13.21,115545000,TSLA
2014-04-15,148.81,149.63,147.34,149.52,157093000,SPY
2014-04-15,0.43,0.44,0.43,0.44,304636000,NVDA
2014-04-15,16.19,16.23,15.91,16.12,266490000,AAPL
2014-04-15,32.68,33.19,32.44,33.02,33968700,MSFT
2014-04-15,13.27,13.29,12.29,12.93,204889500,TSLA
2014-04-16,150.55,151.1,149.89,151.09,105197000,SPY
2014-04-16,0.44,0.44,0.43,0.44,235136000,NVDA
2014-04-16,16.12,16.22,16.0,16.15,214765600,AAPL
2014-04-16,33.28,33.57,33.15,33.56,30615800,MSFT
2014-04-16,13.13,13.33,12.72,13.27,108033000,TSLA
2014-04-17,150.89,151.72,150.63,151.3,105255000,SPY
2014-04-17,0.44,0.44,0.43,0.44,153532000,NVDA
2014-04-17,16.18,16.42,16.16,16.34,284334400,AAPL
2014-04-17,33.23,33.39,32.82,33.23,36688400,MSFT
2014-04-17,13.31,13.49,12.94,13.21,88902000,TSLA
2014-04-21,151.34,151.88,151.15,151.83,68329000,SPY
2014-04-21,0.44,0.44,0.44,0.44,117004000,NVDA
2014-04-21,16.35,16.56,16.3,16.53,182548800,AAPL
2014-04-21,33.33,33.35,33.05,33.18,22221200,MSFT
2014-04-21,13.14,13.75,12.93,13.63,78873000,TSLA
2014-04-22,151.98,152.93,151.9,152.52,85790000,SPY
2014-04-22,0.44,0.45,0.44,0.45,255120000,NVDA
2014-04-22,16.44,16.55,16.38,16.55,202563200,AAPL
2014-04-22,33.19,33.34,33.08,33.22,27056700,MSFT
2014-04-22,13.76,14.62,13.67,14.58,147070500,TSLA
2014-04-23,152.46,152.54,152.04,152.16,73869000,SPY
2014-04-23,0.45,0.45,0.45,0.45,261580000,NVDA
2014-04-23,16.46,16.53,16.32,16.33,394940000,AAPL
2014-04-23,33.22,33.22,32.79,32.97,24602800,MSFT
2014-04-23,14.42,14.45,13.8,13.87,109434000,TSLA
2014-04-24,152.91,152.92,151.74,152.47,88170000,SPY
2014-04-24,0.45,0.46,0.45,0.45,391492000,NVDA
2014-04-24,17.68,17.74,17.45,17.67,759911600,AAPL
2014-04-24,33.01,33.2,32.64,33.11,42381600,MSFT
2014-04-24,14.05,14.19,13.55,13.86,82428000,TSLA
2014-04-25,151.97,152.06,150.88,151.22,100380000,SPY
2014-04-25,0.45,0.46,0.44,0.44,313600000,NVDA
2014-04-25,17.57,17.8,17.55,17.8,390275200,AAPL
2014-04-25,33.47,33.79,33.02,33.15,56876800,MSFT
2014-04-25,13.47,13.78,13.18,13.32,104950500,TSLA
2014-04-28,151.84,152.36,150.14,151.7,135121000,SPY
2014-04-28,0.45,0.45,0.44,0.44,226788000,NVDA
2014-04-28,17.82,18.54,17.82,18.49,669485600,AAPL
2014-04-28,33.34,34.3,33.3,33.95,50610200,MSFT
2014-04-28,13.33,13.59,12.7,13.23,105630000,TSLA
2014-04-29,152.19,152.64,151.86,152.4,84098000,SPY
2014-04-29,0.44,0.44,0.44,0.44,171300000,NVDA
2014-04-29,18.48,18.55,18.34,18.43,337377600,AAPL
2014-04-29,34.14,34.21,33.55,33.65,29636200,MSFT
2014-04-29,13.21,13.81,13.04,13.79,86686500,TSLA
2014-04-30,152.15,153.01,151.94,152.86,101508000,SPY
2014-04-30,0.44,0.44,0.44,0.44,305740000,NVDA
2014-04-30,18.44,18.65,18.35,18.36,456640800,AAPL
2014-04-30,33.56,33.64,33.37,33.56,35458700,MSFT
2014-04-30,13.57,13.88,13.42,13.86,66609000,TSLA
2014-05-01,152.79,153.29,152.39,152.88,93019000,SPY
2014-05-01,0.44,0.44,0.44,0.44,198104000,NVDA
2014-05-01,18.42,18.51,18.25,18.41,244048000,AAPL
2014-05-01,33.42,33.52,33.18,33.23,28787400,MSFT
2014-05-01,13.81,14.27,13.71,13.85,81598500,TSLA
2014-05-02,152.86,153.53,152.43,152.66,98122000,SPY
2014-05-02,0.44,0.44,0.43,0.44,156376000,NVDA
2014-05-02,18.43,18.49,18.35,18.44,191514400,AAPL
2014-05-02,33.48,33.51,32.94,32.97,43416600,MSFT
2014-05-02,13.91,14.09,13.77,14.06,61302000,TSLA
2014-05-05,151.91,153.05,151.49,152.95,75883000,SPY
2014-05-05,0.43,0.44,0.43,0.44,239260000,NVDA
2014-05-05,18.36,18.7,18.36,18.7,287067200,AAPL
2014-05-05,32.83,32.93,32.64,32.75,22460900,MSFT
2014-05-05,13.97,14.51,13.9,14.44,77205000,TSLA
2014-05-06,152.61,152.71,151.58,151.62,85454000,SPY
2014-05-06,0.44,0.45,0.43,0.43,416188000,NVDA
2014-05-06,18.73,18.81,18.5,18.5,374564400,AAPL
2014-05-06,32.64,32.69,32.35,32.44,27112400,MSFT
2014-05-06,14.44,14.58,13.79,13.82,84550500,TSLA
2014-05-07,152.13,152.58,150.99,152.51,106500000,SPY
2014-05-07,0.43,0.44,0.43,0.43,293900000,NVDA
2014-05-07,18.52,18.59,18.29,18.43,282864400,AAPL
2014-05-07,32.58,32.82,31.99,32.74,41744500,MSFT
2014-05-07,13.98,14.01,13.15,13.42,152689500,TSLA
2014-05-08,152.37,153.46,151.86,152.35,93618000,SPY
2014-05-08,0.43,0.44,0.43,0.44,432728000,NVDA
2014-05-08,18.41,18.6,18.35,18.4,230297200,AAPL
2014-05-08,32.68,33.14,32.37,32.93,32120400,MSFT
2014-05-08,12.13,12.96,11.87,11.91,300849000,TSLA
2014-05-09,152.37,152.64,151.66,152.57,83679000,SPY
2014-05-09,0.42,0.43,0.42,0.43,539532000,NVDA
2014-05-09,18.29,18.35,18.16,18.32,291597600,AAPL
2014-05-09,32.84,33.1,32.7,32.84,29647600,MSFT
2014-05-09,11.99,12.23,11.81,12.15,127428000,TSLA
2014-05-12,153.26,154.13,152.61,154.06,86940000,SPY
2014-05-12,0.43,0.44,0.43,0.44,299856000,NVDA
2014-05-12,18.38,18.58,18.38,18.55,213208800,AAPL
2014-05-12,33.01,33.24,32.93,33.2,22782600,MSFT
2014-05-12,12.26,12.48,11.99,12.31,105034500,TSLA
2014-05-13,154.26,154.57,154.04,154.2,66454000,SPY
2014-05-13,0.43,0.44,0.43,0.43,221104000,NVDA
2014-05-13,18.53,18.6,18.48,18.58,159737200,AAPL
2014-05-13,33.39,33.88,33.33,33.81,27004800,MSFT
2014-05-13,12.25,12.76,12.2,12.68,106458000,TSLA
2014-05-14,154.06,154.13,153.25,153.47,72367000,SPY
2014-05-14,0.43,0.43,0.43,0.43,214320000,NVDA
2014-05-14,18.54,18.69,18.52,18.58,166404000,AAPL
2014-05-14,33.71,33.84,33.5,33.66,18818700,MSFT
2014-05-14,12.6,12.9,12.47,12.71,81100500,TSLA
2014-05-15,153.16,153.19,151.37,152.12,154956000,SPY
2014-05-15,0.43,0.43,0.42,0.43,325896000,NVDA
2014-05-15,18.61,18.67,18.4,18.43,230846000,AAPL
2014-05-15,33.54,33.79,33.05,33.13,37793200,MSFT
2014-05-15,12.67,12.84,12.35,12.57,90606000,TSLA
2014-05-16,152.21,152.71,151.57,152.65,97458000,SPY
2014-05-16,0.42,0.43,0.42,0.42,283960000,NVDA
2014-05-16,18.42,18.7,18.32,18.7,276256400,AAPL
2014-05-16,33.18,33.33,32.85,33.32,29867100,MSFT
2014-05-16,12.6,12.8,12.51,12.77,67315500,TSLA
2014-05-19,152.36,153.33,152.22,153.21,63839000,SPY
2014-05-19,0.43,0.44,0.43,0.44,360076000,NVDA
2014-05-19,18.71,19.0,18.69,18.92,317755200,AAPL
2014-05-19,33.13,33.31,33.01,33.25,24537400,MSFT
2014-05-19,12.71,13.13,12.67,13.07,68575500,TSLA
2014-05-20,153.14,153.15,151.85,152.24,111644000,SPY
2014-05-20,0.44,0.44,0.43,0.43,256200000,NVDA
2014-05-20,18.92,18.98,18.8,18.92,234836000,AAPL
2014-05-20,33.19,33.41,33.01,33.19,21320900,MSFT
2014-05-20,13.13,13.29,12.87,13.02,83191500,TSLA
2014-05-21,152.68,153.6,152.66,153.52,89093000,SPY
2014-05-21,0.43,0.44,0.43,0.43,216712000,NVDA
2014-05-21,18.9,18.99,18.84,18.97,196859600,AAPL
2014-05-21,33.29,33.75,33.24,33.75,22398700,MSFT
2014-05-21,13.08,13.32,12.99,13.3,79281000,TSLA
2014-05-22,153.57,154.21,153.31,153.9,61549000,SPY
2014-05-22,0.43,0.44,0.43,0.43,130364000,NVDA
2014-05-22,18.98,19.08,18.9,19.0,200760000,AAPL
2014-05-22,33.7,33.75,33.33,33.54,20201800,MSFT
2014-05-22,13.36,13.79,13.3,13.66,93217500,TSLA
2014-05-23,154.04,154.62,153.9,154.52,61092800,SPY
2014-05-23,0.44,0.44,0.43,0.44,182656000,NVDA
2014-05-23,19.0,19.24,18.98,19.22,232209600,AAPL
2014-05-23,33.77,33.77,33.46,33.56,18020000,MSFT
2014-05-23,13.64,13.85,13.5,13.82,60102000,TSLA
2014-05-27,155.09,155.51,155.0,155.46,72010000,SPY
2014-05-27,0.44,0.45,0.44,0.45,209680000,NVDA
2014-05-27,19.27,19.58,19.26,19.58,348866000,AAPL
2014-05-27,33.68,33.68,33.3,33.62,26160600,MSFT
2014-05-27,13.9,14.26,13.85,14.1,80116500,TSLA
2014-05-28,155.46,155.71,155.09,155.35,66723000,SPY
2014-05-28,0.45,0.45,0.44,0.45,224676000,NVDA
2014-05-28,19.59,19.71,19.52,19.53,315481600,AAPL
2014-05-28,33.58,33.62,33.31,33.47,25711500,MSFT
2014-05-28,14.0,14.18,13.68,14.02,82426500,TSLA
2014-05-29,155.71,156.18,155.31,156.15,64377000,SPY
2014-05-29,0.45,0.45,0.45,0.45,171884000,NVDA
2014-05-29,19.65,19.93,19.64,19.88,376474000,AAPL
2014-05-29,33.59,33.75,33.38,33.74,19888200,MSFT
2014-05-29,14.04,14.17,13.85,14.02,55387500,TSLA
2014-05-30,156.01,156.5,155.88,156.41,76316000,SPY
2014-05-30,0.45,0.45,0.45,0.45,239128000,NVDA
2014-05-30,19.96,20.16,19.68,19.81,564020800,AAPL
2014-05-30,33.84,34.27,33.67,34.25,34567600,MSFT
2014-05-30,14.02,14.32,13.8,13.85,83716500,TSLA
2014-06-02,156.63,156.66,155.83,156.59,64656000,SPY
2014-06-02,0.45,0.46,0.45,0.45,181500000,NVDA
2014-06-02,19.84,19.87,19.48,19.67,369350800,AAPL
2014-06-02,34.25,34.37,34.03,34.12,18504300,MSFT
2014-06-02,13.82,13.96,13.44,13.65,70021500,TSLA
2014-06-03,156.2,156.58,156.06,156.5,65047000,SPY
2014-06-03,0.45,0.45,0.44,0.45,243212000,NVDA
2014-06-03,19.67,19.99,19.66,19.95,292709200,AAPL
2014-06-03,33.96,34.03,33.67,33.7,18068900,MSFT
2014-06-03,13.57,13.87,13.51,13.66,57912000,TSLA
2014-06-04,156.24,156.91,156.07,156.82,55529000,SPY
2014-06-04,0.45,0.45,0.45,0.45,161236000,NVDA
2014-06-04,19.95,20.27,19.91,20.18,335482000,AAPL
2014-06-04,33.64,33.77,33.34,33.73,23209000,MSFT
2014-06-04,13.62,13.75,13.36,13.6,51411000,TSLA
2014-06-05,157.0,158.01,156.42,157.84,92103000,SPY
2014-06-05,0.45,0.45,0.45,0.45,188696000,NVDA
2014-06-05,20.22,20.32,20.11,20.26,303805600,AAPL
2014-06-05,33.95,34.51,33.79,34.47,31865200,MSFT
2014-06-05,13.63,13.95,13.6,13.79,60819000,TSLA
2014-06-06,158.18,158.64,158.11,158.6,78696000,SPY
2014-06-06,0.45,0.46,0.45,0.45,161052000,NVDA
2014-06-06,20.34,20.38,20.17,20.2,349938400,AAPL
2014-06-06,34.7,34.85,34.5,34.7,24060500,MSFT
2014-06-06,13.98,14.05,13.81,13.88,46107000,TSLA
2014-06-09,158.57,159.14,158.43,158.76,65119000,SPY
2014-06-09,0.45,0.46,0.45,0.45,247456000,NVDA
2014-06-09,20.31,20.56,20.1,20.52,301660000,AAPL
2014-06-09,34.62,34.7,34.31,34.52,15019200,MSFT
2014-06-09,13.86,14.0,13.61,13.69,42085500,TSLA
2014-06-10,158.57,158.81,158.22,158.78,57129000,SPY
2014-06-10,0.45,0.46,0.45,0.45,217608000,NVDA
2014-06-10,20.75,20.82,20.5,20.65,251108000,AAPL
2014-06-10,34.32,34.43,34.18,34.39,15117700,MSFT
2014-06-10,13.63,13.8,13.44,13.49,52720500,TSLA
2014-06-11,158.21,158.39,157.87,158.22,68772000,SPY
2014-06-11,0.45,0.46,0.45,0.46,266228000,NVDA
2014-06-11,20.62,20.76,20.47,20.56,182724000,AAPL
2014-06-11,34.24,34.35,34.1,34.18,18040000,MSFT
2014-06-11,13.43,13.67,13.28,13.63,59662500,TSLA
2014-06-12,158.04,158.13,156.76,157.1,106350000,SPY
2014-06-12,0.46,0.47,0.46,0.46,337148000,NVDA
2014-06-12,20.6,20.62,20.13,20.22,218996000,AAPL
2014-06-12,34.14,34.2,33.7,33.95,29818900,MSFT
2014-06-12,13.67,13.99,13.51,13.57,89905500,TSLA
2014-06-13,157.41,157.74,156.91,157.58,82017000,SPY
2014-06-13,0.47,0.47,0.46,0.46,227852000,NVDA
2014-06-13,20.2,20.25,19.91,19.99,218100000,AAPL
2014-06-13,34.38,34.77,34.18,34.49,26310000,MSFT
2014-06-13,13.65,13.79,13.44,13.76,53164500,TSLA
2014-06-16,157.39,158.05,157.2,157.71,87424000,SPY
2014-06-16,0.46,0.47,0.46,0.46,198620000,NVDA
2014-06-16,20.04,20.32,20.03,20.2,142244000,AAPL
2014-06-16,34.33,34.81,34.33,34.71,24205300,MSFT
2014-06-16,13.78,15.03,13.75,14.97,198696000,TSLA
2014-06-17,157.49,158.27,157.32,158.15,84834000,SPY
2014-06-17,0.46,0.47,0.46,0.47,157608000,NVDA
2014-06-17,20.22,20.31,20.11,20.17,118904000,AAPL
2014-06-17,34.54,35.06,33.74,34.87,22518600,MSFT
2014-06-17,14.94,15.7,14.86,15.44,199573500,TSLA
2014-06-18,158.15,159.4,157.8,159.31,105267000,SPY
2014-06-18,0.46,0.47,0.46,0.46,215536000,NVDA
2014-06-18,20.21,20.22,20.01,20.19,134056000,AAPL
2014-06-18,34.81,34.92,34.45,34.84,27097000,MSFT
2014-06-18,15.43,15.45,15.07,15.14,104103000,TSLA
2014-06-19,159.45,159.59,158.94,159.49,85929000,SPY
2014-06-19,0.46,0.46,0.45,0.45,474592000,NVDA
2014-06-19,20.22,20.22,20.01,20.12,142112000,AAPL
2014-06-19,34.77,34.94,34.57,34.72,19828200,MSFT
2014-06-19,15.26,15.69,15.13,15.19,131896500,TSLA
2014-06-20,159.89,159.95,159.62,159.81,100587000,SPY
2014-06-20,0.46,0.46,0.45,0.45,353148000,NVDA
2014-06-20,20.12,20.27,19.91,19.91,403592000,AAPL
2014-06-20,34.67,34.99,34.61,34.87,47764900,MSFT
2014-06-20,15.23,15.42,15.08,15.31,73558500,TSLA
2014-06-23,159.86,159.9,159.47,159.77,70611000,SPY
2014-06-23,0.44,0.44,0.44,0.44,414200000,NVDA
2014-06-23,20.0,20.07,19.85,19.9,174776000,AAPL
2014-06-23,34.91,35.13,34.87,35.12,18743900,MSFT
2014-06-23,15.3,15.93,15.21,15.81,116866500,TSLA
2014-06-24,159.48,160.27,158.62,158.8,96237000,SPY
2014-06-24,0.44,0.45,0.44,0.44,275780000,NVDA
2014-06-24,19.88,20.1,19.76,19.78,156144000,AAPL
2014-06-24,34.99,35.08,34.76,34.92,26509100,MSFT
2014-06-24,15.93,16.13,15.44,15.5,121138500,TSLA
2014-06-25,158.47,159.68,158.44,159.52,82782000,SPY
2014-06-25,0.44,0.44,0.43,0.44,215420000,NVDA
2014-06-25,19.76,19.87,19.64,19.79,147476000,AAPL
2014-06-25,34.88,35.17,34.68,35.16,20049100,MSFT
2014-06-25,15.54,15.84,15.35,15.79,87024000,TSLA
2014-06-26,159.55,159.56,158.34,159.41,84312000,SPY
2014-06-26,0.44,0.44,0.43,0.44,256908000,NVDA
2014-06-26,19.8,19.94,19.67,19.91,130516000,AAPL
2014-06-26,35.07,35.08,34.66,34.9,23604400,MSFT
2014-06-26,15.81,16.03,15.61,15.71,76821000,TSLA
2014-06-27,159.03,159.77,158.96,159.72,71445100,SPY
2014-06-27,0.44,0.44,0.43,0.44,302820000,NVDA
2014-06-27,19.89,20.15,19.88,20.15,256116000,AAPL
2014-06-27,34.81,35.38,34.72,35.34,74640000,MSFT
2014-06-27,15.65,16.0,15.63,15.94,84525000,TSLA
2014-06-30,159.62,160.0,159.48,159.64,70201200,SPY
2014-06-30,0.43,0.44,0.43,0.44,180512000,NVDA
2014-06-30,20.17,20.53,20.17,20.36,197929200,AAPL
2014-06-30,35.28,35.31,34.88,34.88,30793100,MSFT
2014-06-30,15.97,16.3,15.93,16.0,72429000,TSLA
2014-07-01,160.03,161.19,159.97,160.7,90470000,SPY
2014-07-01,0.44,0.45,0.44,0.44,321180000,NVDA
2014-07-01,20.49,20.61,20.4,20.49,152892000,AAPL
2014-07-01,35.02,35.26,34.87,35.02,26917000,MSFT
2014-07-01,16.16,16.23,15.91,15.98,65041500,TSLA
2014-07-02,160.72,161.07,160.65,160.87,52475000,SPY
2014-07-02,0.44,0.45,0.44,0.44,179284000,NVDA
2014-07-02,20.56,20.6,20.39,20.48,113860000,AAPL
2014-07-02,34.91,35.05,34.74,35.05,20208100,MSFT
2014-07-02,16.04,16.16,15.14,15.3,120411000,TSLA
2014-07-03,161.32,161.73,161.2,161.66,52938800,SPY
2014-07-03,0.44,0.45,0.44,0.45,136892000,NVDA
2014-07-03,20.52,20.61,20.42,20.6,91567200,AAPL
2014-07-03,35.06,35.12,34.76,34.97,15969300,MSFT
2014-07-03,15.42,15.46,14.93,15.28,77500500,TSLA
2014-07-07,161.35,161.48,160.86,161.1,61696000,SPY
2014-07-07,0.45,0.45,0.44,0.44,127496000,NVDA
2014-07-07,20.62,21.03,20.61,21.02,225872000,AAPL
2014-07-07,34.92,35.23,34.89,35.12,21952400,MSFT
2014-07-07,15.17,15.32,14.69,14.84,88405500,TSLA
2014-07-08,160.8,160.86,159.67,160.06,108143000,SPY
2014-07-08,0.44,0.44,0.44,0.44,221940000,NVDA
2014-07-08,21.09,21.2,20.57,20.89,260888000,AAPL
2014-07-08,35.02,35.13,34.81,34.95,31218200,MSFT
2014-07-08,14.58,14.73,14.28,14.6,117543000,TSLA
2014-07-09,160.46,160.92,160.12,160.78,72992000,SPY
2014-07-09,0.44,0.46,0.44,0.45,387668000,NVDA
2014-07-09,20.91,21.02,20.76,20.89,145744000,AAPL
2014-07-09,35.12,35.12,34.74,34.86,18445900,MSFT
2014-07-09,14.75,14.95,14.61,14.87,61731000,TSLA
2014-07-10,159.23,160.57,159.1,160.14,99040000,SPY
2014-07-10,0.44,0.45,0.44,0.45,266308000,NVDA
2014-07-10,20.54,20.93,20.49,20.82,158744000,AAPL
2014-07-10,34.61,35.13,34.34,34.87,21854700,MSFT
2014-07-10,14.48,14.81,14.4,14.63,72958500,TSLA
2014-07-11,160.04,160.48,159.68,160.36,64243000,SPY
2014-07-11,0.45,0.45,0.45,0.45,191188000,NVDA
2014-07-11,20.89,21.0,20.78,20.86,136072000,AAPL
2014-07-11,34.88,35.21,34.7,35.21,24083000,MSFT
2014-07-11,14.71,14.77,14.51,14.54,49534500,TSLA
2014-07-14,161.18,161.38,161.04,161.17,58658000,SPY
2014-07-14,0.45,0.46,0.45,0.46,272636000,NVDA
2014-07-14,21.0,21.22,20.95,21.13,171240000,AAPL
2014-07-14,35.32,35.51,35.17,35.25,21881100,MSFT
2014-07-14,14.67,15.25,14.36,15.11,108048000,TSLA
2014-07-15,161.27,161.58,160.16,160.87,111307000,SPY
2014-07-15,0.46,0.46,0.46,0.46,395440000,NVDA
2014-07-15,21.2,21.21,20.82,20.88,181911600,AAPL
2014-07-15,35.41,35.53,35.16,35.51,28748700,MSFT
2014-07-15,15.12,15.18,14.54,14.64,85777500,TSLA
2014-07-16,161.58,161.71,161.02,161.46,79986400,SPY
2014-07-16,0.46,0.47,0.46,0.46,319728000,NVDA
2014-07-16,21.24,21.27,20.75,20.76,213585200,AAPL
2014-07-16,35.56,37.07,35.53,36.87,63318000,MSFT
2014-07-16,14.79,14.99,14.45,14.48,60667500,TSLA
2014-07-17,160.96,161.58,159.4,159.63,145398000,SPY
2014-07-17,0.45,0.46,0.45,0.46,324832000,NVDA
2014-07-17,20.82,20.87,20.28,20.39,229192000,AAPL
2014-07-17,38.02,38.24,37.02,37.25,82180300,MSFT
2014-07-17,14.41,14.7,14.24,14.36,69741000,TSLA
2014-07-18,160.15,161.42,160.06,161.26,124330000,SPY
2014-07-18,0.45,0.45,0.44,0.44,567816000,NVDA
2014-07-18,20.51,20.75,20.38,20.68,199952000,AAPL
2014-07-18,37.35,37.51,37.02,37.38,43407500,MSFT
2014-07-18,14.4,14.75,14.4,14.67,63805500,TSLA
2014-07-21,160.75,161.09,160.21,160.96,67592000,SPY
2014-07-21,0.44,0.44,0.44,0.44,243364000,NVDA
2014-07-21,20.81,20.81,20.53,20.58,156316000,AAPL
2014-07-21,37.27,37.78,36.99,37.51,37604400,MSFT
2014-07-21,14.48,14.88,14.45,14.7,57333000,TSLA
2014-07-22,161.5,161.95,161.39,161.66,67678000,SPY
2014-07-22,0.44,0.45,0.44,0.44,298816000,NVDA
2014-07-22,20.74,20.79,20.62,20.75,220788000,AAPL
2014-07-22,37.64,37.77,37.3,37.5,43095800,MSFT
2014-07-22,14.81,14.89,14.61,14.64,40950000,TSLA
2014-07-23,161.9,162.19,161.58,162.02,65612000,SPY
2014-07-23,0.44,0.44,0.43,0.43,297352000,NVDA
2014-07-23,20.9,21.44,20.85,21.29,371672000,AAPL
2014-07-23,38.02,38.02,37.32,37.53,52362900,MSFT
2014-07-23,14.67,14.98,14.63,14.83,46249500,TSLA
2014-07-24,162.17,162.36,161.86,162.03,56888000,SPY
2014-07-24,0.43,0.43,0.43,0.43,254576000,NVDA
2014-07-24,21.26,21.32,21.12,21.25,182916000,AAPL
2014-07-24,37.58,37.64,37.07,37.14,30725300,MSFT
2014-07-24,14.88,15.01,14.72,14.9,48682500,TSLA
2014-07-25,161.57,161.71,160.95,161.27,76837000,SPY
2014-07-25,0.43,0.43,0.42,0.42,266132000,NVDA
2014-07-25,21.21,21.43,21.17,21.39,173876000,AAPL
2014-07-25,37.06,37.36,37.06,37.22,26737700,MSFT
2014-07-25,14.85,15.13,14.78,14.9,46306500,TSLA
2014-07-28,161.3,161.57,160.37,161.33,69259000,SPY
2014-07-28,0.42,0.42,0.41,0.42,330352000,NVDA
2014-07-28,21.43,21.74,21.37,21.69,221272000,AAPL
2014-07-28,37.11,37.23,36.75,36.78,29684200,MSFT
2014-07-28,14.95,15.47,14.76,14.99,97714500,TSLA
2014-07-29,161.63,161.86,160.61,160.64,80466000,SPY
2014-07-29,0.42,0.43,0.42,0.42,217972000,NVDA
2014-07-29,21.76,21.78,21.52,21.55,172572000,AAPL
2014-07-29,36.73,36.88,36.5,36.71,27763100,MSFT
2014-07-29,15.11,15.22,14.99,15.0,50736000,TSLA
2014-07-30,161.21,161.42,159.99,160.66,104222000,SPY
2014-07-30,0.42,0.43,0.42,0.43,246184000,NVDA
2014-07-30,21.56,21.62,21.39,21.5,132040000,AAPL
2014-07-30,36.86,36.89,36.21,36.45,31921400,MSFT
2014-07-30,14.79,15.31,14.74,15.26,73917000,TSLA
2014-07-31,159.55,159.68,157.39,157.49,183479000,SPY
2014-07-31,0.42,0.43,0.41,0.42,401880000,NVDA
2014-07-31,21.28,21.35,20.88,20.94,227372000,AAPL
2014-07-31,36.29,36.55,36.04,36.1,31537500,MSFT
2014-07-31,15.28,15.43,14.77,14.89,116236500,TSLA
2014-08-01,157.06,158.04,156.25,157.01,189261000,SPY
2014-08-01,0.42,0.42,0.41,0.42,219884000,NVDA
2014-08-01,20.79,21.16,20.77,21.06,194044000,AAPL
2014-08-01,36.15,36.18,35.63,35.85,31170300,MSFT
2014-08-01,15.07,15.83,15.07,15.55,178437000,TSLA
2014-08-04,157.31,158.48,156.64,158.14,91340000,SPY
2014-08-04,0.42,0.42,0.42,0.42,241724000,NVDA
2014-08-04,21.11,21.16,20.85,20.94,159832000,AAPL
2014-08-04,35.94,36.36,35.81,36.28,34277400,MSFT
2014-08-04,15.63,16.03,15.55,15.9,89395500,TSLA
2014-08-05,157.5,157.91,156.04,156.61,152690000,SPY
2014-08-05,0.42,0.43,0.41,0.42,298136000,NVDA
2014-08-05,20.89,20.96,20.67,20.84,223732000,AAPL
2014-08-05,36.23,36.35,35.83,36.04,26266400,MSFT
2014-08-05,15.83,16.2,15.71,15.9,80829000,TSLA
2014-08-06,155.88,157.33,155.85,156.66,94818000,SPY
2014-08-06,0.42,0.42,0.41,0.42,223456000,NVDA
2014-08-06,20.75,20.91,20.75,20.8,154232000,AAPL
2014-08-06,35.75,36.11,35.31,35.75,24634000,MSFT
2014-08-06,15.93,16.76,15.91,16.6,138739500,TSLA
2014-08-07,157.37,157.52,155.42,155.81,135733000,SPY
2014-08-07,0.42,0.43,0.41,0.41,407696000,NVDA
2014-08-07,20.9,21.12,20.71,20.8,186844000,AAPL
2014-08-07,35.84,36.35,35.68,36.16,30314900,MSFT
2014-08-07,16.67,17.11,16.61,16.83,112183500,TSLA
2014-08-08,156.16,157.72,155.74,157.61,117014000,SPY
2014-08-08,0.43,0.45,0.43,0.45,894348000,NVDA
2014-08-08,20.75,20.87,20.53,20.86,167460000,AAPL
2014-08-08,36.16,36.24,35.89,36.14,28942700,MSFT
2014-08-08,16.74,16.78,16.43,16.54,76351500,TSLA
2014-08-11,158.21,158.77,158.0,158.07,74544000,SPY
2014-08-11,0.45,0.45,0.45,0.45,344624000,NVDA
2014-08-11,20.97,21.15,20.88,21.13,146340000,AAPL
2014-08-11,36.19,36.35,35.99,36.14,20351600,MSFT
2014-08-11,17.03,17.58,17.0,17.29,121519500,TSLA
2014-08-12,157.91,158.35,157.37,157.85,73632000,SPY
2014-08-12,0.45,0.45,0.44,0.45,296152000,NVDA
2014-08-12,21.14,21.33,21.05,21.13,135180000,AAPL
2014-08-12,36.0,36.46,35.97,36.4,21431100,MSFT
2014-08-12,17.21,17.35,16.97,17.33,95734500,TSLA
2014-08-13,158.47,159.1,158.2,158.92,69047000,SPY
2014-08-13,0.45,0.45,0.45,0.45,256596000,NVDA
2014-08-13,21.17,21.41,21.14,21.41,127664000,AAPL
2014-08-13,36.54,36.96,36.4,36.87,22889500,MSFT
2014-08-13,17.47,17.71,17.31,17.35,103989000,TSLA
2014-08-14,159.18,159.67,159.03,159.67,57371000,SPY
2014-08-14,0.45,0.45,0.44,0.45,255992000,NVDA
2014-08-14,21.43,21.48,21.31,21.46,112464000,AAPL
2014-08-14,36.87,37.16,36.81,37.03,19313200,MSFT
2014-08-14,17.5,17.53,17.1,17.43,61899000,TSLA
2014-08-15,160.25,160.39,158.49,159.64,139951000,SPY
2014-08-15,0.45,0.45,0.44,0.45,369796000,NVDA
2014-08-15,21.55,21.62,21.32,21.57,195804000,AAPL
2014-08-15,37.29,37.56,37.14,37.47,41611300,MSFT
2014-08-15,17.43,17.47,17.23,17.47,58018500,TSLA
2014-08-18,160.52,161.05,160.43,160.97,75424000,SPY
2014-08-18,0.45,0.46,0.45,0.46,284076000,NVDA
2014-08-18,21.68,21.87,21.57,21.83,190288000,AAPL
2014-08-18,37.59,37.73,37.37,37.73,26891100,MSFT
2014-08-18,17.55,17.82,17.32,17.33,87738000,TSLA
2014-08-19,161.36,161.94,161.04,161.81,59135000,SPY
2014-08-19,0.46,0.46,0.46,0.46,248260000,NVDA
2014-08-19,21.88,22.16,21.86,22.13,277596000,AAPL
2014-08-19,37.85,38.16,37.73,38.16,28139500,MSFT
2014-08-19,17.26,17.29,16.77,17.12,80022000,TSLA
2014-08-20,161.59,162.44,161.56,162.25,72763000,SPY
2014-08-20,0.46,0.46,0.46,0.46,221468000,NVDA
2014-08-20,22.11,22.25,22.0,22.14,210796000,AAPL
2014-08-20,38.16,38.21,37.79,37.84,24770500,MSFT
2014-08-20,16.98,17.25,16.87,17.05,45418500,TSLA
2014-08-21,162.38,162.93,162.25,162.72,67791000,SPY
2014-08-21,0.46,0.46,0.45,0.45,272796000,NVDA
2014-08-21,22.14,22.22,22.04,22.14,133912000,AAPL
2014-08-21,37.74,38.09,37.73,38.06,22285500,MSFT
2014-08-21,17.1,17.25,16.88,16.96,43734000,TSLA
2014-08-22,162.59,162.87,162.1,162.47,76107000,SPY
2014-08-22,0.45,0.46,0.45,0.45,251224000,NVDA
2014-08-22,22.08,22.34,22.06,22.3,176736000,AAPL
2014-08-22,38.17,38.27,37.94,38.0,18294500,MSFT
2014-08-22,16.97,17.13,16.84,17.12,42501000,TSLA
2014-08-25,163.24,163.61,162.43,163.29,63855000,SPY
2014-08-25,0.46,0.46,0.45,0.46,153380000,NVDA
2014-08-25,22.41,22.49,22.3,22.35,161080000,AAPL
2014-08-25,38.21,38.25,37.91,38.02,16910000,MSFT
2014-08-25,17.21,17.58,17.21,17.5,64771500,TSLA
2014-08-26,163.4,163.8,163.35,163.4,47298000,SPY
2014-08-26,0.46,0.46,0.46,0.46,269636000,NVDA
2014-08-26,22.33,22.34,22.2,22.21,132608000,AAPL
2014-08-26,38.14,38.21,37.83,37.89,14873100,MSFT
2014-08-26,17.67,17.7,17.44,17.45,57270000,TSLA
2014-08-27,163.48,163.59,163.08,163.33,47874000,SPY
2014-08-27,0.46,0.46,0.46,0.46,182972000,NVDA
2014-08-27,22.24,22.58,22.17,22.48,209476000,AAPL
2014-08-27,37.79,37.88,37.68,37.77,21287900,MSFT
2014-08-27,17.57,17.62,17.35,17.55,44776500,TSLA
2014-08-28,162.79,163.35,162.63,163.24,58330000,SPY
2014-08-28,0.46,0.46,0.46,0.46,179704000,NVDA
2014-08-28,22.36,22.63,22.36,22.51,273840000,AAPL
2014-08-28,37.67,37.86,37.55,37.78,17657600,MSFT
2014-08-28,17.46,17.63,17.44,17.59,42673500,TSLA
2014-08-29,163.49,163.72,162.98,163.71,65907000,SPY
2014-08-29,0.46,0.46,0.46,0.46,207932000,NVDA
2014-08-29,22.64,22.65,22.5,22.56,178380000,AAPL
2014-08-29,37.95,38.25,37.76,38.24,21607600,MSFT
2014-08-29,17.91,18.13,17.83,17.98,96706500,TSLA
2014-09-02,163.92,163.94,163.01,163.62,72426000,SPY
2014-09-02,0.46,0.46,0.46,0.46,192636000,NVDA
2014-09-02,22.69,22.84,22.61,22.74,214256000,AAPL
2014-09-02,38.24,38.26,37.75,37.95,22976800,MSFT
2014-09-02,18.37,18.99,18.29,18.94,147786000,TSLA
2014-09-03,164.25,164.28,163.31,163.53,57462000,SPY
2014-09-03,0.47,0.47,0.46,0.47,259456000,NVDA
2014-09-03,22.7,22.72,21.7,21.78,501684000,AAPL
2014-09-03,37.48,37.97,37.48,37.84,33684500,MSFT
2014-09-03,19.18,19.2,18.67,18.75,101584500,TSLA
2014-09-04,163.81,164.42,162.85,163.3,85236000,SPY
2014-09-04,0.47,0.48,0.47,0.48,491832000,NVDA
2014-09-04,21.76,22.03,21.53,21.6,342872000,AAPL
2014-09-04,37.66,38.1,37.64,38.1,26475500,MSFT
2014-09-04,18.93,19.43,18.69,19.07,125125500,TSLA
2014-09-05,163.26,164.1,162.65,164.03,102177000,SPY
2014-09-05,0.48,0.48,0.47,0.48,253792000,NVDA
2014-09-05,21.75,21.88,21.64,21.79,233828000,AAPL
2014-09-05,37.97,38.66,37.97,38.64,36939400,MSFT
2014-09-05,18.84,18.86,18.17,18.49,167548500,TSLA
2014-09-08,163.88,164.11,163.13,163.61,64146000,SPY
2014-09-08,0.48,0.48,0.47,0.47,319288000,NVDA
2014-09-08,21.86,21.86,21.58,21.65,185426800,AAPL
2014-09-08,38.74,39.39,38.71,39.11,45736700,MSFT
2014-09-08,18.51,18.99,18.5,18.81,82524000,TSLA
2014-09-09,163.46,163.57,162.24,162.57,88591000,SPY
2014-09-09,0.47,0.47,0.47,0.47,198588000,NVDA
2014-09-09,21.81,22.69,21.16,21.57,759385200,AAPL
2014-09-09,39.11,39.54,39.07,39.36,40302400,MSFT
2014-09-09,18.87,19.03,18.47,18.57,68382000,TSLA
2014-09-10,162.66,163.29,162.12,163.18,67251000,SPY
2014-09-10,0.47,0.47,0.46,0.47,172376000,NVDA
2014-09-10,21.58,22.26,21.52,22.23,403478400,AAPL
2014-09-10,39.41,39.51,38.95,39.43,27302400,MSFT
2014-09-10,18.63,18.76,18.24,18.74,56719500,TSLA
2014-09-11,162.53,163.4,162.41,163.37,66774400,SPY
2014-09-11,0.46,0.47,0.46,0.46,250720000,NVDA
2014-09-11,22.1,22.33,21.93,22.33,249412400,AAPL
2014-09-11,39.34,39.56,39.11,39.56,29216400,MSFT
2014-09-11,18.7,18.99,18.58,18.69,56491500,TSLA
2014-09-12,163.21,163.22,161.95,162.42,117409300,SPY
2014-09-12,0.47,0.47,0.46,0.46,262536000,NVDA
2014-09-12,22.28,22.5,22.25,22.38,250504400,AAPL
2014-09-12,39.49,39.58,39.22,39.31,38244700,MSFT
2014-09-12,18.7,18.83,18.47,18.61,49869000,TSLA
2014-09-15,162.44,162.57,161.8,162.29,76401000,SPY
2014-09-15,0.46,0.46,0.45,0.45,294152000,NVDA
2014-09-15,22.63,22.68,22.33,22.37,245266000,AAPL
2014-09-15,39.17,39.32,38.8,38.92,37667600,MSFT
2014-09-15,18.29,18.29,16.61,16.92,246831000,TSLA
2014-09-16,161.99,163.81,161.9,163.52,116201000,SPY
2014-09-16,0.45,0.46,0.45,0.46,219936000,NVDA
2014-09-16,21.97,22.29,21.77,22.2,267632400,AAPL
2014-09-16,39.05,39.43,38.96,39.36,27910600,MSFT
2014-09-16,17.01,17.5,16.83,17.38,124501500,TSLA
2014-09-17,163.75,164.5,162.92,163.74,151266000,SPY
2014-09-17,0.46,0.46,0.45,0.46,173584000,NVDA
2014-09-17,22.29,22.41,22.14,22.36,243706000,AAPL
2014-09-17,38.94,39.3,38.91,39.16,38311900,MSFT
2014-09-17,17.49,17.65,17.3,17.43,77665500,TSLA
2014-09-18,164.24,164.64,164.02,164.61,94990000,SPY
2014-09-18,0.46,0.46,0.46,0.46,219604000,NVDA
2014-09-18,22.44,22.53,22.36,22.41,149197600,AAPL
2014-09-18,39.22,39.42,39.11,39.29,35556600,MSFT
2014-09-18,17.56,17.71,17.49,17.59,55389000,TSLA
2014-09-19,165.13,165.45,164.13,164.46,121649000,SPY
2014-09-19,0.46,0.47,0.45,0.45,601316000,NVDA
2014-09-19,22.52,22.53,22.12,22.22,283609600,AAPL
2014-09-19,39.4,40.04,39.22,40.0,202522400,MSFT
2014-09-19,17.2,17.43,17.02,17.29,102163500,TSLA
2014-09-22,164.18,164.2,162.85,163.19,125553000,SPY
2014-09-22,0.46,0.46,0.45,0.45,221464000,NVDA
2014-09-22,22.41,22.48,22.14,22.25,211153600,AAPL
2014-09-22,39.81,39.88,39.54,39.61,38686100,MSFT
2014-09-22,17.0,17.07,16.31,16.67,123211500,TSLA
2014-09-23,162.6,163.28,162.21,162.26,111393000,SPY
2014-09-23,0.45,0.45,0.45,0.45,196144000,NVDA
2014-09-23,22.15,22.66,22.13,22.59,253608800,AAPL
2014-09-23,39.43,39.54,39.11,39.19,33430300,MSFT
2014-09-23,16.35,16.92,16.33,16.69,84880500,TSLA
2014-09-24,162.28,163.63,161.86,163.53,107276000,SPY
2014-09-24,0.45,0.45,0.45,0.45,159592000,NVDA
2014-09-24,22.49,22.64,22.28,22.4,240687200,AAPL
2014-09-24,39.25,39.65,39.01,39.63,26582700,MSFT
2014-09-24,16.74,16.86,16.47,16.81,56242500,TSLA
2014-09-25,163.1,163.11,160.83,160.89,150300000,SPY
2014-09-25,0.45,0.45,0.44,0.44,298440000,NVDA
2014-09-25,22.13,22.17,21.51,21.54,400368000,AAPL
2014-09-25,39.46,39.64,38.74,38.75,33077400,MSFT
2014-09-25,16.83,17.0,16.41,16.46,72513000,TSLA
2014-09-26,161.18,162.57,160.96,162.17,103547000,SPY
2014-09-26,0.44,0.45,0.44,0.44,241188000,NVDA
2014-09-26,21.69,22.18,21.66,22.18,249482000,AAPL
2014-09-26,38.66,39.24,38.52,39.06,27078800,MSFT
2014-09-26,16.55,16.65,16.4,16.44,56931000,TSLA
2014-09-29,160.77,162.16,160.65,161.87,95112000,SPY
2014-09-29,0.44,0.44,0.43,0.44,208540000,NVDA
2014-09-29,21.72,22.11,21.71,22.04,199065200,AAPL
2014-09-29,38.7,39.19,38.52,39.09,26091000,MSFT
2014-09-29,16.27,16.58,16.09,16.35,72790500,TSLA
2014-09-30,162.0,162.5,161.11,161.45,131302000,SPY
2014-09-30,0.44,0.44,0.43,0.44,277204000,NVDA
2014-09-30,22.19,22.35,22.13,22.18,221056400,AAPL
2014-09-30,39.03,39.12,38.73,39.02,33033100,MSFT
2014-09-30,16.46,16.51,16.01,16.18,63574500,TSLA
2014-10-01,161.18,161.24,158.9,159.26,177798000,SPY
2014-10-01,0.44,0.44,0.43,0.44,350976000,NVDA
2014-10-01,22.14,22.17,21.73,21.83,205965200,AAPL
2014-10-01,38.95,39.17,38.59,38.64,38088400,MSFT
2014-10-01,16.15,16.18,15.71,16.02,89125500,TSLA
2014-10-02,159.12,159.84,157.62,159.28,157285000,SPY
2014-10-02,0.43,0.44,0.42,0.43,288996000,NVDA
2014-10-02,21.85,22.06,21.58,21.99,191031200,AAPL
2014-10-02,38.58,38.8,38.42,38.52,25119400,MSFT
2014-10-02,16.68,16.85,16.36,16.76,134973000,TSLA
2014-10-03,160.35,161.38,159.86,161.04,121569000,SPY
2014-10-03,0.44,0.44,0.43,0.43,239140000,NVDA
2014-10-03,21.89,22.06,21.8,21.93,173878400,AAPL
2014-10-03,38.7,38.97,38.39,38.79,32453200,MSFT
2014-10-03,16.87,17.1,16.74,17.01,81094500,TSLA
2014-10-06,161.71,161.92,160.27,160.85,104778000,SPY
2014-10-06,0.44,0.44,0.43,0.43,199032000,NVDA
2014-10-06,22.0,22.16,21.89,21.93,148204800,AAPL
2014-10-06,38.82,38.97,38.65,38.79,20604000,MSFT
2014-10-06,17.28,17.5,17.19,17.37,115699500,TSLA
2014-10-07,160.02,160.38,158.33,158.37,147913000,SPY
2014-10-07,0.43,0.43,0.43,0.43,301896000,NVDA
2014-10-07,21.89,22.04,21.73,21.74,168376800,AAPL
2014-10-07,38.6,38.66,38.23,38.32,25723700,MSFT
2014-10-07,17.24,17.43,17.05,17.3,67282500,TSLA
2014-10-08,158.46,161.36,157.63,161.14,186461000,SPY
2014-10-08,0.43,0.44,0.42,0.44,260172000,NVDA
2014-10-08,21.74,22.26,21.64,22.19,229618800,AAPL
2014-10-08,38.28,39.47,38.16,39.38,33031000,MSFT
2014-10-08,17.34,17.53,16.84,17.29,75826500,TSLA
2014-10-09,160.88,161.1,157.81,157.94,210705000,SPY
2014-10-09,0.43,0.43,0.42,0.43,306956000,NVDA
2014-10-09,22.35,22.54,22.15,22.24,309506000,AAPL
2014-10-09,39.14,39.39,38.5,38.59,34422800,MSFT
2014-10-09,17.48,17.7,16.96,17.13,110419500,TSLA
2014-10-10,157.9,158.69,156.1,156.14,221909000,SPY
2014-10-10,0.42,0.43,0.4,0.4,691376000,NVDA
2014-10-10,22.17,22.46,22.08,22.17,265326400,AAPL
2014-10-10,38.38,38.82,36.99,37.06,51978100,MSFT
2014-10-10,16.31,16.39,15.68,15.79,193324500,TSLA
2014-10-13,156.07,156.64,153.48,153.57,230939000,SPY
2014-10-13,0.4,0.41,0.4,0.4,397628000,NVDA
2014-10-13,22.31,22.41,21.97,21.97,214333600,AAPL
2014-10-13,36.88,37.51,36.61,36.74,37100200,MSFT
2014-10-13,15.9,15.93,14.73,14.97,169030500,TSLA
2014-10-14,154.4,155.55,153.27,153.81,215847000,SPY
2014-10-14,0.41,0.42,0.4,0.41,376620000,NVDA
2014-10-14,22.1,22.13,21.7,21.74,254754400,AAPL
2014-10-14,36.93,37.36,36.67,36.81,38115700,MSFT
2014-10-14,15.22,15.5,14.87,15.14,106579500,TSLA
2014-10-15,151.73,153.8,149.07,152.77,380715000,SPY
2014-10-15,0.4,0.42,0.4,0.42,404428000,NVDA
2014-10-15,21.57,21.83,20.95,21.47,403734400,AAPL
2014-10-15,36.19,36.52,35.44,36.38,60218700,MSFT
2014-10-15,14.67,15.4,14.49,15.31,137209500,TSLA
2014-10-16,150.01,153.71,149.87,152.64,270391000,SPY
2014-10-16,0.41,0.42,0.41,0.42,351116000,NVDA
2014-10-16,21.03,21.51,21.0,21.19,288618000,AAPL
2014-10-16,35.8,36.26,35.54,35.98,49040400,MSFT
2014-10-16,14.65,15.33,14.61,15.09,80989500,TSLA
2014-10-17,154.4,155.49,153.74,154.44,214625000,SPY
2014-10-17,0.42,0.43,0.41,0.42,290716000,NVDA
2014-10-17,21.46,21.79,21.31,21.5,272718800,AAPL
2014-10-17,36.36,36.99,36.02,36.72,40683300,MSFT
2014-10-17,15.56,15.65,15.1,15.17,158241000,TSLA
2014-10-20,154.16,156.06,154.11,155.94,130011000,SPY
2014-10-20,0.42,0.42,0.41,0.42,200336000,NVDA
2014-10-20,21.64,22.0,21.62,21.96,310069200,AAPL
2014-10-20,36.24,37.15,36.03,37.1,34527900,MSFT
2014-10-20,15.11,15.49,15.03,15.36,52416000,TSLA
2014-10-21,157.07,159.14,156.91,159.03,154949000,SPY
2014-10-21,0.42,0.44,0.42,0.44,351092000,NVDA
2014-10-21,22.68,22.68,22.29,22.56,378495600,AAPL
2014-10-21,37.34,37.86,37.2,37.78,36433800,MSFT
2014-10-21,15.62,15.69,15.39,15.69,61954500,TSLA
2014-10-22,159.31,159.72,157.83,157.9,151822000,SPY
2014-10-22,0.44,0.44,0.43,0.43,239512000,NVDA
2014-10-22,22.64,22.92,22.59,22.67,273052400,AAPL
2014-10-22,37.88,37.94,37.23,37.36,33570900,MSFT
2014-10-22,15.55,15.83,15.37,15.41,61749000,TSLA
2014-10-23,159.48,160.77,159.19,159.73,154944000,SPY
2014-10-23,0.43,0.44,0.43,0.44,214476000,NVDA
2014-10-23,22.91,23.13,22.81,23.08,284298800,AAPL
2014-10-23,37.56,38.26,37.48,37.89,45451900,MSFT
2014-10-23,15.64,15.75,15.47,15.69,52386000,TSLA
2014-10-24,160.0,161.01,159.37,160.96,117927000,SPY
2014-10-24,0.44,0.44,0.44,0.44,210156000,NVDA
2014-10-24,23.15,23.22,23.01,23.16,188215600,AAPL
2014-10-24,39.42,39.48,38.03,38.83,61076700,MSFT
2014-10-24,15.75,15.85,15.41,15.68,51949500,TSLA
2014-10-27,160.39,160.98,159.82,160.74,82954000,SPY
2014-10-27,0.44,0.44,0.44,0.44,145092000,NVDA
2014-10-27,23.08,23.22,23.05,23.14,136750800,AAPL
2014-10-27,38.48,38.8,38.48,38.64,30371300,MSFT
2014-10-27,15.62,15.64,14.69,14.78,143299500,TSLA
2014-10-28,161.28,162.59,161.21,162.59,106736000,SPY
2014-10-28,0.44,0.45,0.44,0.45,192580000,NVDA
2014-10-28,23.2,23.5,23.19,23.5,192243600,AAPL
2014-10-28,38.6,39.14,38.53,39.13,29049800,MSFT
2014-10-28,15.31,16.31,15.22,16.18,157744500,TSLA
2014-10-29,162.7,163.17,161.27,162.34,142557000,SPY
2014-10-29,0.45,0.45,0.44,0.45,168340000,NVDA
2014-10-29,23.48,23.64,23.41,23.63,210751600,AAPL
2014-10-29,39.09,39.31,39.01,39.24,30276100,MSFT
2014-10-29,16.08,16.1,15.71,15.87,74437500,TSLA
2014-10-30,161.91,163.85,161.76,163.38,113330000,SPY
2014-10-30,0.45,0.45,0.44,0.45,170260000,NVDA
2014-10-30,23.55,23.63,23.31,23.55,162619200,AAPL
2014-10-30,38.99,38.99,38.53,38.76,30073900,MSFT
2014-10-30,15.88,16.03,15.67,15.91,48426000,TSLA
2014-10-31,165.35,165.38,164.52,165.25,146903000,SPY
2014-10-31,0.46,0.47,0.45,0.47,256316000,NVDA
2014-10-31,23.78,23.78,23.6,23.77,178557200,AAPL
2014-10-31,39.51,39.54,39.12,39.52,35849700,MSFT
2014-10-31,16.17,16.21,15.92,16.11,56629500,TSLA
2014-11-03,165.46,165.9,164.96,165.34,93600000,SPY
2014-11-03,0.48,0.48,0.47,0.47,308732000,NVDA
2014-11-03,23.82,24.28,23.78,24.08,209130400,AAPL
2014-11-03,39.47,39.95,39.33,39.93,23130400,MSFT
2014-11-03,16.2,16.5,16.09,16.17,63057000,TSLA
2014-11-04,164.9,165.2,163.94,164.77,93343000,SPY
2014-11-04,0.48,0.48,0.47,0.48,360196000,NVDA
2014-11-04,24.07,24.1,23.71,23.91,166297600,AAPL
2014-11-04,39.81,40.18,39.77,40.04,21530800,MSFT
2014-11-04,16.03,16.16,15.77,15.93,55239000,TSLA
2014-11-05,165.97,166.01,165.08,165.81,91709000,SPY
2014-11-05,0.48,0.48,0.48,0.48,335652000,NVDA
2014-11-05,24.02,24.06,23.8,23.96,149743600,AAPL
2014-11-05,40.23,40.32,39.78,40.28,22449600,MSFT
2014-11-05,16.07,16.09,15.37,15.4,135688500,TSLA
2014-11-06,165.85,166.56,165.23,166.47,107089000,SPY
2014-11-06,0.48,0.48,0.47,0.48,394088000,NVDA
2014-11-06,24.01,24.05,23.83,24.03,139874000,AAPL
2014-11-06,40.28,41.13,40.23,40.99,33037800,MSFT
2014-11-06,15.63,16.45,15.23,16.08,230320500,TSLA
2014-11-07,166.49,166.84,166.03,166.63,89540000,SPY
2014-11-07,0.49,0.49,0.47,0.47,450800000,NVDA
2014-11-07,24.04,24.17,24.0,24.1,134766000,AAPL
2014-11-07,41.18,41.18,40.65,40.98,28000600,MSFT
2014-11-07,16.15,16.19,15.81,16.01,77415000,TSLA
2014-11-10,166.66,167.2,166.45,167.15,66319000,SPY
2014-11-10,0.47,0.48,0.47,0.48,293388000,NVDA
2014-11-10,24.1,24.17,24.03,24.06,108782000,AAPL
2014-11-10,40.95,41.37,40.87,41.15,36370100,MSFT
2014-11-10,15.94,16.19,15.79,16.13,68658000,TSLA
2014-11-11,167.22,167.42,166.88,167.31,54499400,SPY
2014-11-11,0.47,0.48,0.47,0.47,212992000,NVDA
2014-11-11,24.03,24.26,23.97,24.25,109769200,AAPL
2014-11-11,41.12,41.2,40.95,41.13,23445200,MSFT
2014-11-11,16.17,16.79,16.13,16.74,119232000,TSLA
2014-11-12,166.63,167.36,166.6,167.13,90120300,SPY
2014-11-12,0.47,0.47,0.46,0.47,204584000,NVDA
2014-11-12,24.18,24.64,24.18,24.6,187769600,AAPL
2014-11-12,40.87,41.18,40.84,41.06,22722100,MSFT
2014-11-12,16.65,16.82,16.37,16.61,88062000,TSLA
2014-11-13,167.3,167.85,166.52,167.32,85357900,SPY
2014-11-13,0.47,0.47,0.46,0.47,225328000,NVDA
2014-11-13,24.72,25.08,24.67,24.94,238091600,AAPL
2014-11-13,41.08,41.79,41.0,41.76,26210400,MSFT
2014-11-13,16.71,17.05,16.68,16.78,93540000,TSLA
2014-11-14,167.25,167.57,166.94,167.36,80417500,SPY
2014-11-14,0.47,0.47,0.46,0.47,160248000,NVDA
2014-11-14,25.02,25.25,24.59,25.24,176254400,AAPL
2014-11-14,41.87,42.13,41.57,41.73,29081700,MSFT
2014-11-14,16.67,17.26,16.57,17.25,91516500,TSLA
2014-11-17,167.04,167.64,166.88,167.47,80441000,SPY
2014-11-17,0.47,0.47,0.47,0.47,158732000,NVDA
2014-11-17,25.26,25.93,25.05,25.2,186986800,AAPL
2014-11-17,41.59,41.84,41.36,41.63,30318600,MSFT
2014-11-17,17.17,17.27,16.8,16.93,60385500,TSLA
2014-11-18,167.53,168.74,167.53,168.44,76068100,SPY
2014-11-18,0.47,0.48,0.47,0.48,207772000,NVDA
2014-11-18,25.19,25.58,25.18,25.53,176896000,AAPL
2014-11-18,41.61,41.78,41.25,41.28,23995500,MSFT
2014-11-18,17.06,17.33,17.03,17.18,67095000,TSLA
2014-11-19,168.24,168.44,167.41,168.17,82373000,SPY
2014-11-19,0.48,0.48,0.47,0.48,240300000,NVDA
2014-11-19,25.52,25.59,25.16,25.35,167476800,AAPL
2014-11-19,41.22,41.29,40.6,40.84,26177500,MSFT
2014-11-19,16.71,16.79,16.37,16.52,118777500,TSLA
2014-11-20,167.38,168.57,167.31,168.46,72840300,SPY
2014-11-20,0.48,0.49,0.47,0.49,220968000,NVDA
2014-11-20,25.41,25.84,25.39,25.71,173582000,AAPL
2014-11-20,40.66,41.25,40.55,41.25,21510600,MSFT
2014-11-20,16.53,16.73,16.4,16.58,53808000,TSLA
2014-11-21,170.15,170.31,168.79,169.36,142327300,SPY
2014-11-21,0.49,0.49,0.49,0.49,198976000,NVDA
2014-11-21,25.98,25.99,25.65,25.75,228717200,AAPL
2014-11-21,41.52,41.55,40.29,40.64,42884800,MSFT
2014-11-21,16.81,16.85,16.14,16.19,112276500,TSLA
2014-11-24,169.76,169.94,169.55,169.84,65880800,SPY
2014-11-24,0.49,0.49,0.49,0.49,136004000,NVDA
2014-11-24,25.83,26.26,25.78,26.23,189803200,AAPL
2014-11-24,40.65,40.66,40.14,40.31,35434200,MSFT
2014-11-24,16.35,16.51,16.04,16.45,71845500,TSLA
2014-11-25,170.07,170.27,169.46,169.72,79108300,SPY
2014-11-25,0.49,0.5,0.49,0.49,190240000,NVDA
2014-11-25,26.33,26.48,25.97,26.0,275361600,AAPL
2014-11-25,40.37,40.63,40.19,40.21,28008000,MSFT
2014-11-25,16.49,16.65,16.41,16.54,47397000,TSLA
2014-11-26,169.86,170.25,169.65,170.15,62167800,SPY
2014-11-26,0.49,0.5,0.49,0.5,219264000,NVDA
2014-11-26,26.08,26.33,26.05,26.31,163073200,AAPL
2014-11-26,40.23,40.65,40.05,40.45,27163600,MSFT
2014-11-26,16.56,16.6,16.44,16.56,29718000,TSLA
2014-11-28,170.03,170.34,169.55,169.79,57890100,SPY
2014-11-28,0.5,0.5,0.5,0.5,124832000,NVDA
2014-11-28,26.37,26.4,26.1,26.29,99257600,AAPL
2014-11-28,40.62,40.83,40.33,40.5,21534400,MSFT
2014-11-28,16.36,16.45,16.17,16.3,31795500,TSLA
2014-12-01,169.13,169.25,168.3,168.61,103968400,SPY
2014-12-01,0.5,0.5,0.49,0.49,190060000,NVDA
2014-12-01,26.27,26.36,24.6,25.44,335256000,AAPL
2014-12-01,40.56,41.32,40.41,41.18,31191600,MSFT
2014-12-01,16.08,16.16,15.27,15.44,129291000,TSLA
2014-12-02,168.65,169.9,168.63,169.7,74507200,SPY
2014-12-02,0.49,0.5,0.49,0.49,245952000,NVDA
2014-12-02,25.09,25.59,24.93,25.34,237395600,AAPL
2014-12-02,41.37,41.55,40.83,41.05,25773500,MSFT
2014-12-02,15.64,15.66,15.2,15.43,88305000,TSLA
2014-12-03,169.87,170.57,169.71,170.35,68952000,SPY
2014-12-03,0.5,0.51,0.49,0.51,284424000,NVDA
2014-12-03,25.59,25.72,25.45,25.63,172253600,AAPL
2014-12-03,41.03,41.08,40.5,40.73,23534800,MSFT
2014-12-03,15.08,15.31,15.03,15.29,79615500,TSLA
2014-12-04,170.07,170.67,169.38,170.17,91316600,SPY
2014-12-04,0.51,0.51,0.5,0.5,185332000,NVDA
2014-12-04,25.6,25.91,25.49,25.53,168178000,AAPL
2014-12-04,40.99,41.56,40.83,41.37,30320400,MSFT
2014-12-04,15.24,15.39,15.19,15.22,57834000,TSLA
2014-12-05,170.34,170.83,170.08,170.44,91025500,SPY
2014-12-05,0.5,0.51,0.5,0.5,165680000,NVDA
2014-12-05,25.64,25.66,25.35,25.43,153275600,AAPL
2014-12-05,41.35,41.48,40.98,41.01,27313400,MSFT
2014-12-05,15.24,15.29,14.82,14.91,90954000,TSLA
2014-12-08,170.05,170.54,168.75,169.31,108588200,SPY
2014-12-08,0.5,0.51,0.49,0.5,226944000,NVDA
2014-12-08,25.23,25.35,24.68,24.85,230659600,AAPL
2014-12-08,40.88,40.95,40.19,40.4,26663100,MSFT
2014-12-08,14.77,14.99,14.16,14.29,138384000,TSLA
2014-12-09,167.47,169.3,167.09,169.19,125180100,SPY
2014-12-09,0.49,0.5,0.49,0.5,239448000,NVDA
2014-12-09,24.36,25.27,24.18,25.23,240832000,AAPL
2014-12-09,39.9,40.59,39.85,40.31,24330500,MSFT
2014-12-09,13.96,14.52,13.62,14.46,141472500,TSLA
2014-12-10,168.73,168.79,166.29,166.48,159856400,SPY
2014-12-10,0.49,0.5,0.48,0.49,204364000,NVDA
2014-12-10,25.29,25.39,24.66,24.75,178261200,AAPL
2014-12-10,40.3,40.37,39.56,39.73,30431800,MSFT
2014-12-10,14.28,14.45,13.85,13.99,109711500,TSLA
2014-12-11,167.07,168.96,166.93,167.32,159012800,SPY
2014-12-11,0.49,0.49,0.48,0.48,135652000,NVDA
2014-12-11,24.82,25.16,24.62,24.68,165606800,AAPL
2014-12-11,39.88,40.44,39.54,39.95,29060400,MSFT
2014-12-11,14.04,14.36,13.88,13.93,100416000,TSLA
2014-12-12,166.05,167.02,164.59,164.62,202330200,SPY
2014-12-12,0.48,0.48,0.47,0.47,323964000,NVDA
2014-12-12,24.42,24.73,24.23,24.26,224112400,AAPL
2014-12-12,39.62,40.43,39.53,39.77,34248400,MSFT
2014-12-12,13.65,14.11,13.63,13.8,107607000,TSLA
2014-12-15,165.51,165.96,162.89,163.49,189965800,SPY
2014-12-15,0.48,0.48,0.47,0.47,254696000,NVDA
2014-12-15,24.47,24.67,23.51,23.93,268872400,AAPL
2014-12-15,39.98,40.38,39.43,39.53,29247800,MSFT
2014-12-15,13.95,13.99,13.51,13.6,78274500,TSLA
2014-12-16,162.73,165.86,162.14,162.18,259543800,SPY
2014-12-16,0.47,0.48,0.46,0.46,185308000,NVDA
2014-12-16,23.52,24.36,23.49,23.6,243162800,AAPL
2014-12-16,38.88,39.25,38.23,38.25,47801400,MSFT
2014-12-16,13.39,13.58,13.02,13.19,126391500,TSLA
2014-12-17,162.61,165.81,162.49,165.36,253910100,SPY
2014-12-17,0.47,0.48,0.46,0.48,345596000,NVDA
2014-12-17,23.68,24.28,23.62,24.19,213647200,AAPL
2014-12-17,38.16,38.92,38.03,38.74,34970900,MSFT
2014-12-17,12.87,13.78,12.84,13.72,110517000,TSLA
2014-12-18,167.77,174.52,167.1,169.44,257633900,SPY
2014-12-18,0.49,0.49,0.48,0.48,226156000,NVDA
2014-12-18,24.73,24.91,24.47,24.91,236024800,AAPL
2014-12-18,39.45,40.25,39.25,40.25,40105600,MSFT
2014-12-18,14.16,14.56,14.12,14.55,112249500,TSLA
2014-12-19,170.09,170.83,169.42,170.17,245084600,SPY
2014-12-19,0.49,0.49,0.48,0.49,325528000,NVDA
2014-12-19,24.82,25.04,24.69,24.71,353719200,AAPL
2014-12-19,40.34,40.74,39.95,40.37,64551200,MSFT
2014-12-19,14.68,14.69,14.3,14.62,103657500,TSLA
2014-12-22,170.36,170.95,170.12,170.95,148318900,SPY
2014-12-22,0.49,0.5,0.49,0.5,148976000,NVDA
2014-12-22,24.8,25.09,24.76,24.97,180670000,AAPL
2014-12-22,40.47,40.76,40.41,40.64,26566000,MSFT
2014-12-22,14.67,14.94,14.55,14.84,71991000,TSLA
2014-12-23,171.53,171.57,170.89,171.18,122167900,SPY
2014-12-23,0.5,0.5,0.49,0.49,109280000,NVDA
2014-12-23,25.03,25.06,24.86,24.88,104113600,AAPL
2014-12-23,40.97,41.34,40.77,41.04,23648100,MSFT
2014-12-23,14.92,14.95,14.63,14.73,67585500,TSLA
2014-12-24,171.4,171.67,171.15,171.2,42963400,SPY
2014-12-24,0.5,0.5,0.49,0.49,45644000,NVDA
2014-12-24,24.89,24.92,24.76,24.76,57918400,AAPL
2014-12-24,41.2,41.2,40.73,40.78,11437800,MSFT
2014-12-24,14.65,14.83,14.62,14.82,19983000,TSLA
2014-12-26,171.64,172.09,171.59,171.75,57326700,SPY
2014-12-26,0.49,0.5,0.49,0.49,52636000,NVDA
2014-12-26,24.78,25.32,24.76,25.2,134884000,AAPL
2014-12-26,41.0,41.0,40.51,40.56,13197800,MSFT
2014-12-26,14.77,15.23,14.77,15.19,49905000,TSLA
2014-12-29,171.57,172.18,171.5,171.98,79643900,SPY
2014-12-29,0.49,0.5,0.49,0.49,82944000,NVDA
2014-12-29,25.16,25.37,25.14,25.18,110395600,AAPL
2014-12-29,40.4,40.47,40.03,40.19,14439500,MSFT
2014-12-29,15.13,15.19,14.93,15.05,42037500,TSLA
2014-12-30,171.56,171.69,170.98,171.06,73540800,SPY
2014-12-30,0.49,0.49,0.49,0.49,112120000,NVDA
2014-12-30,25.12,25.19,24.79,24.88,119526000,AAPL
2014-12-30,40.18,40.34,39.67,39.83,16384700,MSFT
2014-12-30,14.93,15.04,14.76,14.82,43548000,TSLA
2014-12-31,171.38,171.54,169.23,169.36,130333800,SPY
2014-12-31,0.49,0.49,0.48,0.48,166300000,NVDA
2014-12-31,24.94,25.01,24.37,24.4,165613600,AAPL
2014-12-31,39.58,40.18,39.34,39.34,21552500,MSFT
2014-12-31,14.87,15.05,14.82,14.83,34462500,TSLA
2015-01-02,170.05,170.46,168.24,169.27,121465900,SPY
2015-01-02,0.48,0.49,0.47,0.48,113680000,NVDA
2015-01-02,24.63,24.64,23.73,24.17,212818400,AAPL
2015-01-02,39.52,40.17,39.42,39.61,27913900,MSFT
2015-01-02,14.86,14.88,14.22,14.62,71466000,TSLA
2015-01-05,168.23,168.39,165.91,166.21,169632600,SPY
2015-01-05,0.48,0.48,0.47,0.47,197952000,NVDA
2015-01-05,23.94,24.02,23.31,23.49,257142000,AAPL
2015-01-05,39.28,39.58,39.18,39.24,39673900,MSFT
2015-01-05,14.3,14.43,13.81,14.01,80527500,TSLA
2015-01-06,166.52,167.03,163.85,164.65,209151400,SPY
2015-01-06,0.47,0.47,0.46,0.46,197764000,NVDA
2015-01-06,23.55,23.75,23.13,23.49,263188400,AAPL
2015-01-06,39.29,39.6,38.57,38.67,36447900,MSFT
2015-01-06,14.0,14.28,13.61,14.09,93928500,TSLA
2015-01-07,165.96,167.03,165.52,166.7,125346700,SPY
2015-01-07,0.46,0.47,0.46,0.46,321808000,NVDA
2015-01-07,23.7,23.92,23.59,23.82,160423600,AAPL
2015-01-07,38.95,39.35,38.53,39.16,29114100,MSFT
2015-01-07,14.22,14.32,13.99,14.06,44526000,TSLA
2015-01-08,168.1,169.87,168.08,169.65,147217800,SPY
2015-01-08,0.46,0.48,0.46,0.48,283780000,NVDA
2015-01-08,24.15,24.8,24.03,24.74,237458000,AAPL
2015-01-08,39.6,40.45,39.57,40.31,29645200,MSFT
2015-01-08,14.19,14.25,14.0,14.04,51637500,TSLA
2015-01-09,170.07,170.08,167.69,168.3,158567300,SPY
2015-01-09,0.48,0.48,0.47,0.48,209540000,NVDA
2015-01-09,24.91,25.04,24.37,24.76,214798000,AAPL
2015-01-09,40.33,40.51,39.73,39.97,23944200,MSFT
2015-01-09,13.93,14.0,13.66,13.78,70024500,TSLA
2015-01-12,168.43,168.58,166.38,166.98,144396100,SPY
2015-01-12,0.48,0.48,0.47,0.47,190732000,NVDA
2015-01-12,24.89,24.9,24.05,24.15,198603200,AAPL
2015-01-12,40.17,40.27,39.27,39.47,23651900,MSFT
2015-01-12,13.54,13.63,13.28,13.48,89254500,TSLA
2015-01-13,168.19,169.31,165.21,166.51,214553300,SPY
2015-01-13,0.47,0.48,0.47,0.47,236720000,NVDA
2015-01-13,24.64,24.94,24.08,24.37,268367600,AAPL
2015-01-13,39.79,40.58,39.01,39.27,35270600,MSFT
2015-01-13,13.55,13.84,13.39,13.62,67159500,TSLA
2015-01-14,164.5,165.7,163.62,165.5,192991100,SPY
2015-01-14,0.47,0.47,0.46,0.47,155260000,NVDA
2015-01-14,24.11,24.43,23.99,24.28,195826400,AAPL
2015-01-14,38.93,39.17,38.64,38.93,29719600,MSFT
2015-01-14,12.39,13.01,12.33,12.85,173278500,TSLA
2015-01-15,166.14,166.45,163.87,163.99,176613900,SPY
2015-01-15,0.48,0.48,0.47,0.47,188932000,NVDA
2015-01-15,24.32,24.33,23.58,23.62,240056000,AAPL
2015-01-15,39.15,39.29,38.46,38.52,32750800,MSFT
2015-01-15,12.97,13.05,12.67,12.79,78247500,TSLA
2015-01-16,163.78,166.29,163.6,166.14,211879600,SPY
2015-01-16,0.47,0.48,0.47,0.48,181512000,NVDA
2015-01-16,23.66,23.78,23.26,23.43,314053200,AAPL
2015-01-16,38.38,39.2,38.26,39.17,35695300,MSFT
2015-01-16,12.71,12.97,12.64,12.87,54048000,TSLA
2015-01-20,166.77,167.03,164.93,166.49,130991100,SPY
2015-01-20,0.48,0.48,0.47,0.48,140308000,NVDA
2015-01-20,23.84,24.09,23.55,24.04,199599600,AAPL
2015-01-20,39.22,39.51,38.6,39.29,36161900,MSFT
2015-01-20,12.92,12.94,12.47,12.8,67548000,TSLA
2015-01-21,166.03,167.81,165.57,167.33,122942700,SPY
2015-01-21,0.48,0.49,0.47,0.49,144780000,NVDA
2015-01-21,24.09,24.55,23.94,24.22,194303600,AAPL
2015-01-21,38.91,39.08,38.52,38.9,39081100,MSFT
2015-01-21,12.64,13.25,12.63,13.1,62295000,TSLA
2015-01-22,168.08,169.95,166.71,169.82,174356000,SPY
2015-01-22,0.49,0.5,0.48,0.49,159712000,NVDA
2015-01-22,24.38,24.87,24.26,24.85,215185600,AAPL
2015-01-22,39.29,39.93,39.03,39.92,35898000,MSFT
2015-01-22,13.13,13.55,13.01,13.44,61753500,TSLA
2015-01-23,169.56,169.82,168.76,168.89,117516800,SPY
2015-01-23,0.49,0.5,0.49,0.5,120416000,NVDA
2015-01-23,24.83,25.15,24.66,24.98,185859200,AAPL
2015-01-23,40.12,40.14,39.64,39.96,26211600,MSFT
2015-01-23,13.35,13.57,13.22,13.42,51579000,TSLA
2015-01-26,168.67,169.37,167.97,169.28,92009700,SPY
2015-01-26,0.49,0.5,0.49,0.49,133240000,NVDA
2015-01-26,25.15,25.28,24.94,25.01,222460000,AAPL
2015-01-26,39.81,39.92,39.17,39.82,42525500,MSFT
2015-01-26,13.46,13.91,13.4,13.77,48517500,TSLA
2015-01-27,167.24,168.19,166.23,167.05,134044600,SPY
2015-01-27,0.49,0.49,0.47,0.47,357948000,NVDA
2015-01-27,24.85,24.87,24.11,24.13,382274800,AAPL
2015-01-27,36.38,36.59,35.67,36.13,169164000,MSFT
2015-01-27,13.63,13.87,13.55,13.73,41715000,TSLA
2015-01-28,168.23,168.33,164.72,164.91,168514300,SPY
2015-01-28,0.48,0.48,0.46,0.46,272728000,NVDA
2015-01-28,26.01,26.12,25.49,25.49,585908400,AAPL
2015-01-28,36.2,36.24,34.86,34.89,84507100,MSFT
2015-01-28,13.74,13.76,13.23,13.29,47244000,TSLA
2015-01-29,165.11,166.69,163.71,166.43,173585400,SPY
2015-01-29,0.46,0.48,0.46,0.47,235340000,NVDA
2015-01-29,25.72,26.35,25.55,26.29,337745600,AAPL
2015-01-29,34.67,35.68,34.55,35.58,63585300,MSFT
2015-01-29,13.4,13.73,13.1,13.68,53221500,TSLA
2015-01-30,165.26,166.58,164.08,164.34,197729700,SPY
2015-01-30,0.47,0.48,0.46,0.46,298200000,NVDA
2015-01-30,26.18,26.53,25.83,25.9,334982000,AAPL
2015-01-30,35.19,35.22,34.18,34.22,78004900,MSFT
2015-01-30,13.6,13.83,13.53,13.57,45105000,TSLA
2015-02-02,164.83,166.47,163.03,166.38,163107000,SPY
2015-02-02,0.46,0.47,0.45,0.47,259604000,NVDA
2015-02-02,26.1,26.35,25.66,26.23,250956400,AAPL
2015-02-02,34.38,35.04,34.08,34.97,50352500,MSFT
2015-02-02,13.6,14.13,13.55,14.06,62238000,TSLA
2015-02-03,167.27,168.79,166.89,168.78,124212900,SPY
2015-02-03,0.47,0.48,0.47,0.48,183468000,NVDA
2015-02-03,26.2,26.33,26.0,26.23,207662800,AAPL
2015-02-03,35.26,35.52,34.77,35.24,52082400,MSFT
2015-02-03,14.21,14.69,14.08,14.56,72393000,TSLA
2015-02-04,168.02,169.23,167.69,168.14,134306700,SPY
2015-02-04,0.48,0.49,0.48,0.48,181516000,NVDA
2015-02-04,26.2,26.64,26.16,26.43,280598800,AAPL
2015-02-04,35.52,35.75,35.03,35.44,41614800,MSFT
2015-02-04,14.55,14.77,14.45,14.57,49581000,TSLA
2015-02-05,168.8,169.98,168.72,169.84,97953200,SPY
2015-02-05,0.48,0.49,0.48,0.49,140448000,NVDA
2015-02-05,26.64,26.69,26.47,26.62,168984800,AAPL
2015-02-05,35.76,36.12,35.46,35.96,36548200,MSFT
2015-02-05,14.66,15.03,14.64,14.73,52843500,TSLA
2015-02-06,170.2,170.76,168.85,169.37,125672000,SPY
2015-02-06,0.49,0.5,0.49,0.49,210524000,NVDA
2015-02-06,26.64,26.69,26.29,26.4,174826400,AAPL
2015-02-06,36.15,36.24,35.7,35.92,34616600,MSFT
2015-02-06,14.8,14.89,14.43,14.49,48658500,TSLA
2015-02-09,168.72,169.44,168.2,168.61,87219000,SPY
2015-02-09,0.49,0.49,0.48,0.49,273944000,NVDA
2015-02-09,26.31,26.6,26.29,26.57,155559200,AAPL
2015-02-09,35.78,36.2,35.75,35.88,31381100,MSFT
2015-02-09,14.36,14.53,14.13,14.5,52086000,TSLA
2015-02-10,169.64,170.66,168.65,170.4,96164200,SPY
2015-02-10,0.49,0.5,0.49,0.5,226204000,NVDA
2015-02-10,26.67,27.11,26.67,27.08,248034000,AAPL
2015-02-10,36.2,36.23,35.73,36.08,29670700,MSFT
2015-02-10,14.5,14.7,14.33,14.42,80857500,TSLA
2015-02-11,170.24,170.93,169.6,170.5,91087800,SPY
2015-02-11,0.5,0.5,0.49,0.5,320832000,NVDA
2015-02-11,27.25,27.73,27.19,27.72,294247200,AAPL
2015-02-11,36.13,36.13,35.75,35.9,38262500,MSFT
2015-02-11,14.15,14.32,13.82,14.19,146536500,TSLA
2015-02-12,171.29,172.2,170.54,172.14,97545900,SPY
2015-02-12,0.53,0.54,0.52,0.53,676904000,NVDA
2015-02-12,27.98,28.3,27.87,28.07,297898000,AAPL
2015-02-12,36.13,36.5,36.01,36.5,33268800,MSFT
2015-02-12,12.9,13.54,12.89,13.53,234744000,TSLA
2015-02-13,172.27,172.9,172.01,172.85,93670400,SPY
2015-02-13,0.53,0.53,0.52,0.53,310084000,NVDA
2015-02-13,28.25,28.25,27.89,28.21,217088800,AAPL
2015-02-13,36.74,37.16,36.55,37.16,40264900,MSFT
2015-02-13,13.53,13.73,13.39,13.58,92865000,TSLA
2015-02-17,172.54,173.3,172.29,173.12,76968200,SPY
2015-02-17,0.53,0.54,0.53,0.54,203340000,NVDA
2015-02-17,28.3,28.61,28.17,28.37,252609600,AAPL
2015-02-17,37.51,37.53,36.84,37.18,33695700,MSFT
2015-02-17,13.71,13.71,13.43,13.62,59694000,TSLA
2015-02-18,172.75,173.21,172.49,173.14,80652900,SPY
2015-02-18,0.54,0.54,0.53,0.53,170948000,NVDA
2015-02-18,28.33,28.58,28.29,28.57,179566800,AAPL
2015-02-18,37.22,37.28,37.01,37.13,27111700,MSFT
2015-02-18,13.61,13.74,13.51,13.63,40704000,TSLA
2015-02-19,172.55,173.38,172.41,173.02,91462500,SPY
2015-02-19,0.54,0.54,0.53,0.53,169432000,NVDA
2015-02-19,28.52,28.64,28.48,28.51,149449600,AAPL
2015-02-19,36.84,37.13,36.72,37.11,27603400,MSFT
2015-02-19,13.67,14.16,13.58,14.11,77311500,TSLA
2015-02-20,172.6,174.13,171.99,174.05,140896400,SPY
2015-02-20,0.53,0.54,0.53,0.53,157752000,NVDA
2015-02-20,28.55,28.74,28.42,28.74,195793600,AAPL
2015-02-20,37.12,37.43,36.93,37.42,29721100,MSFT
2015-02-20,14.05,14.51,13.99,14.47,89731500,TSLA
2015-02-23,173.81,174.03,173.43,174.03,74411100,SPY
2015-02-23,0.53,0.53,0.53,0.53,125008000,NVDA
2015-02-23,28.86,29.52,28.78,29.52,283896400,AAPL
2015-02-23,37.28,37.7,37.24,37.66,32518800,MSFT
2015-02-23,14.38,14.55,13.76,13.82,127497000,TSLA
2015-02-24,173.96,174.72,173.66,174.52,72472300,SPY
2015-02-24,0.53,0.54,0.53,0.54,149356000,NVDA
2015-02-24,29.51,29.65,29.11,29.34,276912400,AAPL
2015-02-24,37.66,37.79,37.47,37.61,25271700,MSFT
2015-02-24,13.82,13.82,13.45,13.61,99054000,TSLA
2015-02-25,174.4,174.88,174.04,174.38,73061700,SPY
2015-02-25,0.53,0.54,0.53,0.53,123820000,NVDA
2015-02-25,29.2,29.21,28.44,28.59,298846800,AAPL
2015-02-25,37.49,37.61,37.36,37.53,29759800,MSFT
2015-02-25,13.66,13.81,13.51,13.58,58642500,TSLA
2015-02-26,174.29,174.44,173.57,174.17,72697900,SPY
2015-02-26,0.53,0.54,0.53,0.53,152864000,NVDA
2015-02-26,28.59,29.05,28.1,28.95,365150000,AAPL
2015-02-26,37.53,37.73,37.44,37.59,28957300,MSFT
2015-02-26,13.6,14.07,13.48,13.81,97093500,TSLA
2015-02-27,174.07,174.33,173.53,173.58,108076000,SPY
2015-02-27,0.53,0.53,0.53,0.53,157492000,NVDA
2015-02-27,28.86,28.98,28.46,28.51,248059200,AAPL
2015-02-27,37.65,37.71,37.24,37.41,33807700,MSFT
2015-02-27,13.79,13.9,13.52,13.56,58231500,TSLA
2015-03-02,173.68,174.73,173.63,174.67,87491400,SPY
2015-03-02,0.53,0.55,0.53,0.54,301512000,NVDA
2015-03-02,28.69,28.92,28.48,28.65,192386800,AAPL
2015-03-02,37.25,37.7,37.15,37.43,31924000,MSFT
2015-03-02,13.51,13.56,13.06,13.16,118831500,TSLA
2015-03-03,174.24,174.72,173.1,173.96,110325800,SPY
2015-03-03,0.54,0.54,0.53,0.53,160344000,NVDA
2015-03-03,28.62,28.75,28.43,28.71,151265200,AAPL
2015-03-03,37.16,37.39,36.76,36.92,31748600,MSFT
2015-03-03,13.12,13.35,13.02,13.3,66484500,TSLA
2015-03-04,173.36,173.44,172.26,173.22,114497200,SPY
2015-03-04,0.53,0.54,0.53,0.54,226840000,NVDA
2015-03-04,28.66,28.76,28.48,28.53,126665200,AAPL
2015-03-04,36.69,36.86,36.58,36.73,25748700,MSFT
2015-03-04,13.28,13.5,13.15,13.5,63330000,TSLA
2015-03-05,173.54,173.69,172.91,173.41,76873000,SPY
2015-03-05,0.54,0.55,0.54,0.55,323056000,NVDA
2015-03-05,28.54,28.58,27.91,28.06,226068400,AAPL
2015-03-05,36.74,36.89,36.53,36.78,23193500,MSFT
2015-03-05,13.52,13.75,13.34,13.38,73155000,TSLA
2015-03-06,172.56,172.98,170.64,170.97,188128000,SPY
2015-03-06,0.55,0.55,0.54,0.54,257392000,NVDA
2015-03-06,28.5,28.72,28.02,28.1,291368400,AAPL
2015-03-06,36.68,36.78,35.96,36.14,36248800,MSFT
2015-03-06,13.28,13.38,12.81,12.93,100686000,TSLA
2015-03-09,171.17,172.04,171.01,171.68,89818900,SPY
2015-03-09,0.54,0.55,0.54,0.54,222388000,NVDA
2015-03-09,28.4,28.76,27.76,28.22,354114000,AAPL
2015-03-09,35.99,36.79,35.99,36.55,32108000,MSFT
2015-03-09,12.96,12.97,12.55,12.73,101050500,TSLA
2015-03-10,170.32,170.4,168.86,168.9,157121300,SPY
2015-03-10,0.55,0.56,0.54,0.55,527212000,NVDA
2015-03-10,28.06,28.24,27.48,27.64,275426400,AAPL
2015-03-10,36.13,36.43,35.85,35.85,39159700,MSFT
2015-03-10,12.56,12.9,12.51,12.69,83695500,TSLA
2015-03-11,169.15,169.33,168.42,168.5,110145700,SPY
2015-03-11,0.55,0.56,0.55,0.55,262120000,NVDA
2015-03-11,27.69,27.69,27.1,27.13,275756000,AAPL
2015-03-11,36.09,36.14,35.69,35.81,32215300,MSFT
2015-03-11,12.74,13.08,12.73,12.92,74623500,TSLA
2015-03-12,169.13,170.71,169.08,170.64,93993500,SPY
2015-03-12,0.54,0.55,0.53,0.54,406972000,NVDA
2015-03-12,27.15,27.72,27.0,27.62,193450800,AAPL
2015-03-12,35.26,35.53,34.86,34.99,59992500,MSFT
2015-03-12,12.92,12.96,12.65,12.74,62239500,TSLA
2015-03-13,170.37,171.33,168.57,169.6,162410900,SPY
2015-03-13,0.54,0.55,0.53,0.55,359288000,NVDA
2015-03-13,27.61,27.83,27.21,27.43,207309200,AAPL
2015-03-13,34.72,35.38,34.64,35.3,58007700,MSFT
2015-03-13,12.6,12.78,12.49,12.58,81514500,TSLA
2015-03-16,170.32,171.95,169.62,171.86,136099200,SPY
2015-03-16,0.55,0.56,0.55,0.55,236956000,NVDA
2015-03-16,27.5,27.73,27.27,27.73,143497200,AAPL
2015-03-16,35.38,35.52,35.21,35.45,35273500,MSFT
2015-03-16,12.8,13.06,12.65,13.05,84432000,TSLA
2015-03-17,171.13,171.73,170.54,171.35,94510400,SPY
2015-03-17,0.55,0.56,0.55,0.56,299900000,NVDA
2015-03-17,27.95,28.26,27.89,28.2,204092400,AAPL
2015-03-17,35.29,35.68,35.1,35.57,31673400,MSFT
2015-03-17,13.03,13.25,12.93,12.98,73411500,TSLA
2015-03-18,170.88,174.08,170.25,173.41,228808500,SPY
2015-03-18,0.56,0.56,0.54,0.55,413844000,NVDA
2015-03-18,28.19,28.67,28.05,28.52,261083600,AAPL
2015-03-18,35.34,36.54,35.26,36.26,44194800,MSFT
2015-03-18,13.0,13.39,12.87,13.38,72313500,TSLA
2015-03-19,173.0,173.42,172.23,172.62,117917300,SPY
2015-03-19,0.55,0.56,0.55,0.56,310756000,NVDA
2015-03-19,28.58,28.69,28.28,28.3,183238000,AAPL
2015-03-19,36.05,36.33,36.02,36.08,33879100,MSFT
2015-03-19,13.47,13.64,12.97,13.04,127128000,TSLA
2015-03-20,173.57,174.65,173.38,174.14,177715100,SPY
2015-03-20,0.56,0.57,0.56,0.56,462084000,NVDA
2015-03-20,28.47,28.5,27.78,27.95,274780400,AAPL
2015-03-20,36.31,36.66,36.25,36.58,71904500,MSFT
2015-03-20,13.16,13.27,13.04,13.21,64042500,TSLA
2015-03-23,174.15,174.72,173.81,173.81,71784500,SPY
2015-03-23,0.55,0.55,0.55,0.55,426012000,NVDA
2015-03-23,28.22,28.38,28.08,28.24,150838800,AAPL
2015-03-23,36.58,36.79,36.49,36.56,26246100,MSFT
2015-03-23,13.23,13.37,13.16,13.31,39474000,TSLA
2015-03-24,173.68,174.14,172.76,172.83,77805300,SPY
2015-03-24,0.54,0.55,0.54,0.54,330480000,NVDA
2015-03-24,28.24,28.42,28.09,28.12,131369200,AAPL
2015-03-24,36.49,36.83,36.47,36.6,25513300,MSFT
2015-03-24,13.44,13.59,13.32,13.45,54748500,TSLA
2015-03-25,173.04,173.27,170.25,170.3,159521700,SPY
2015-03-25,0.54,0.54,0.5,0.51,542552000,NVDA
2015-03-25,28.09,28.15,27.39,27.39,206620800,AAPL
2015-03-25,36.61,36.62,35.35,35.37,43469900,MSFT
2015-03-25,13.22,13.24,12.85,12.95,85956000,TSLA
2015-03-26,169.63,170.8,168.94,169.89,153067200,SPY
2015-03-26,0.5,0.51,0.49,0.5,311920000,NVDA
2015-03-26,27.25,27.72,27.21,27.58,190291600,AAPL
2015-03-26,35.16,35.5,34.91,35.15,37495600,MSFT
2015-03-26,12.93,12.99,12.65,12.69,61920000,TSLA
2015-03-27,169.77,170.45,169.58,170.28,118939000,SPY
2015-03-27,0.51,0.52,0.5,0.51,318288000,NVDA
2015-03-27,27.65,27.68,27.28,27.36,158184800,AAPL
2015-03-27,35.08,35.34,34.83,34.95,34401400,MSFT
2015-03-27,12.6,12.62,12.09,12.33,129073500,TSLA
2015-03-30,171.31,172.65,171.29,172.36,96180400,SPY
2015-03-30,0.52,0.52,0.51,0.52,253252000,NVDA
2015-03-30,27.53,28.06,27.52,28.05,188398800,AAPL
2015-03-30,35.06,35.44,34.9,34.94,35049700,MSFT
2015-03-30,12.39,12.82,12.12,12.7,151342500,TSLA
2015-03-31,171.54,172.23,170.79,170.85,126768700,SPY
2015-03-31,0.51,0.51,0.5,0.5,357276000,NVDA
2015-03-31,27.99,28.08,27.6,27.62,168362400,AAPL
2015-03-31,34.79,35.0,34.58,34.69,34887200,MSFT
2015-03-31,12.9,12.92,12.56,12.58,75399000,TSLA
2015-04-01,170.82,170.84,169.26,170.25,137303600,SPY
2015-04-01,0.5,0.51,0.5,0.5,330768000,NVDA
2015-04-01,27.71,27.77,27.32,27.58,162485600,AAPL
2015-04-01,34.63,34.77,34.39,34.74,36865300,MSFT
2015-04-01,12.58,12.82,12.4,12.51,56919000,TSLA
2015-04-02,170.18,171.31,170.0,170.86,86900900,SPY
2015-04-02,0.51,0.51,0.5,0.51,192204000,NVDA
2015-04-02,27.75,27.87,27.57,27.82,128880400,AAPL
2015-04-02,34.69,34.75,34.22,34.37,37487500,MSFT
2015-04-02,12.68,12.88,12.67,12.73,75156000,TSLA
2015-04-06,169.97,172.52,169.84,172.01,114368200,SPY
2015-04-06,0.5,0.52,0.5,0.52,515864000,NVDA
2015-04-06,27.63,28.3,27.6,28.27,148776000,AAPL
2015-04-06,34.41,35.64,34.28,35.44,39223700,MSFT
2015-04-06,13.2,13.85,13.17,13.54,186837000,TSLA
2015-04-07,172.03,172.78,171.52,171.55,81236300,SPY
2015-04-07,0.52,0.53,0.52,0.53,413964000,NVDA
2015-04-07,28.33,28.44,27.96,27.97,140049200,AAPL
2015-04-07,35.5,35.75,35.24,35.43,28809400,MSFT
2015-04-07,13.5,13.67,13.41,13.55,65218500,TSLA
2015-04-08,171.78,172.57,171.39,172.13,89351900,SPY
2015-04-08,0.53,0.53,0.52,0.53,366432000,NVDA
2015-04-08,27.93,28.06,27.74,27.88,149316800,AAPL
2015-04-08,35.37,35.56,35.01,35.33,24753400,MSFT
2015-04-08,13.88,14.06,13.72,13.84,94546500,TSLA
2015-04-09,171.97,173.13,171.48,172.9,85548900,SPY
2015-04-09,0.53,0.54,0.52,0.54,379432000,NVDA
2015-04-09,27.93,28.1,27.67,28.09,129936000,AAPL
2015-04-09,35.19,35.5,35.19,35.38,25723900,MSFT
2015-04-09,13.9,14.02,13.74,14.01,57003000,TSLA
2015-04-10,173.14,173.88,172.94,173.84,72722900,SPY
2015-04-10,0.54,0.55,0.54,0.55,258728000,NVDA
2015-04-10,27.96,28.24,27.8,28.21,160752000,AAPL
2015-04-10,35.51,35.79,35.33,35.59,28022000,MSFT
2015-04-10,13.99,14.11,13.93,14.06,61015500,TSLA
2015-04-13,173.7,174.33,173.0,173.05,74436600,SPY
2015-04-13,0.55,0.55,0.54,0.54,236724000,NVDA
2015-04-13,28.49,28.54,28.1,28.16,145460400,AAPL
2015-04-13,35.32,35.88,35.31,35.62,30276700,MSFT
2015-04-13,14.03,14.2,13.94,13.99,56373000,TSLA
2015-04-14,172.85,173.57,172.23,173.38,75099900,SPY
2015-04-14,0.54,0.54,0.53,0.54,220276000,NVDA
2015-04-14,28.19,28.25,27.95,28.03,102098400,AAPL
2015-04-14,35.66,35.85,35.31,35.53,24244400,MSFT
2015-04-14,13.9,13.97,13.7,13.83,45390000,TSLA
2015-04-15,173.85,174.67,173.76,174.16,99529300,SPY
2015-04-15,0.54,0.55,0.54,0.54,243560000,NVDA
2015-04-15,28.06,28.22,27.97,28.14,115881600,AAPL
2015-04-15,35.62,36.22,35.56,36.05,27343600,MSFT
2015-04-15,13.83,13.97,13.77,13.86,29286000,TSLA
2015-04-16,173.83,174.62,173.63,174.11,68934900,SPY
2015-04-16,0.54,0.55,0.54,0.54,155284000,NVDA
2015-04-16,28.03,28.21,27.99,28.0,113476000,AAPL
2015-04-16,35.79,36.12,35.67,35.96,22509700,MSFT
2015-04-16,13.85,13.94,13.75,13.78,24886500,TSLA
2015-04-17,172.93,173.17,171.33,172.11,191113200,SPY
2015-04-17,0.53,0.54,0.53,0.53,293636000,NVDA
2015-04-17,27.87,28.0,27.63,27.69,207828000,AAPL
2015-04-17,35.55,35.61,35.11,35.5,42387600,MSFT
2015-04-17,13.67,13.79,13.57,13.79,37048500,TSLA
2015-04-20,173.03,174.01,172.94,173.68,92189500,SPY
2015-04-20,0.54,0.54,0.53,0.53,231624000,NVDA
2015-04-20,27.87,28.44,27.78,28.32,188217200,AAPL
2015-04-20,35.6,36.83,35.56,36.6,46057700,MSFT
2015-04-20,13.79,13.86,13.59,13.68,38389500,TSLA
2015-04-21,174.36,174.52,173.18,173.47,72559800,SPY
2015-04-21,0.54,0.54,0.53,0.53,230456000,NVDA
2015-04-21,28.43,28.46,28.12,28.17,129740400,AAPL
2015-04-21,36.68,36.81,36.28,36.37,26013800,MSFT
2015-04-21,13.72,14.05,13.62,13.96,51487500,TSLA
2015-04-22,173.81,174.51,172.9,174.33,78264600,SPY
2015-04-22,0.53,0.54,0.53,0.54,207420000,NVDA
2015-04-22,28.19,28.6,28.04,28.55,150618000,AAPL
2015-04-22,36.4,36.79,36.3,36.67,25064300,MSFT
2015-04-22,14.17,14.79,14.11,14.63,117945000,TSLA
2015-04-23,173.93,175.41,173.81,174.77,102585900,SPY
2015-04-23,0.53,0.54,0.52,0.53,259380000,NVDA
2015-04-23,28.48,28.95,28.44,28.78,183083600,AAPL
2015-04-23,36.59,37.2,36.51,36.97,46309500,MSFT
2015-04-23,14.55,14.77,14.48,14.57,66168000,TSLA
2015-04-24,175.18,175.44,174.72,175.17,61327400,SPY
2015-04-24,0.53,0.53,0.52,0.53,240960000,NVDA
2015-04-24,28.96,28.99,28.68,28.92,178103600,AAPL
2015-04-24,38.95,41.07,38.94,40.84,130933700,MSFT
2015-04-24,14.7,14.72,14.53,14.56,36417000,TSLA
2015-04-27,175.73,175.86,174.25,174.44,79358100,SPY
2015-04-27,0.53,0.54,0.53,0.53,248456000,NVDA
2015-04-27,29.37,29.55,29.11,29.44,387816800,AAPL
2015-04-27,40.29,41.06,40.28,40.97,59248200,MSFT
2015-04-27,14.84,15.92,14.8,15.44,175089000,TSLA
2015-04-28,174.42,175.05,173.25,175.0,86863500,SPY
2015-04-28,0.53,0.54,0.53,0.54,234484000,NVDA
2015-04-28,29.85,29.86,28.76,28.98,475696000,AAPL
2015-04-28,40.76,41.98,40.69,41.94,60730800,MSFT
2015-04-28,15.65,15.7,15.2,15.37,91281000,TSLA
2015-04-29,174.11,174.87,173.47,174.28,125684900,SPY
2015-04-29,0.53,0.54,0.53,0.53,195156000,NVDA
2015-04-29,28.89,29.21,28.48,28.55,253544400,AAPL
2015-04-29,41.56,42.06,41.37,41.85,47804600,MSFT
2015-04-29,15.34,15.66,15.18,15.5,59041500,TSLA
2015-04-30,173.71,174.1,171.84,172.53,161304900,SPY
2015-04-30,0.53,0.54,0.53,0.53,218844000,NVDA
2015-04-30,28.55,28.55,27.65,27.78,332781600,AAPL
2015-04-30,41.54,42.26,41.46,41.49,64725500,MSFT
2015-04-30,15.36,15.53,15.01,15.07,58678500,TSLA
2015-05-01,173.31,174.44,173.21,174.4,103399700,SPY
2015-05-01,0.54,0.55,0.54,0.55,256968000,NVDA
2015-05-01,27.99,28.88,27.81,28.62,234050400,AAPL
2015-05-01,41.44,41.7,41.29,41.51,38937300,MSFT
2015-05-01,15.33,15.45,14.69,15.07,79225500,TSLA
2015-05-04,174.82,175.48,174.72,174.9,70927200,SPY
2015-05-04,0.55,0.55,0.54,0.54,200720000,NVDA
2015-05-04,28.74,28.98,28.47,28.57,203953200,AAPL
2015-05-04,41.26,41.69,41.1,41.15,34039500,MSFT
2015-05-04,15.21,15.65,15.14,15.37,66519000,TSLA
2015-05-05,174.66,175.01,172.75,172.9,113326200,SPY
2015-05-05,0.54,0.54,0.53,0.53,292928000,NVDA
2015-05-05,28.44,28.51,27.92,27.92,197085600,AAPL
2015-05-05,40.79,41.08,40.36,40.61,50369200,MSFT
2015-05-05,15.85,15.97,15.28,15.53,86953500,TSLA
2015-05-06,173.44,173.75,171.12,172.18,135060200,SPY
2015-05-06,0.53,0.54,0.52,0.53,316484000,NVDA
2015-05-06,28.09,28.13,27.38,27.75,288564000,AAPL
2015-05-06,40.58,40.75,39.26,39.48,52433000,MSFT
2015-05-06,15.61,15.63,15.21,15.36,79063500,TSLA
2015-05-07,172.08,173.29,171.75,172.87,88244900,SPY
2015-05-07,0.53,0.54,0.53,0.54,534564000,NVDA
2015-05-07,27.81,28.1,27.64,27.92,175763600,AAPL
2015-05-07,39.47,40.17,39.38,39.84,32971700,MSFT
2015-05-07,14.73,15.83,14.68,15.79,141838500,TSLA
2015-05-08,174.53,175.34,174.45,175.15,155877300,SPY
2015-05-08,0.5,0.52,0.49,0.5,1146552000,NVDA
2015-05-08,28.24,28.45,28.11,28.45,222201600,AAPL
2015-05-08,40.56,40.93,40.54,40.73,35364900,MSFT
2015-05-08,15.73,15.89,15.58,15.77,70023000,TSLA
2015-05-11,175.1,175.37,174.24,174.31,75708100,SPY
2015-05-11,0.49,0.5,0.49,0.5,544144000,NVDA
2015-05-11,28.39,28.43,28.0,28.16,168143200,AAPL
2015-05-11,40.56,40.87,40.41,40.41,24609400,MSFT
2015-05-11,15.75,16.19,15.69,15.97,85084500,TSLA
2015-05-12,173.48,174.33,172.66,173.79,119727600,SPY
2015-05-12,0.49,0.5,0.49,0.5,388800000,NVDA
2015-05-12,27.99,28.28,27.82,28.06,192640000,AAPL
2015-05-12,39.97,40.67,39.6,40.39,29928300,MSFT
2015-05-12,16.01,16.42,15.88,16.32,95451000,TSLA
2015-05-13,174.19,174.82,173.59,173.82,94667900,SPY
2015-05-13,0.5,0.51,0.5,0.5,308524000,NVDA
2015-05-13,28.12,28.35,28.06,28.09,138776800,AAPL
2015-05-13,41.11,41.22,40.58,40.63,34184600,MSFT
2015-05-13,16.51,16.55,16.15,16.21,81603000,TSLA
2015-05-14,174.83,175.73,174.56,175.63,95934000,SPY
2015-05-14,0.5,0.51,0.5,0.51,293052000,NVDA
2015-05-14,28.4,28.74,28.34,28.74,180814000,AAPL
2015-05-14,40.97,41.65,40.97,41.56,32980900,MSFT
2015-05-14,16.32,16.33,16.08,16.27,43438500,TSLA
2015-05-15,175.82,175.97,175.34,175.82,76510100,SPY
2015-05-15,0.51,0.52,0.51,0.51,215824000,NVDA
2015-05-15,28.77,28.86,28.58,28.7,152832000,AAPL
2015-05-15,41.69,41.72,40.99,41.2,28642700,MSFT
2015-05-15,16.26,16.63,16.17,16.59,67914000,TSLA
2015-05-18,175.66,176.62,175.59,176.37,74549700,SPY
2015-05-18,0.51,0.51,0.51,0.51,324972000,NVDA
2015-05-18,28.61,29.14,28.61,29.02,203531600,AAPL
2015-05-18,40.93,41.13,40.61,40.96,24136500,MSFT
2015-05-18,16.47,16.66,16.4,16.58,50298000,TSLA
2015-05-19,176.49,176.76,176.03,176.31,72114600,SPY
2015-05-19,0.51,0.51,0.51,0.51,253808000,NVDA
2015-05-19,29.13,29.17,28.9,28.99,178532800,AAPL
2015-05-19,40.84,41.05,40.51,40.85,28574800,MSFT
2015-05-19,16.56,16.73,16.41,16.48,55113000,TSLA
2015-05-20,176.41,176.93,175.87,176.19,76857500,SPY
2015-05-20,0.51,0.51,0.51,0.51,196824000,NVDA
2015-05-20,28.98,29.19,28.83,28.99,145819600,AAPL
2015-05-20,40.69,41.15,40.59,40.85,25047900,MSFT
2015-05-20,16.48,16.52,16.09,16.29,56334000,TSLA
2015-05-21,176.05,176.91,175.88,176.7,64764600,SPY
2015-05-21,0.51,0.51,0.5,0.5,239692000,NVDA
2015-05-21,28.99,29.34,28.94,29.29,158921600,AAPL
2015-05-21,40.59,40.87,40.36,40.71,22410700,MSFT
2015-05-21,16.2,16.44,16.16,16.37,29559000,TSLA
2015-05-22,176.32,176.74,176.21,176.28,57433500,SPY
2015-05-22,0.51,0.51,0.5,0.5,212592000,NVDA
2015-05-22,29.33,29.64,29.29,29.54,182384000,AAPL
2015-05-22,40.61,40.65,40.2,40.27,25720600,MSFT
2015-05-22,16.36,16.57,16.33,16.52,33346500,TSLA
2015-05-26,175.79,176.21,173.97,174.38,124308600,SPY
2015-05-26,0.5,0.5,0.5,0.5,259732000,NVDA
2015-05-26,29.56,29.62,28.78,28.89,282790400,AAPL
2015-05-26,40.21,40.25,39.66,40.0,29581900,MSFT
2015-05-26,16.51,16.8,16.43,16.5,52480500,TSLA
2015-05-27,174.84,176.27,174.43,176.04,93214000,SPY
2015-05-27,0.5,0.53,0.5,0.53,432332000,NVDA
2015-05-27,29.05,29.48,28.99,29.43,183332800,AAPL
2015-05-27,40.2,41.02,40.03,40.88,27335600,MSFT
2015-05-27,16.57,16.63,16.37,16.5,51123000,TSLA
2015-05-28,175.73,175.95,175.15,175.84,74974600,SPY
2015-05-28,0.53,0.54,0.53,0.53,327656000,NVDA
2015-05-28,29.39,29.41,29.22,29.37,122933200,AAPL
2015-05-28,40.78,41.23,40.69,40.74,19283700,MSFT
2015-05-28,16.47,16.79,16.34,16.76,54709500,TSLA
2015-05-29,175.78,175.82,174.48,174.75,124919600,SPY
2015-05-29,0.53,0.54,0.53,0.53,335168000,NVDA
2015-05-29,29.25,29.3,28.95,29.04,203538000,AAPL
2015-05-29,40.72,40.84,40.0,40.23,36519600,MSFT
2015-05-29,16.73,16.86,16.63,16.72,56839500,TSLA
2015-06-01,175.41,175.74,174.32,175.1,93338800,SPY
2015-06-01,0.54,0.55,0.53,0.54,372660000,NVDA
2015-06-01,29.04,29.29,28.99,29.1,128451200,AAPL
2015-06-01,40.41,41.02,40.03,40.55,28837300,MSFT
2015-06-01,16.76,16.77,16.5,16.63,37576500,TSLA
2015-06-02,174.65,175.62,174.03,174.93,91531000,SPY
2015-06-02,0.54,0.54,0.53,0.53,224304000,NVDA
2015-06-02,28.94,29.12,28.82,28.97,134670400,AAPL
2015-06-02,40.29,40.65,40.03,40.29,21498300,MSFT
2015-06-02,16.59,16.63,16.42,16.56,32022000,TSLA
2015-06-03,175.46,176.02,174.91,175.39,87820900,SPY
2015-06-03,0.53,0.54,0.52,0.52,250788000,NVDA
2015-06-03,29.12,29.19,28.95,29.0,123934000,AAPL
2015-06-03,40.67,40.99,40.2,40.23,28002200,MSFT
2015-06-03,16.55,16.71,16.47,16.6,26722500,TSLA
2015-06-04,174.69,175.34,173.6,173.91,151882800,SPY
2015-06-04,0.52,0.53,0.52,0.53,323712000,NVDA
2015-06-04,28.88,29.1,28.73,28.83,153800400,AAPL
2015-06-04,40.17,40.49,39.67,39.8,27745500,MSFT
2015-06-04,16.5,16.62,16.38,16.39,36804000,TSLA
2015-06-05,173.76,174.29,172.96,173.62,121704700,SPY
2015-06-05,0.53,0.54,0.53,0.54,313320000,NVDA
2015-06-05,28.86,28.91,28.61,28.67,142507200,AAPL
2015-06-05,39.76,39.94,39.36,39.62,25438100,MSFT
2015-06-05,16.4,16.65,16.38,16.61,45330000,TSLA
2015-06-08,173.51,173.66,172.47,172.55,89063300,SPY
2015-06-08,0.54,0.54,0.52,0.53,342812000,NVDA
2015-06-08,28.73,28.8,28.27,28.49,210699200,AAPL
2015-06-08,39.75,39.86,39.21,39.26,22121600,MSFT
2015-06-08,16.72,17.25,16.69,17.09,75255000,TSLA
2015-06-09,172.52,173.06,171.89,172.52,105034700,SPY
2015-06-09,0.53,0.53,0.52,0.53,256888000,NVDA
2015-06-09,28.24,28.55,28.0,28.4,224301600,AAPL
2015-06-09,39.29,39.44,39.03,39.2,24406100,MSFT
2015-06-09,17.03,17.18,16.94,17.07,39166500,TSLA
2015-06-10,173.28,174.97,173.23,174.59,134551300,SPY
2015-06-10,0.52,0.52,0.52,0.52,529460000,NVDA
2015-06-10,28.51,28.83,28.5,28.73,156349200,AAPL
2015-06-10,39.32,40.21,39.23,40.02,28417400,MSFT
2015-06-10,16.79,16.93,16.57,16.71,51817500,TSLA
2015-06-11,175.03,175.54,174.8,175.15,73876400,SPY
2015-06-11,0.52,0.53,0.52,0.52,283052000,NVDA
2015-06-11,28.79,29.02,28.64,28.66,141563600,AAPL
2015-06-11,40.06,40.29,39.61,39.87,27347800,MSFT
2015-06-11,16.88,16.96,16.7,16.76,30661500,TSLA
2015-06-12,174.34,175.03,173.54,173.81,135382400,SPY
2015-06-12,0.52,0.52,0.51,0.51,323728000,NVDA
2015-06-12,28.57,28.6,28.33,28.34,147544800,AAPL
2015-06-12,39.68,39.9,39.41,39.47,23931000,MSFT
2015-06-12,16.68,16.9,16.68,16.71,21334500,TSLA
2015-06-15,172.68,173.35,171.98,173.07,124384200,SPY
2015-06-15,0.51,0.51,0.5,0.51,306548000,NVDA
2015-06-15,28.11,28.36,28.02,28.29,175955600,AAPL
2015-06-15,39.02,39.2,38.65,39.05,33254500,MSFT
2015-06-15,16.65,16.75,16.4,16.69,32793000,TSLA
2015-06-16,172.92,174.1,172.75,174.01,85308200,SPY
2015-06-16,0.51,0.52,0.5,0.51,256892000,NVDA
2015-06-16,28.31,28.5,28.17,28.44,125976400,AAPL
2015-06-16,38.94,39.7,38.89,39.35,27070300,MSFT
2015-06-16,16.68,16.9,16.61,16.87,29770500,TSLA
2015-06-17,174.29,174.9,173.28,174.29,126708600,SPY
2015-06-17,0.51,0.52,0.51,0.52,233544000,NVDA
2015-06-17,28.47,28.5,28.25,28.37,131672400,AAPL
2015-06-17,39.26,39.56,38.95,39.47,28704100,MSFT
2015-06-17,16.81,17.62,16.8,17.36,82693500,TSLA
2015-06-18,174.89,176.57,174.33,176.11,165867900,SPY
2015-06-18,0.53,0.53,0.52,0.53,299404000,NVDA
2015-06-18,28.36,28.6,28.36,28.5,141628800,AAPL
2015-06-18,39.68,40.18,39.64,40.11,32658300,MSFT
2015-06-18,17.47,17.56,17.33,17.46,41740500,TSLA
2015-06-19,175.87,175.94,174.95,175.32,130478700,SPY
2015-06-19,0.53,0.53,0.52,0.53,355656000,NVDA
2015-06-19,28.47,28.49,28.17,28.22,218867600,AAPL
2015-06-19,40.17,40.21,39.49,39.58,63837000,MSFT
2015-06-19,17.49,17.59,17.34,17.5,36945000,TSLA
2015-06-22,176.24,176.8,176.01,176.22,70696000,SPY
2015-06-22,0.53,0.53,0.52,0.53,514236000,NVDA
2015-06-22,28.42,28.54,28.32,28.44,136157200,AAPL
2015-06-22,39.78,40.11,39.63,39.69,20318100,MSFT
2015-06-22,17.48,17.63,17.05,17.32,68416500,TSLA
2015-06-23,176.43,176.68,175.96,176.35,68476800,SPY
2015-06-23,0.53,0.53,0.51,0.51,414064000,NVDA
2015-06-23,28.41,28.44,28.28,28.31,121075600,AAPL
2015-06-23,39.61,39.74,39.17,39.42,25896500,MSFT
2015-06-23,17.35,17.87,17.24,17.84,58062000,TSLA
2015-06-24,176.08,176.46,175.04,175.07,92307300,SPY
2015-06-24,0.51,0.51,0.5,0.51,253368000,NVDA
2015-06-24,28.35,28.93,28.33,28.55,221123600,AAPL
2015-06-24,39.21,39.71,39.11,39.19,34890900,MSFT
2015-06-24,17.8,17.82,17.58,17.68,36184500,TSLA
2015-06-25,175.57,175.69,174.46,174.53,97107400,SPY
2015-06-25,0.51,0.51,0.51,0.51,350460000,NVDA
2015-06-25,28.72,28.8,28.42,28.42,127752400,AAPL
2015-06-25,39.52,39.55,39.07,39.2,20616000,MSFT
2015-06-25,17.76,18.09,17.68,17.92,42738000,TSLA
2015-06-26,174.89,175.13,173.95,174.5,104174800,SPY
2015-06-26,0.51,0.51,0.5,0.5,421296000,NVDA
2015-06-26,28.46,28.53,28.2,28.25,176267200,AAPL
2015-06-26,39.2,39.74,38.66,38.86,49835300,MSFT
2015-06-26,17.93,17.94,17.73,17.81,57576000,TSLA
2015-06-29,173.03,174.51,170.77,170.84,202621300,SPY
2015-06-29,0.49,0.5,0.49,0.49,391724000,NVDA
2015-06-29,27.96,28.19,27.75,27.76,196645600,AAPL
2015-06-29,38.67,38.83,38.09,38.1,34081700,MSFT
2015-06-29,17.46,17.73,17.38,17.47,52183500,TSLA
2015-06-30,172.37,172.42,170.73,171.2,182925100,SPY
2015-06-30,0.49,0.49,0.48,0.49,315916000,NVDA
2015-06-30,27.99,28.11,27.83,27.96,177482800,AAPL
2015-06-30,38.39,38.4,37.73,37.91,35945400,MSFT
2015-06-30,17.65,18.06,17.6,17.88,46303500,TSLA
2015-07-01,172.76,173.01,171.79,172.57,135979900,SPY
2015-07-01,0.5,0.5,0.49,0.49,302892000,NVDA
2015-07-01,28.28,28.29,28.08,28.22,120955200,AAPL
2015-07-01,38.17,38.83,37.86,38.16,28343900,MSFT
2015-07-01,18.07,18.17,17.86,17.94,31518000,TSLA
2015-07-02,173.05,173.21,172.0,172.41,104373700,SPY
2015-07-02,0.49,0.5,0.49,0.49,145764000,NVDA
2015-07-02,28.18,28.24,28.03,28.18,108844000,AAPL
2015-07-02,38.19,38.42,37.83,38.12,21752000,MSFT
2015-07-02,18.68,18.83,18.22,18.67,107458500,TSLA
2015-07-06,171.13,172.7,170.93,171.92,117975400,SPY
2015-07-06,0.49,0.5,0.48,0.49,214776000,NVDA
2015-07-06,27.85,28.14,27.83,28.08,112241600,AAPL
2015-07-06,37.74,38.19,37.74,38.11,23034000,MSFT
2015-07-06,18.59,18.78,18.42,18.65,61828500,TSLA
2015-07-07,172.12,173.13,169.75,173.0,173820200,SPY
2015-07-07,0.48,0.49,0.46,0.48,594252000,NVDA
2015-07-07,28.06,28.12,27.59,28.01,187787200,AAPL
2015-07-07,38.07,38.2,37.19,38.04,36435800,MSFT
2015-07-07,18.33,18.35,17.38,17.86,91576500,TSLA
2015-07-08,171.67,171.96,169.87,170.1,164020100,SPY
2015-07-08,0.48,0.48,0.47,0.47,332492000,NVDA
2015-07-08,27.75,27.78,27.31,27.32,243046400,AAPL
2015-07-08,38.16,38.55,37.8,37.98,39785900,MSFT
2015-07-08,17.29,17.39,16.95,17.0,93316500,TSLA
2015-07-09,172.19,172.45,170.3,170.41,144113100,SPY
2015-07-09,0.48,0.48,0.47,0.47,357588000,NVDA
2015-07-09,27.6,27.65,26.57,26.76,314380000,AAPL
2015-07-09,38.42,38.83,38.21,38.23,32424700,MSFT
2015-07-09,17.27,17.53,17.12,17.19,50011500,TSLA
2015-07-10,172.4,172.97,170.45,172.56,129456900,SPY
2015-07-10,0.47,0.48,0.47,0.48,216708000,NVDA
2015-07-10,27.18,27.6,27.02,27.48,245418000,AAPL
2015-07-10,38.65,38.76,38.27,38.3,25465800,MSFT
2015-07-10,17.48,17.53,17.19,17.28,39163500,TSLA
2015-07-13,173.81,174.57,173.77,174.46,106069400,SPY
2015-07-13,0.48,0.48,0.48,0.48,212472000,NVDA
2015-07-13,27.87,28.03,27.71,28.01,165762000,AAPL
2015-07-13,38.62,39.17,38.59,39.1,28178300,MSFT
2015-07-13,17.48,17.5,17.07,17.48,44404500,TSLA
2015-07-14,174.42,175.52,174.36,175.22,81709600,SPY
2015-07-14,0.48,0.48,0.47,0.48,249216000,NVDA
2015-07-14,28.09,28.17,27.87,28.0,127072400,AAPL
2015-07-14,39.02,39.46,38.9,39.17,22880300,MSFT
2015-07-14,17.47,17.73,17.37,17.71,28614000,TSLA
2015-07-15,175.26,175.72,174.68,175.16,97914100,SPY
2015-07-15,0.48,0.48,0.47,0.48,265732000,NVDA
2015-07-15,28.02,28.34,27.99,28.27,134596800,AAPL
2015-07-15,39.22,39.4,39.01,39.29,26629600,MSFT
2015-07-15,17.78,17.83,17.47,17.54,30324000,TSLA
2015-07-16,176.21,176.56,175.96,176.56,106683300,SPY
2015-07-16,0.48,0.49,0.48,0.49,282848000,NVDA
2015-07-16,28.47,28.66,28.38,28.64,144889600,AAPL
2015-07-16,39.5,40.09,39.47,40.06,26271700,MSFT
2015-07-16,17.61,17.81,17.54,17.78,24240000,TSLA
2015-07-17,176.56,176.77,176.15,176.71,89030000,SPY
2015-07-17,0.49,0.49,0.48,0.48,220372000,NVDA
2015-07-17,28.77,28.89,28.6,28.89,184658800,AAPL
2015-07-17,39.97,40.17,39.72,40.03,29467100,MSFT
2015-07-17,18.17,18.37,17.88,18.31,75061500,TSLA
2015-07-20,176.94,177.3,176.49,176.8,70446800,SPY
2015-07-20,0.48,0.49,0.47,0.48,188412000,NVDA
2015-07-20,29.19,29.64,29.13,29.44,235600800,AAPL
2015-07-20,40.05,40.47,39.87,40.29,30631900,MSFT
2015-07-20,18.33,19.11,18.17,18.82,74677500,TSLA
2015-07-21,176.67,176.93,175.81,176.11,77965000,SPY
2015-07-21,0.47,0.48,0.47,0.48,149720000,NVDA
2015-07-21,29.61,29.63,29.05,29.14,307025600,AAPL
2015-07-21,40.17,40.64,39.91,40.59,42781900,MSFT
2015-07-21,18.0,18.23,17.77,17.78,91630500,TSLA
2015-07-22,175.42,176.12,175.39,175.79,88667900,SPY
2015-07-22,0.47,0.47,0.46,0.47,356472000,NVDA
2015-07-22,27.19,27.97,27.19,27.91,461802400,AAPL
2015-07-22,39.01,40.29,38.81,39.1,59152400,MSFT
2015-07-22,17.42,17.96,17.39,17.86,46575000,TSLA
2015-07-23,175.92,176.02,174.44,174.8,90509100,SPY
2015-07-23,0.47,0.48,0.47,0.47,169916000,NVDA
2015-07-23,28.13,28.33,27.87,27.9,203998000,AAPL
2015-07-23,38.87,39.69,38.72,39.59,33934000,MSFT
2015-07-23,17.98,17.99,17.68,17.81,33408000,TSLA
2015-07-24,174.9,174.96,172.65,172.99,117755000,SPY
2015-07-24,0.48,0.48,0.47,0.47,188844000,NVDA
2015-07-24,27.93,28.03,27.62,27.75,168649200,AAPL
2015-07-24,39.42,39.77,39.32,39.44,32333200,MSFT
2015-07-24,17.83,18.07,17.59,17.69,42547500,TSLA
2015-07-27,172.11,172.61,171.54,171.98,132361100,SPY
2015-07-27,0.46,0.47,0.46,0.47,192420000,NVDA
2015-07-27,27.44,27.55,27.22,27.36,177822000,AAPL
2015-07-27,39.44,39.5,38.85,38.94,39701400,MSFT
2015-07-27,17.5,17.63,16.72,16.87,70413000,TSLA
2015-07-28,172.81,174.23,171.99,174.09,123544800,SPY
2015-07-28,0.47,0.48,0.46,0.48,198308000,NVDA
2015-07-28,27.5,27.62,27.32,27.5,134472400,AAPL
2015-07-28,39.14,39.19,38.46,38.93,34328900,MSFT
2015-07-28,17.05,17.69,16.79,17.65,58437000,TSLA
2015-07-29,174.22,175.52,174.08,175.29,105791300,SPY
2015-07-29,0.48,0.49,0.47,0.48,232680000,NVDA
2015-07-29,27.45,27.53,27.25,27.41,148046800,AAPL
2015-07-29,38.98,40.17,38.86,39.74,40945900,MSFT
2015-07-29,17.62,17.86,17.47,17.59,41851500,TSLA
2015-07-30,174.78,175.5,174.17,175.33,91304400,SPY
2015-07-30,0.48,0.49,0.48,0.48,190180000,NVDA
2015-07-30,27.26,27.32,27.13,27.28,134513200,AAPL
2015-07-30,39.72,40.7,39.44,40.25,39777900,MSFT
2015-07-30,17.51,17.8,17.47,17.79,30519000,TSLA
2015-07-31,175.83,175.86,174.78,175.07,103266900,SPY
2015-07-31,0.49,0.49,0.48,0.48,218340000,NVDA
2015-07-31,27.33,27.34,26.95,27.04,171540000,AAPL
2015-07-31,40.6,40.67,39.93,40.1,31201500,MSFT
2015-07-31,17.84,17.96,17.67,17.74,33339000,TSLA
2015-08-03,175.03,175.09,173.53,174.48,113965700,SPY
2015-08-03,0.49,0.49,0.48,0.49,397132000,NVDA
2015-08-03,27.08,27.32,26.19,26.4,279904000,AAPL
2015-08-03,40.34,40.35,39.88,40.19,24125900,MSFT
2015-08-03,17.75,17.78,17.14,17.33,38302500,TSLA
2015-08-04,174.4,174.86,173.65,174.14,81820800,SPY
2015-08-04,0.49,0.49,0.49,0.49,260100000,NVDA
2015-08-04,26.17,26.23,25.24,25.55,496554400,AAPL
2015-08-04,40.14,40.96,40.08,40.82,33403900,MSFT
2015-08-04,17.33,17.78,17.22,17.75,35287500,TSLA
2015-08-05,175.03,175.74,174.43,174.71,85786800,SPY
2015-08-05,0.5,0.5,0.5,0.5,234628000,NVDA
2015-08-05,25.18,26.18,24.99,25.72,397250400,AAPL
2015-08-05,41.2,41.56,40.82,40.85,26959700,MSFT
2015-08-05,17.57,18.07,17.36,18.01,93214500,TSLA
2015-08-06,174.89,175.0,172.7,173.28,116030800,SPY
2015-08-06,0.5,0.5,0.49,0.49,655676000,NVDA
2015-08-06,25.97,26.08,25.55,25.78,211612000,AAPL
2015-08-06,40.96,41.02,39.78,40.03,27368000,MSFT
2015-08-06,16.64,17.0,15.74,16.41,219357000,TSLA
2015-08-07,173.12,173.27,172.05,172.95,117858000,SPY
2015-08-07,0.54,0.56,0.53,0.55,1405248000,NVDA
2015-08-07,25.65,26.03,25.64,25.86,154681600,AAPL
2015-08-07,39.83,40.17,39.72,40.13,19163000,MSFT
2015-08-07,16.24,16.25,15.89,16.17,76101000,TSLA
2015-08-10,174.05,175.21,174.05,175.12,80270700,SPY
2015-08-10,0.55,0.58,0.55,0.57,662304000,NVDA
2015-08-10,26.09,26.87,26.09,26.81,219806400,AAPL
2015-08-10,40.31,40.78,40.22,40.64,23079900,MSFT
2015-08-10,15.88,16.2,15.74,16.08,62788500,TSLA
2015-08-11,173.79,174.21,172.79,173.54,126081400,SPY
2015-08-11,0.57,0.58,0.57,0.57,435008000,NVDA
2015-08-11,26.38,26.46,25.37,25.41,388331200,AAPL
2015-08-11,40.2,40.3,39.41,39.85,29237400,MSFT
2015-08-11,15.81,15.95,15.63,15.82,63973500,TSLA
2015-08-12,172.25,173.94,170.79,173.75,172123700,SPY
2015-08-12,0.56,0.58,0.56,0.57,384048000,NVDA
2015-08-12,25.2,25.84,24.55,25.8,404870000,AAPL
2015-08-12,39.66,40.27,39.25,40.13,30181400,MSFT
2015-08-12,15.67,15.98,15.52,15.88,55920000,TSLA
2015-08-13,173.59,174.28,173.0,173.54,89383300,SPY
2015-08-13,0.57,0.57,0.57,0.57,276884000,NVDA
2015-08-13,25.98,26.06,25.65,25.78,194143200,AAPL
2015-08-13,40.41,40.44,39.92,40.12,22627200,MSFT
2015-08-13,15.99,16.43,15.94,16.17,70338000,TSLA
2015-08-14,173.35,174.24,173.2,174.17,72786500,SPY
2015-08-14,0.57,0.57,0.56,0.57,214652000,NVDA
2015-08-14,25.6,26.04,25.53,25.96,171718000,AAPL
2015-08-14,39.95,40.44,39.94,40.35,21473400,MSFT
2015-08-14,16.48,16.53,16.12,16.21,65472000,TSLA
2015-08-17,173.58,175.14,173.12,175.14,79072600,SPY
2015-08-17,0.57,0.57,0.56,0.56,273880000,NVDA
2015-08-17,25.98,26.34,25.86,26.23,163538800,AAPL
2015-08-17,40.19,40.74,39.99,40.63,21099700,MSFT
2015-08-17,17.04,17.11,16.7,17.0,107650500,TSLA
2015-08-18,174.87,175.22,174.4,174.63,71692700,SPY
2015-08-18,0.56,0.57,0.56,0.56,287084000,NVDA
2015-08-18,26.07,26.29,25.97,26.08,138242800,AAPL
2015-08-18,40.48,40.99,40.36,40.85,23574100,MSFT
2015-08-18,17.03,17.4,16.9,17.38,62925000,TSLA
2015-08-19,173.89,174.66,172.45,173.25,172946000,SPY
2015-08-19,0.56,0.57,0.55,0.56,249248000,NVDA
2015-08-19,25.99,26.09,25.68,25.75,193146000,AAPL
2015-08-19,40.43,40.69,40.02,40.28,31485500,MSFT
2015-08-19,17.36,17.38,17.0,17.02,54064500,TSLA
2015-08-20,171.75,173.23,169.58,169.64,194327900,SPY
2015-08-20,0.55,0.55,0.53,0.54,426932000,NVDA
2015-08-20,25.54,25.6,24.99,25.22,274006400,AAPL
2015-08-20,39.82,40.16,39.46,39.46,36238200,MSFT
2015-08-20,16.8,16.97,16.13,16.15,73587000,TSLA
2015-08-21,167.77,169.61,164.27,164.53,346588500,SPY
2015-08-21,0.53,0.54,0.52,0.52,382664000,NVDA
2015-08-21,24.73,25.05,23.65,23.68,513102000,AAPL
2015-08-21,39.15,39.31,37.22,37.22,70053100,MSFT
2015-08-21,15.73,16.25,15.37,15.38,98853000,TSLA
2015-08-24,155.93,164.24,151.7,157.6,507244300,SPY
2015-08-24,0.49,0.53,0.48,0.5,682284000,NVDA
2015-08-24,21.24,24.36,20.6,23.09,648825200,AAPL
2015-08-24,34.96,36.9,34.33,36.02,88753700,MSFT
2015-08-24,13.52,15.43,13.0,14.59,143724000,TSLA
2015-08-25,162.53,162.55,155.46,155.75,369833100,SPY
2015-08-25,0.52,0.53,0.49,0.49,622684000,NVDA
2015-08-25,24.88,24.88,23.17,23.23,414406400,AAPL
2015-08-25,36.79,37.37,34.91,34.98,70616600,MSFT
2015-08-25,15.37,15.39,14.61,14.67,64909500,TSLA
2015-08-26,159.75,162.0,156.66,161.73,339257000,SPY
2015-08-26,0.51,0.53,0.5,0.53,614976000,NVDA
2015-08-26,23.98,24.6,23.52,24.56,387098400,AAPL
2015-08-26,36.31,37.03,35.49,36.91,63408000,MSFT
2015-08-26,15.2,15.2,14.37,14.99,74445000,TSLA
2015-08-27,163.86,165.85,162.35,165.73,274143900,SPY
2015-08-27,0.53,0.55,0.53,0.55,463764000,NVDA
2015-08-27,25.13,25.35,24.63,25.28,338464400,AAPL
2015-08-27,37.36,37.98,37.1,37.94,50943200,MSFT
2015-08-27,15.4,16.32,15.39,16.2,114840000,TSLA
2015-08-28,165.09,166.2,164.6,165.74,160414400,SPY
2015-08-28,0.55,0.55,0.54,0.55,320944000,NVDA
2015-08-28,25.11,25.37,24.97,25.37,212657600,AAPL
2015-08-28,37.51,38.16,37.5,37.97,28246700,MSFT
2015-08-28,16.12,16.76,16.1,16.57,82705500,TSLA
2015-08-31,164.76,165.61,163.85,164.4,163298800,SPY
2015-08-31,0.55,0.55,0.54,0.54,219352000,NVDA
2015-08-31,25.08,25.64,25.08,25.25,224917200,AAPL
2015-08-31,37.65,37.97,37.25,37.61,34441700,MSFT
2015-08-31,16.37,17.0,16.37,16.6,70503000,TSLA
2015-09-01,160.61,161.98,158.62,159.49,256000400,SPY
2015-09-01,0.53,0.54,0.52,0.52,353408000,NVDA
2015-09-01,24.66,25.05,24.04,24.12,307383600,AAPL
2015-09-01,36.45,36.81,36.01,36.14,49688900,MSFT
2015-09-01,16.02,16.4,15.8,15.91,81822000,TSLA
2015-09-02,161.86,162.56,160.03,162.52,160269300,SPY
2015-09-02,0.54,0.54,0.53,0.54,344044000,NVDA
2015-09-02,24.68,25.15,24.43,25.15,247555200,AAPL
2015-09-02,36.61,37.49,36.2,37.47,37671500,MSFT
2015-09-02,16.35,16.53,15.99,16.51,69438000,TSLA
2015-09-03,163.22,164.71,162.14,162.63,152087800,SPY
2015-09-03,0.55,0.55,0.54,0.54,262556000,NVDA
2015-09-03,25.19,25.25,24.64,24.71,212935600,AAPL
2015-09-03,37.52,38.01,37.41,37.6,28285200,MSFT
2015-09-03,16.8,16.81,16.33,16.37,62922000,TSLA
2015-09-04,160.39,161.23,159.36,160.17,207081000,SPY
2015-09-04,0.53,0.54,0.53,0.53,287972000,NVDA
2015-09-04,24.4,24.73,24.3,24.47,199985200,AAPL
2015-09-04,37.0,37.2,36.47,36.83,37138800,MSFT
2015-09-04,16.06,16.27,15.88,16.13,55338000,TSLA
2015-09-08,162.96,164.35,162.32,164.2,116025700,SPY
2015-09-08,0.54,0.55,0.54,0.55,238448000,NVDA
2015-09-08,25.02,25.2,24.7,25.15,219374400,AAPL
2015-09-08,37.42,38.03,37.34,37.93,32469800,MSFT
2015-09-08,16.34,16.61,16.27,16.54,47073000,TSLA
2015-09-09,165.77,165.89,161.64,162.0,149347700,SPY
2015-09-09,0.55,0.56,0.54,0.54,289392000,NVDA
2015-09-09,25.47,25.53,24.58,24.66,340043200,AAPL
2015-09-09,38.21,38.37,37.09,37.22,33469500,MSFT
2015-09-09,16.8,16.95,16.55,16.59,50862000,TSLA
2015-09-10,161.81,164.02,161.55,162.88,158611100,SPY
2015-09-10,0.54,0.55,0.53,0.55,357076000,NVDA
2015-09-10,24.69,25.36,24.61,25.2,251571200,AAPL
2015-09-10,37.27,37.85,36.95,37.41,31366600,MSFT
2015-09-10,16.48,16.71,16.36,16.57,40635000,TSLA
2015-09-11,162.49,163.69,161.78,163.62,119691200,SPY
2015-09-11,0.54,0.55,0.54,0.55,301584000,NVDA
2015-09-11,25.03,25.57,25.02,25.57,199662000,AAPL
2015-09-11,37.28,37.67,37.11,37.58,27132500,MSFT
2015-09-11,16.51,16.68,16.32,16.68,35262000,TSLA
2015-09-14,163.8,163.85,162.53,163.02,79452000,SPY
2015-09-14,0.55,0.55,0.55,0.55,192460000,NVDA
2015-09-14,26.1,26.17,25.72,25.82,233453600,AAPL
2015-09-14,37.54,37.54,37.04,37.2,23656000,MSFT
2015-09-14,16.74,16.95,16.64,16.88,43363500,TSLA
2015-09-15,163.51,165.49,162.97,165.05,113806200,SPY
2015-09-15,0.55,0.56,0.55,0.56,327976000,NVDA
2015-09-15,25.96,26.09,25.62,26.03,173364800,AAPL
2015-09-15,37.33,38.28,37.23,38.01,28882200,MSFT
2015-09-15,16.85,16.97,16.63,16.9,44002500,TSLA
2015-09-16,165.35,166.68,165.01,166.48,99581600,SPY
2015-09-16,0.56,0.56,0.55,0.56,173508000,NVDA
2015-09-16,26.03,26.09,25.85,26.06,148694000,AAPL
2015-09-16,38.0,38.36,37.89,38.29,23372200,MSFT
2015-09-16,16.87,17.53,16.86,17.48,66256500,TSLA
2015-09-17,166.35,168.74,165.74,166.11,276046600,SPY
2015-09-17,0.57,0.57,0.56,0.57,268712000,NVDA
2015-09-17,25.9,26.08,25.46,25.51,256450400,AAPL
2015-09-17,38.28,38.89,38.1,38.24,32768200,MSFT
2015-09-17,17.6,17.7,17.38,17.47,53787000,TSLA
2015-09-18,163.61,166.1,162.99,163.4,223657500,SPY
2015-09-18,0.56,0.57,0.55,0.56,326412000,NVDA
2015-09-18,25.12,25.59,25.05,25.4,297141200,AAPL
2015-09-18,37.6,38.02,37.45,37.58,63143700,MSFT
2015-09-18,17.2,17.59,17.17,17.37,56446500,TSLA
2015-09-21,164.22,165.26,163.19,164.24,105726200,SPY
2015-09-21,0.57,0.57,0.56,0.57,281840000,NVDA
2015-09-21,25.45,25.83,25.45,25.8,200888000,AAPL
2015-09-21,37.7,38.43,37.68,38.12,26177200,MSFT
2015-09-21,17.6,18.1,17.05,17.61,91803000,TSLA
2015-09-22,162.08,162.57,160.98,162.11,153890900,SPY
2015-09-22,0.56,0.56,0.55,0.55,228356000,NVDA
2015-09-22,25.39,25.56,25.19,25.39,201384800,AAPL
2015-09-22,37.49,38.07,37.43,37.94,28085900,MSFT
2015-09-22,17.27,17.51,17.06,17.4,54966000,TSLA
2015-09-23,162.27,162.74,161.27,161.85,92790600,SPY
2015-09-23,0.56,0.56,0.55,0.56,161632000,NVDA
2015-09-23,25.44,25.69,25.37,25.6,143026800,AAPL
2015-09-23,37.97,38.17,37.6,37.92,17145200,MSFT
2015-09-23,17.46,17.47,17.17,17.4,39012000,TSLA
2015-09-24,160.64,161.72,159.31,161.26,159378800,SPY
2015-09-24,0.55,0.57,0.55,0.57,382440000,NVDA
2015-09-24,25.36,25.86,25.16,25.75,200878000,AAPL
2015-09-24,37.55,38.14,37.4,37.95,27905600,MSFT
2015-09-24,17.3,17.56,17.08,17.54,51723000,TSLA
2015-09-25,162.72,163.02,160.35,161.22,155054800,SPY
2015-09-25,0.58,0.58,0.57,0.57,369692000,NVDA
2015-09-25,26.07,26.13,25.53,25.68,224607600,AAPL
2015-09-25,38.44,38.66,37.82,37.98,29384600,MSFT
2015-09-25,17.77,17.79,17.08,17.13,56601000,TSLA
2015-09-28,160.33,160.44,156.87,157.18,178515900,SPY
2015-09-28,0.57,0.58,0.56,0.56,395584000,NVDA
2015-09-28,25.49,25.65,25.18,25.18,208436000,AAPL
2015-09-28,37.88,38.11,37.34,37.41,27613800,MSFT
2015-09-28,17.16,17.32,16.44,16.56,73516500,TSLA
2015-09-29,157.39,158.62,156.27,157.27,159045600,SPY
2015-09-29,0.57,0.58,0.56,0.57,380736000,NVDA
2015-09-29,25.26,25.41,24.15,24.42,293461600,AAPL
2015-09-29,37.48,37.66,37.21,37.54,32763600,MSFT
2015-09-29,16.7,16.98,16.36,16.44,55548000,TSLA
2015-09-30,159.15,160.37,158.37,160.2,163452000,SPY
2015-09-30,0.58,0.6,0.58,0.6,556380000,NVDA
2015-09-30,24.67,24.97,24.34,24.7,265892000,AAPL
2015-09-30,37.92,38.29,37.73,38.25,34958900,MSFT
2015-09-30,16.8,16.83,16.16,16.56,73944000,TSLA
2015-10-01,160.58,160.92,158.69,160.62,131079000,SPY
2015-10-01,0.6,0.6,0.57,0.59,489296000,NVDA
2015-10-01,24.42,24.54,24.03,24.53,255716400,AAPL
2015-10-01,38.68,38.68,37.81,38.55,28657900,MSFT
2015-10-01,16.5,16.57,15.81,15.99,68595000,TSLA
2015-10-02,158.65,163.04,158.1,163.02,211003300,SPY
2015-10-02,0.58,0.6,0.58,0.6,386144000,NVDA
2015-10-02,24.18,24.85,24.08,24.71,232079200,AAPL
2015-10-02,38.26,39.38,37.96,39.38,41839000,MSFT
2015-10-02,15.71,16.51,15.66,16.5,66360000,TSLA
2015-10-05,164.24,166.15,164.13,165.92,126320800,SPY
2015-10-05,0.61,0.62,0.6,0.62,482024000,NVDA
2015-10-05,24.6,24.94,24.42,24.8,208258800,AAPL
2015-10-05,39.54,40.53,39.5,40.3,34369300,MSFT
2015-10-05,16.59,16.66,16.28,16.41,55348500,TSLA
2015-10-06,165.79,166.35,164.69,165.35,110274500,SPY
2015-10-06,0.61,0.63,0.61,0.62,453216000,NVDA
2015-10-06,24.77,25.02,24.58,24.92,192787200,AAPL
2015-10-06,40.04,40.78,39.95,40.4,27017200,MSFT
2015-10-06,16.0,16.2,15.71,16.1,78378000,TSLA
2015-10-07,166.28,167.06,165.09,166.71,124307300,SPY
2015-10-07,0.63,0.64,0.62,0.63,310152000,NVDA
2015-10-07,25.02,25.03,24.5,24.8,187062400,AAPL
2015-10-07,40.71,40.92,39.71,40.45,27711500,MSFT
2015-10-07,15.78,15.85,15.27,15.46,102210000,TSLA
2015-10-08,166.32,168.49,166.02,168.21,153055200,SPY
2015-10-08,0.63,0.64,0.62,0.63,460068000,NVDA
2015-10-08,24.67,24.67,24.23,24.52,247918400,AAPL
2015-10-08,40.24,41.07,40.19,41.01,33772700,MSFT
2015-10-08,15.34,15.38,14.75,15.11,91998000,TSLA
2015-10-09,168.35,168.79,167.68,168.31,107069200,SPY
2015-10-09,0.63,0.64,0.62,0.63,423248000,NVDA
2015-10-09,24.63,25.14,24.51,25.1,211064400,AAPL
2015-10-09,41.01,41.09,40.55,40.72,28600600,MSFT
2015-10-09,14.73,14.96,14.56,14.71,92376000,TSLA
2015-10-12,168.39,168.67,167.96,168.47,56395600,SPY
2015-10-12,0.63,0.64,0.63,0.64,227588000,NVDA
2015-10-12,25.24,25.24,24.95,24.99,121868800,AAPL
2015-10-12,40.6,40.68,40.19,40.62,19769100,MSFT
2015-10-12,14.87,14.87,14.35,14.37,57544500,TSLA
2015-10-13,167.74,169.0,167.24,167.41,88038700,SPY
2015-10-13,0.63,0.64,0.63,0.64,298444000,NVDA
2015-10-13,24.81,25.18,24.78,25.03,132197200,AAPL
2015-10-13,40.24,40.73,40.24,40.53,19987800,MSFT
2015-10-13,14.22,14.83,14.08,14.62,77572500,TSLA
2015-10-14,167.35,167.93,166.31,166.61,99106200,SPY
2015-10-14,0.64,0.67,0.64,0.66,612148000,NVDA
2015-10-14,24.92,24.97,24.53,24.68,177849600,AAPL
2015-10-14,40.32,40.71,40.21,40.34,24697800,MSFT
2015-10-14,14.71,14.73,14.36,14.46,46566000,TSLA
2015-10-15,167.27,169.17,166.9,169.16,134142200,SPY
2015-10-15,0.66,0.68,0.66,0.67,526048000,NVDA
2015-10-15,24.84,25.1,24.74,25.05,150694000,AAPL
2015-10-15,40.63,40.65,40.21,40.63,27189400,MSFT
2015-10-15,14.43,14.78,14.25,14.75,42663000,TSLA
2015-10-16,169.56,169.95,168.8,169.93,114580100,SPY
2015-10-16,0.67,0.68,0.67,0.68,448396000,NVDA
2015-10-16,25.03,25.08,24.75,24.86,156930400,AAPL
2015-10-16,40.64,41.09,40.53,41.06,26450300,MSFT
2015-10-16,14.87,15.37,14.86,15.13,65017500,TSLA
2015-10-19,169.29,170.02,168.98,170.02,76523900,SPY
2015-10-19,0.68,0.68,0.67,0.67,294712000,NVDA
2015-10-19,24.81,25.02,24.65,25.02,119036800,AAPL
2015-10-19,40.98,41.38,40.64,41.16,29387600,MSFT
2015-10-19,15.1,15.41,15.0,15.21,37618500,TSLA
2015-10-20,169.58,170.41,169.33,169.8,78448500,SPY
2015-10-20,0.67,0.68,0.67,0.67,264824000,NVDA
2015-10-20,24.93,25.56,24.81,25.47,195871200,AAPL
2015-10-20,41.0,41.32,40.64,41.29,30802200,MSFT
2015-10-20,15.18,15.24,13.47,14.2,223500000,TSLA
2015-10-21,170.22,170.37,168.58,168.75,102038000,SPY
2015-10-21,0.68,0.68,0.66,0.66,386280000,NVDA
2015-10-21,25.52,25.88,25.46,25.47,167180800,AAPL
2015-10-21,41.42,41.48,40.72,40.79,25144300,MSFT
2015-10-21,14.13,14.32,13.92,14.01,62272500,TSLA
2015-10-22,169.69,171.81,168.75,171.6,174911700,SPY
2015-10-22,0.67,0.69,0.67,0.69,306884000,NVDA
2015-10-22,25.6,25.86,25.55,25.86,166616400,AAPL
2015-10-22,41.08,42.31,40.7,41.51,56637100,MSFT
2015-10-22,14.1,14.38,13.96,14.11,42378000,TSLA
2015-10-23,173.26,173.85,172.47,173.48,144442300,SPY
2015-10-23,0.69,0.7,0.68,0.69,381776000,NVDA
2015-10-23,26.13,26.7,26.05,26.66,237467600,AAPL
2015-10-23,45.2,46.73,45.16,45.69,135227100,MSFT
2015-10-23,14.33,14.36,13.85,13.94,63532500,TSLA
2015-10-26,173.3,173.36,172.68,173.05,69033000,SPY
2015-10-26,0.69,0.7,0.68,0.69,247436000,NVDA
2015-10-26,26.44,26.45,25.73,25.81,265335200,AAPL
2015-10-26,45.4,46.95,45.37,46.89,64633300,MSFT
2015-10-26,14.09,14.39,14.0,14.35,50871000,TSLA
2015-10-27,172.38,173.05,172.04,172.72,77905800,SPY
2015-10-27,0.69,0.69,0.69,0.69,208268000,NVDA
2015-10-27,25.84,26.09,25.52,25.65,279537600,AAPL
2015-10-27,46.66,46.99,46.31,46.4,50999900,MSFT
2015-10-27,14.32,14.47,13.83,14.02,52791000,TSLA
2015-10-28,173.05,174.71,172.39,174.68,135906700,SPY
2015-10-28,0.69,0.7,0.68,0.7,217036000,NVDA
2015-10-28,26.18,26.71,25.99,26.7,342205600,AAPL
2015-10-28,46.27,46.65,45.69,46.65,47000800,MSFT
2015-10-28,14.09,14.23,13.89,14.2,40929000,TSLA
2015-10-29,174.18,174.95,174.06,174.58,90525500,SPY
2015-10-29,0.68,0.69,0.67,0.67,327168000,NVDA
2015-10-29,26.58,27.02,26.48,26.99,204909200,AAPL
2015-10-29,46.27,46.52,46.0,46.12,30202100,MSFT
2015-10-29,14.12,14.25,14.04,14.11,27075000,TSLA
2015-10-30,174.77,175.09,173.67,173.83,131076900,SPY
2015-10-30,0.68,0.69,0.67,0.69,301160000,NVDA
2015-10-30,27.09,27.14,26.74,26.76,197461200,AAPL
2015-10-30,46.08,46.66,45.48,45.49,46619800,MSFT
2015-10-30,14.03,14.11,13.59,13.8,66583500,TSLA
2015-11-02,174.15,176.08,174.03,175.88,86270800,SPY
2015-11-02,0.69,0.7,0.69,0.7,190088000,NVDA
2015-11-02,27.05,27.17,26.78,27.13,128813200,AAPL
2015-11-02,45.68,46.12,45.48,46.01,30285000,MSFT
2015-11-02,13.93,14.39,13.81,14.25,58918500,TSLA
2015-11-03,175.53,176.95,175.31,176.39,95246100,SPY
2015-11-03,0.69,0.7,0.68,0.69,376768000,NVDA
2015-11-03,27.04,27.65,27.02,27.44,182076000,AAPL
2015-11-03,45.75,47.01,45.72,46.8,36596900,MSFT
2015-11-03,14.26,14.3,13.85,13.89,124987500,TSLA
2015-11-04,176.69,176.81,175.32,175.86,96224500,SPY
2015-11-04,0.69,0.69,0.68,0.68,442264000,NVDA
2015-11-04,27.57,27.72,27.23,27.32,179544400,AAPL
2015-11-04,46.83,47.43,46.72,47.02,37087800,MSFT
2015-11-04,15.13,15.52,15.01,15.44,190896000,TSLA
2015-11-05,175.92,176.38,174.8,175.68,78408700,SPY
2015-11-05,0.68,0.68,0.67,0.67,478800000,NVDA
2015-11-05,27.4,27.59,27.02,27.19,158210800,AAPL
2015-11-05,47.09,47.28,46.67,47.0,31468500,MSFT
2015-11-05,15.37,15.64,15.28,15.45,67452000,TSLA
2015-11-06,175.34,175.83,174.27,175.59,110471500,SPY
2015-11-06,0.74,0.77,0.72,0.76,1172272000,NVDA
2015-11-06,27.23,27.39,27.12,27.22,132169200,AAPL
2015-11-06,46.75,47.52,46.64,47.47,32851200,MSFT
2015-11-06,15.38,15.56,15.3,15.49,36679500,TSLA
2015-11-09,174.98,175.13,173.01,173.95,131008700,SPY
2015-11-09,0.76,0.76,0.75,0.76,492568000,NVDA
2015-11-09,27.2,27.39,26.99,27.11,135485600,AAPL
2015-11-09,47.15,47.42,46.29,46.81,32513100,MSFT
2015-11-09,15.53,15.53,14.95,15.02,57763500,TSLA
2015-11-10,173.48,174.39,173.21,174.36,75874600,SPY
2015-11-10,0.75,0.76,0.73,0.75,552260000,NVDA
2015-11-10,26.29,26.55,26.1,26.26,236511600,AAPL
2015-11-10,46.73,46.78,46.04,46.25,55283700,MSFT
2015-11-10,14.9,14.91,14.41,14.43,69255000,TSLA
2015-11-11,174.62,174.67,173.6,173.67,67846000,SPY
2015-11-11,0.75,0.75,0.74,0.74,619896000,NVDA
2015-11-11,26.17,26.4,25.91,26.11,180872000,AAPL
2015-11-11,46.41,46.84,46.2,46.37,36516300,MSFT
2015-11-11,14.52,14.63,14.24,14.61,50217000,TSLA
2015-11-12,172.63,173.1,171.23,171.25,121315200,SPY
2015-11-12,0.74,0.74,0.73,0.74,291080000,NVDA
2015-11-12,26.14,26.27,26.0,26.02,130102400,AAPL
2015-11-12,46.22,46.65,45.97,46.08,35361100,MSFT
2015-11-12,14.52,14.6,14.18,14.2,43738500,TSLA
2015-11-13,170.84,171.1,169.24,169.32,153577100,SPY
2015-11-13,0.74,0.74,0.72,0.72,292940000,NVDA
2015-11-13,25.9,25.99,25.24,25.26,183249600,AAPL
2015-11-13,45.87,46.06,45.4,45.67,36848200,MSFT
2015-11-13,14.2,14.2,13.77,13.81,51454500,TSLA
2015-11-16,169.14,171.96,169.02,171.9,117645200,SPY
2015-11-16,0.73,0.74,0.73,0.74,344280000,NVDA
2015-11-16,25.04,25.69,24.96,25.67,152426800,AAPL
2015-11-16,45.88,46.58,45.68,46.47,32165200,MSFT
2015-11-16,13.74,14.33,13.72,14.29,43881000,TSLA
2015-11-17,172.21,173.08,171.28,171.77,121123700,SPY
2015-11-17,0.74,0.74,0.73,0.74,257048000,NVDA
2015-11-17,25.84,25.87,25.48,25.56,110467600,AAPL
2015-11-17,46.26,46.58,45.98,46.09,31551300,MSFT
2015-11-17,14.35,14.4,14.09,14.27,32230500,TSLA
2015-11-18,172.25,174.64,172.21,174.5,121342500,SPY
2015-11-18,0.74,0.76,0.73,0.76,350216000,NVDA
2015-11-18,26.03,26.42,25.97,26.37,186698800,AAPL
2015-11-18,46.11,46.97,46.1,46.85,29710000,MSFT
2015-11-18,14.3,14.76,14.17,14.74,42178500,TSLA
2015-11-19,174.38,174.76,174.05,174.35,88220500,SPY
2015-11-19,0.76,0.76,0.75,0.76,254072000,NVDA
2015-11-19,26.45,26.93,26.25,26.71,173183200,AAPL
2015-11-19,46.98,47.56,46.79,46.93,28149200,MSFT
2015-11-19,14.7,15.08,14.69,14.79,37566000,TSLA
2015-11-20,175.1,175.66,174.61,174.98,94011500,SPY
2015-11-20,0.76,0.77,0.76,0.76,239744000,NVDA
2015-11-20,26.8,26.96,26.72,26.83,137148400,AAPL
2015-11-20,47.2,47.25,46.35,47.15,37147600,MSFT
2015-11-20,14.9,15.0,14.24,14.67,66010500,TSLA
2015-11-23,175.04,175.54,174.32,174.78,64931200,SPY
2015-11-23,0.77,0.77,0.75,0.75,242552000,NVDA
2015-11-23,26.82,26.92,26.38,26.48,129930000,AAPL
2015-11-23,47.2,47.39,46.77,47.15,28235900,MSFT
2015-11-23,14.49,14.61,14.31,14.52,37893000,TSLA
2015-11-24,173.78,175.42,173.39,175.02,98874400,SPY
2015-11-24,0.75,0.77,0.75,0.76,195428000,NVDA
2015-11-24,26.38,26.84,26.34,26.73,171212800,AAPL
2015-11-24,46.92,47.37,46.62,47.2,24600000,MSFT
2015-11-24,14.36,14.73,14.33,14.55,37204500,TSLA
2015-11-25,175.14,175.34,174.73,174.99,51980100,SPY
2015-11-25,0.76,0.77,0.75,0.76,138300000,NVDA
2015-11-25,26.81,26.81,26.52,26.54,85553200,AAPL
2015-11-25,47.06,47.19,46.72,46.72,21005100,MSFT
2015-11-25,14.76,15.39,14.69,15.31,59862000,TSLA
2015-11-27,175.08,175.39,174.61,175.19,37317800,SPY
2015-11-27,0.76,0.77,0.76,0.76,86996000,NVDA
2015-11-27,26.6,26.63,26.44,26.49,52185600,AAPL
2015-11-27,46.81,47.05,46.8,46.92,9009100,MSFT
2015-11-27,15.4,15.48,15.13,15.44,29241000,TSLA
2015-11-30,175.35,175.47,174.36,174.46,112822700,SPY
2015-11-30,0.76,0.78,0.76,0.77,327244000,NVDA
2015-11-30,26.53,26.85,26.48,26.6,156721200,AAPL
2015-11-30,47.45,47.82,46.98,47.29,56241400,MSFT
2015-11-30,15.45,15.62,15.27,15.35,39897000,TSLA
2015-12-01,175.09,176.24,174.81,176.13,97858400,SPY
2015-12-01,0.78,0.8,0.78,0.8,409496000,NVDA
2015-12-01,26.7,26.72,26.28,26.38,139409600,AAPL
2015-12-01,47.34,48.06,47.25,48.05,39952800,MSFT
2015-12-01,15.4,15.87,15.4,15.81,56010000,TSLA
2015-12-02,176.08,176.39,174.08,174.33,108441300,SPY
2015-12-02,0.8,0.81,0.79,0.79,294240000,NVDA
2015-12-02,26.38,26.56,26.1,26.15,133546400,AAPL
2015-12-02,48.13,48.69,47.91,48.04,47274900,MSFT
2015-12-02,15.8,15.91,15.42,15.47,44722500,TSLA
2015-12-03,174.58,174.85,171.17,171.89,166224200,SPY
2015-12-03,0.8,0.81,0.79,0.79,246656000,NVDA
2015-12-03,26.21,26.26,25.68,25.9,166278000,AAPL
2015-12-03,48.28,48.52,46.92,47.16,38627800,MSFT
2015-12-03,15.7,15.83,15.33,15.51,44094000,TSLA
2015-12-04,171.89,175.53,171.89,175.24,192913900,SPY
2015-12-04,0.79,0.82,0.79,0.82,458756000,NVDA
2015-12-04,25.92,26.81,25.88,26.76,231108000,AAPL
2015-12-04,47.09,48.93,47.07,48.65,43963700,MSFT
2015-12-04,15.5,15.55,15.18,15.36,38604000,TSLA
2015-12-07,174.92,175.33,173.22,174.18,102027100,SPY
2015-12-07,0.82,0.82,0.8,0.81,333588000,NVDA
2015-12-07,26.75,26.95,26.49,26.6,128336800,AAPL
2015-12-07,48.54,48.7,48.11,48.56,30709800,MSFT
2015-12-07,15.18,15.71,15.08,15.41,47163000,TSLA
2015-12-08,172.62,174.13,172.03,173.01,103372400,SPY
2015-12-08,0.8,0.82,0.79,0.82,314488000,NVDA
2015-12-08,26.43,26.67,26.28,26.58,137238000,AAPL
2015-12-08,48.26,48.81,47.85,48.54,32878000,MSFT
2015-12-08,15.17,15.25,14.95,15.11,40314000,TSLA
2015-12-09,172.37,174.46,170.69,171.66,162401500,SPY
2015-12-09,0.82,0.82,0.79,0.8,372676000,NVDA
2015-12-09,26.45,26.46,25.88,26.0,185445600,AAPL
2015-12-09,48.18,48.61,47.43,47.84,36373200,MSFT
2015-12-09,15.11,15.17,14.71,14.97,45867000,TSLA
2015-12-10,171.73,173.41,171.5,172.11,116128900,SPY
2015-12-10,0.8,0.81,0.8,0.8,236596000,NVDA
2015-12-10,26.09,26.29,25.97,26.12,116850800,AAPL
2015-12-10,48.19,48.43,47.86,48.09,31775800,MSFT
2015-12-10,14.98,15.23,14.91,15.14,31075500,TSLA
2015-12-11,170.0,170.66,168.46,168.77,211173300,SPY
2015-12-11,0.79,0.8,0.79,0.79,227320000,NVDA
2015-12-11,25.9,25.95,25.38,25.45,187544800,AAPL
2015-12-11,47.6,47.94,46.99,47.04,39549500,MSFT
2015-12-11,15.02,15.05,14.44,14.47,49030500,TSLA
2015-12-14,168.93,169.75,167.16,169.62,182385200,SPY
2015-12-14,0.79,0.8,0.78,0.79,275892000,NVDA
2015-12-14,25.22,25.34,24.69,25.29,257274800,AAPL
2015-12-14,47.27,48.04,46.71,47.98,46768900,MSFT
2015-12-14,14.5,14.73,14.32,14.57,42406500,TSLA
2015-12-15,171.13,172.31,169.6,171.4,154069600,SPY
2015-12-15,0.8,0.81,0.8,0.8,307296000,NVDA
2015-12-15,25.17,25.36,24.81,24.84,213292400,AAPL
2015-12-15,48.43,48.64,47.93,48.03,39843000,MSFT
2015-12-15,14.79,14.81,14.53,14.74,33666000,TSLA
2015-12-16,172.52,174.21,171.21,173.91,197017000,SPY
2015-12-16,0.8,0.81,0.8,0.81,236356000,NVDA
2015-12-16,24.97,25.18,24.46,25.04,224954000,AAPL
2015-12-16,48.32,48.94,47.65,48.84,37503300,MSFT
2015-12-16,14.81,15.66,14.72,15.63,76564500,TSLA
2015-12-17,174.22,174.29,171.25,171.26,173092500,SPY
2015-12-17,0.81,0.82,0.79,0.8,254160000,NVDA
2015-12-17,25.19,25.24,24.5,24.5,179091200,AAPL
2015-12-17,49.04,49.41,48.32,48.46,41280900,MSFT
2015-12-17,15.6,15.85,15.32,15.56,49479000,TSLA
2015-12-18,170.52,170.66,168.05,168.21,251393500,SPY
2015-12-18,0.79,0.8,0.78,0.78,395896000,NVDA
2015-12-18,24.49,24.63,23.79,23.84,385813200,AAPL
2015-12-18,48.52,48.73,47.01,47.1,84684200,MSFT
2015-12-18,15.53,15.73,15.29,15.36,45213000,TSLA
2015-12-21,169.38,169.78,168.27,169.6,99094300,SPY
2015-12-21,0.79,0.8,0.78,0.8,284216000,NVDA
2015-12-21,24.12,24.14,23.74,24.13,190362400,AAPL
2015-12-21,47.75,48.16,47.19,47.71,37246300,MSFT
2015-12-21,15.45,15.72,15.41,15.5,29298000,TSLA
2015-12-22,170.48,171.43,169.5,171.14,111026200,SPY
2015-12-22,0.8,0.81,0.8,0.8,130012000,NVDA
2015-12-22,24.15,24.22,23.94,24.11,131157600,AAPL
2015-12-22,47.85,48.27,47.42,48.16,28322200,MSFT
2015-12-22,15.67,15.77,15.31,15.33,29422500,TSLA
2015-12-23,172.14,173.3,172.05,173.26,110987200,SPY
2015-12-23,0.8,0.81,0.8,0.8,122524000,NVDA
2015-12-23,24.12,24.48,24.1,24.42,130629600,AAPL
2015-12-23,48.46,48.62,48.24,48.57,27279800,MSFT
2015-12-23,15.48,15.56,15.21,15.31,23325000,TSLA
2015-12-24,173.0,173.52,172.75,172.97,48539600,SPY
2015-12-24,0.8,0.81,0.8,0.81,52448000,NVDA
2015-12-24,24.51,24.51,24.27,24.29,54281600,AAPL
2015-12-24,48.6,48.69,48.23,48.44,9558500,MSFT
2015-12-24,15.37,15.46,15.22,15.37,10620000,TSLA
2015-12-28,172.28,172.62,171.51,172.58,65899900,SPY
2015-12-28,0.8,0.81,0.79,0.81,142024000,NVDA
2015-12-28,24.19,24.21,23.88,24.02,106816800,AAPL
2015-12-28,48.16,48.68,47.84,48.68,22458300,MSFT
2015-12-28,15.43,15.47,15.04,15.26,28519500,TSLA
2015-12-29,173.67,174.75,173.64,174.42,92640700,SPY
2015-12-29,0.81,0.82,0.8,0.82,203660000,NVDA
2015-12-29,24.05,24.61,24.03,24.45,123724800,AAPL
2015-12-29,48.98,49.46,48.78,49.2,27731400,MSFT
2015-12-29,15.34,15.85,15.3,15.81,36094500,TSLA
2015-12-30,174.17,174.26,173.04,173.18,63317700,SPY
2015-12-30,0.82,0.83,0.81,0.81,180344000,NVDA
2015-12-30,24.41,24.44,24.1,24.13,100855200,AAPL
2015-12-30,49.13,49.4,48.98,48.99,21704500,MSFT
2015-12-30,15.77,16.24,15.71,15.87,55468500,TSLA
2015-12-31,172.51,173.15,171.45,171.45,114877900,SPY
2015-12-31,0.81,0.82,0.8,0.8,148528000,NVDA
2015-12-31,24.06,24.07,23.57,23.67,163649200,AAPL
2015-12-31,48.76,48.89,48.22,48.27,27334100,MSFT
2015-12-31,15.9,16.23,15.89,16.0,40725000,TSLA
2016-01-04,168.61,169.06,167.01,169.05,222353500,SPY
2016-01-04,0.79,0.79,0.78,0.79,358076000,NVDA
2016-01-04,23.07,23.69,22.94,23.69,270597600,AAPL
2016-01-04,47.26,47.68,46.45,47.68,53778000,MSFT
2016-01-04,15.38,15.43,14.6,14.89,102406500,TSLA
2016-01-05,169.37,169.79,168.24,169.34,110845800,SPY
2016-01-05,0.8,0.81,0.79,0.8,490272000,NVDA
2016-01-05,23.78,23.8,23.03,23.1,223164000,AAPL
2016-01-05,47.79,48.19,47.45,47.9,34079700,MSFT
2016-01-05,15.09,15.13,14.67,14.9,47802000,TSLA
2016-01-06,166.8,168.24,166.18,167.2,152112600,SPY
2016-01-06,0.79,0.79,0.76,0.77,449344000,NVDA
2016-01-06,22.61,23.02,22.46,22.64,273829600,AAPL
2016-01-06,47.26,47.33,46.67,47.03,39518900,MSFT
2016-01-06,14.67,14.67,14.4,14.6,56686500,TSLA
2016-01-07,164.27,166.04,162.8,163.19,213436100,SPY
2016-01-07,0.75,0.75,0.73,0.74,645304000,NVDA
2016-01-07,22.19,22.51,21.68,21.69,324377600,AAPL
2016-01-07,45.85,46.54,45.31,45.39,56564900,MSFT
2016-01-07,14.28,14.56,14.24,14.38,53314500,TSLA
2016-01-08,164.15,164.7,161.11,161.4,209817200,SPY
2016-01-08,0.75,0.75,0.72,0.72,398472000,NVDA
2016-01-08,22.16,22.29,21.76,21.8,283192000,AAPL
2016-01-08,45.57,46.36,45.38,45.53,48754000,MSFT
2016-01-08,14.52,14.7,14.05,14.07,54421500,TSLA
2016-01-11,162.32,162.65,159.63,161.56,187941300,SPY
2016-01-11,0.72,0.73,0.71,0.72,409372000,NVDA
2016-01-11,22.25,22.27,21.89,22.16,198957600,AAPL
2016-01-11,45.69,45.98,44.77,45.51,36943800,MSFT
2016-01-11,14.27,14.3,13.53,13.86,61371000,TSLA
2016-01-12,163.0,163.61,160.74,162.86,172330500,SPY
2016-01-12,0.74,0.75,0.73,0.73,469356000,NVDA
2016-01-12,22.61,22.64,22.22,22.48,196616800,AAPL
2016-01-12,45.91,46.2,45.3,45.92,36095500,MSFT
2016-01-12,14.11,14.25,13.69,14.0,46378500,TSLA
2016-01-13,163.53,163.87,158.42,158.8,221168900,SPY
2016-01-13,0.74,0.74,0.71,0.71,481672000,NVDA
2016-01-13,22.56,22.75,21.88,21.9,249758400,AAPL
2016-01-13,46.81,47.05,44.64,44.93,66883600,MSFT
2016-01-13,14.13,14.18,13.33,13.35,61896000,TSLA
2016-01-14,159.41,162.53,157.82,161.41,240795600,SPY
2016-01-14,0.7,0.71,0.68,0.7,600236000,NVDA
2016-01-14,22.03,22.59,21.53,22.38,252680400,AAPL
2016-01-14,45.24,46.48,44.87,46.21,52381900,MSFT
2016-01-14,13.48,14.0,12.89,13.75,97360500,TSLA
2016-01-15,157.07,158.74,156.02,157.94,324846400,SPY
2016-01-15,0.67,0.68,0.65,0.66,841452000,NVDA
2016-01-15,21.63,21.97,21.44,21.84,319335600,AAPL
2016-01-15,44.64,45.22,43.8,44.37,71820700,MSFT
2016-01-15,13.26,13.67,13.15,13.67,83679000,TSLA
2016-01-19,159.75,159.88,156.59,158.15,195244400,SPY
2016-01-19,0.67,0.69,0.66,0.67,457140000,NVDA
2016-01-19,22.13,22.18,21.47,21.73,212350800,AAPL
2016-01-19,44.79,44.97,43.56,43.99,43564500,MSFT
2016-01-19,13.91,14.03,13.39,13.65,60580500,TSLA
2016-01-20,155.6,157.68,152.23,156.13,286547800,SPY
2016-01-20,0.65,0.68,0.64,0.67,481180000,NVDA
2016-01-20,21.38,22.08,21.01,21.76,289337600,AAPL
2016-01-20,43.49,44.71,42.72,44.19,63273000,MSFT
2016-01-20,13.29,13.42,12.75,13.25,87579000,TSLA
2016-01-21,156.6,158.83,155.28,157.0,195772900,SPY
2016-01-21,0.68,0.69,0.66,0.68,481456000,NVDA
2016-01-21,21.82,22.01,21.35,21.65,208646000,AAPL
2016-01-21,44.37,44.88,43.77,43.92,40191200,MSFT
2016-01-21,13.44,13.55,13.0,13.33,47493000,TSLA
2016-01-22,159.6,160.42,158.84,160.22,168319600,SPY
2016-01-22,0.69,0.7,0.69,0.69,257996000,NVDA
2016-01-22,22.18,22.81,22.12,22.8,263202000,AAPL
2016-01-22,44.73,45.53,44.6,45.5,37555800,MSFT
2016-01-22,13.65,13.7,13.27,13.5,46861500,TSLA
2016-01-25,159.72,159.91,157.61,157.8,130371700,SPY
2016-01-25,0.69,0.7,0.69,0.69,270728000,NVDA
2016-01-25,22.83,22.83,22.31,22.36,207178000,AAPL
2016-01-25,45.19,45.81,44.94,45.06,34707700,MSFT
2016-01-25,13.34,13.57,13.06,13.09,40480500,TSLA
2016-01-26,158.46,160.23,158.12,159.95,141036800,SPY
2016-01-26,0.69,0.7,0.69,0.7,227944000,NVDA
2016-01-26,22.47,22.68,22.05,22.48,300308000,AAPL
2016-01-26,45.06,45.63,44.85,45.39,28900800,MSFT
2016-01-26,13.11,13.19,12.59,12.9,74463000,TSLA
2016-01-27,159.43,161.1,157.31,158.21,185681700,SPY
2016-01-27,0.7,0.7,0.68,0.69,231700000,NVDA
2016-01-27,21.6,21.73,20.99,21.01,533478800,AAPL
2016-01-27,45.25,45.42,44.39,44.57,36775200,MSFT
2016-01-27,12.83,12.88,12.38,12.54,54258000,TSLA
2016-01-28,159.75,159.95,157.4,159.04,143798800,SPY
2016-01-28,0.7,0.7,0.67,0.68,276776000,NVDA
2016-01-28,21.09,21.25,20.77,21.16,222715200,AAPL
2016-01-28,45.12,45.43,44.59,45.3,62513800,MSFT
2016-01-28,12.72,12.75,12.16,12.65,68892000,TSLA
2016-01-29,159.8,163.05,159.68,162.91,210529300,SPY
2016-01-29,0.69,0.71,0.69,0.71,310504000,NVDA
2016-01-29,21.31,21.89,21.22,21.89,257666000,AAPL
2016-01-29,47.62,47.93,46.98,47.93,83611700,MSFT
2016-01-29,12.66,12.92,12.54,12.75,42784500,TSLA
2016-02-01,161.91,163.64,161.33,162.85,136061600,SPY
2016-02-01,0.71,0.72,0.71,0.71,289884000,NVDA
2016-02-01,21.69,21.75,21.45,21.68,163774000,AAPL
2016-02-01,47.75,47.93,47.42,47.6,44208500,MSFT
2016-02-01,12.58,13.3,12.18,13.13,79464000,TSLA
2016-02-02,161.43,161.44,159.4,159.92,182564900,SPY
2016-02-02,0.71,0.71,0.68,0.68,341908000,NVDA
2016-02-02,21.46,21.6,21.2,21.24,149428800,AAPL
2016-02-02,47.13,47.21,45.81,46.11,56313800,MSFT
2016-02-02,12.83,12.87,12.02,12.19,86604000,TSLA
2016-02-03,160.97,161.28,157.35,160.88,205054900,SPY
2016-02-03,0.69,0.69,0.67,0.69,326772000,NVDA
2016-02-03,21.36,21.78,21.15,21.66,183857200,AAPL
2016-02-03,46.33,46.45,44.6,45.38,57559800,MSFT
2016-02-03,12.24,12.26,11.35,11.57,118971000,TSLA
2016-02-04,160.38,162.1,159.75,161.13,139531800,SPY
2016-02-04,0.69,0.7,0.68,0.69,348140000,NVDA
2016-02-04,21.67,22.0,21.52,21.84,185886800,AAPL
2016-02-04,45.33,45.95,44.7,45.24,46987100,MSFT
2016-02-04,11.38,11.73,11.13,11.69,65781000,TSLA
2016-02-05,160.62,161.19,157.43,158.06,180788300,SPY
2016-02-05,0.68,0.69,0.64,0.64,600428000,NVDA
2016-02-05,21.82,21.91,21.18,21.26,185672400,AAPL
2016-02-05,45.19,45.24,43.12,43.64,62009000,MSFT
2016-02-05,11.42,11.53,10.52,10.84,141564000,TSLA
2016-02-08,156.23,156.52,153.73,155.93,191526700,SPY
2016-02-08,0.63,0.64,0.6,0.61,608852000,NVDA
2016-02-08,21.05,21.64,21.03,21.48,216085600,AAPL
2016-02-08,43.11,43.13,41.93,42.99,59290500,MSFT
2016-02-08,10.47,10.48,9.73,9.87,139695000,TSLA
2016-02-09,154.2,157.21,154.07,155.94,184513100,SPY
2016-02-09,0.61,0.65,0.6,0.62,425372000,NVDA
2016-02-09,21.32,21.69,21.24,21.48,177324800,AAPL
2016-02-09,42.65,43.71,42.35,42.88,46740500,MSFT
2016-02-09,9.49,10.65,9.4,9.88,129774000,TSLA
2016-02-10,156.77,158.39,155.68,155.81,148214100,SPY
2016-02-10,0.62,0.64,0.62,0.62,335800000,NVDA
2016-02-10,21.69,21.78,21.27,21.31,169374400,AAPL
2016-02-10,43.41,43.84,43.09,43.25,38237000,MSFT
2016-02-10,10.03,10.33,9.45,9.58,156097500,TSLA
2016-02-11,153.34,154.82,152.29,153.78,219058900,SPY
2016-02-11,0.6,0.62,0.6,0.62,340144000,NVDA
2016-02-11,21.2,21.41,20.93,21.18,200298800,AAPL
2016-02-11,42.36,43.6,42.21,43.23,48878600,MSFT
2016-02-11,10.13,10.88,9.8,10.03,213786000,TSLA
2016-02-12,155.55,156.97,154.7,156.95,127632400,SPY
2016-02-12,0.63,0.63,0.6,0.63,340816000,NVDA
2016-02-12,21.29,21.36,21.03,21.25,161405600,AAPL
2016-02-12,43.72,44.1,43.29,43.94,34243300,MSFT
2016-02-12,10.33,10.47,9.58,10.07,108537000,TSLA
2016-02-16,158.75,159.62,157.79,159.6,120250700,SPY
2016-02-16,0.64,0.66,0.63,0.66,485352000,NVDA
2016-02-16,21.48,21.9,21.39,21.85,196231600,AAPL
2016-02-16,44.61,44.77,43.93,44.77,37291200,MSFT
2016-02-16,10.58,10.86,10.27,10.34,83907000,TSLA
2016-02-17,160.76,162.58,160.63,162.21,136009500,SPY
2016-02-17,0.67,0.68,0.66,0.67,771468000,NVDA
2016-02-17,21.85,22.2,21.74,22.18,179452800,AAPL
2016-02-17,45.12,46.24,45.09,45.94,40789000,MSFT
2016-02-17,10.6,11.29,10.45,11.25,87378000,TSLA
2016-02-18,162.48,162.53,161.23,161.54,102343000,SPY
2016-02-18,0.73,0.75,0.73,0.73,1068660000,NVDA
2016-02-18,22.35,22.36,21.72,21.76,156084000,AAPL
2016-02-18,45.86,46.4,45.66,45.74,27176000,MSFT
2016-02-18,11.49,11.53,10.98,11.12,58314000,TSLA
2016-02-19,160.77,161.62,160.16,161.47,114793000,SPY
2016-02-19,0.73,0.75,0.72,0.74,525628000,NVDA
2016-02-19,21.7,21.88,21.66,21.71,141496800,AAPL
2016-02-19,45.54,45.81,45.16,45.41,33559100,MSFT
2016-02-19,10.91,11.17,10.83,11.11,44391000,TSLA
2016-02-22,163.04,163.95,162.97,163.8,103640300,SPY
2016-02-22,0.75,0.78,0.75,0.77,449668000,NVDA
2016-02-22,21.77,21.91,21.69,21.9,137123200,AAPL
2016-02-22,45.81,46.45,45.81,46.14,25008300,MSFT
2016-02-22,11.34,11.93,11.32,11.85,75901500,TSLA
2016-02-23,163.15,163.42,161.62,161.74,111455300,SPY
2016-02-23,0.76,0.78,0.76,0.77,369380000,NVDA
2016-02-23,21.79,21.82,21.38,21.41,127770400,AAPL
2016-02-23,45.87,45.89,44.68,44.85,28895300,MSFT
2016-02-23,11.74,12.12,11.58,11.81,89766000,TSLA
2016-02-24,160.31,162.75,159.21,162.48,150812200,SPY
2016-02-24,0.77,0.78,0.74,0.77,336852000,NVDA
2016-02-24,21.25,21.79,21.1,21.73,145022800,AAPL
2016-02-24,44.42,45.13,43.99,45.01,33014500,MSFT
2016-02-24,11.52,11.97,11.19,11.93,80934000,TSLA
2016-02-25,162.92,164.45,162.16,164.44,110728300,SPY
2016-02-25,0.78,0.78,0.76,0.78,349616000,NVDA
2016-02-25,21.71,21.88,21.53,21.88,110330800,AAPL
2016-02-25,45.33,45.66,44.35,45.66,26939500,MSFT
2016-02-25,11.91,12.57,11.68,12.5,86260500,TSLA
2016-02-26,165.31,165.4,163.91,164.06,129833700,SPY
2016-02-26,0.78,0.78,0.76,0.77,361964000,NVDA
2016-02-26,21.97,22.16,21.83,21.91,115964400,AAPL
2016-02-26,46.1,46.17,44.78,44.96,35975900,MSFT
2016-02-26,12.58,12.8,12.33,12.69,90976500,TSLA
2016-02-29,164.08,165.02,162.58,162.78,125918100,SPY
2016-02-29,0.77,0.78,0.77,0.77,323344000,NVDA
2016-02-29,21.9,22.21,21.85,21.86,140865200,AAPL
2016-02-29,45.0,45.26,44.4,44.59,31654000,MSFT
2016-02-29,12.83,13.09,12.61,12.8,67485000,TSLA
2016-03-01,164.0,166.69,163.53,166.6,141799700,SPY
2016-03-01,0.77,0.8,0.77,0.8,348700000,NVDA
2016-03-01,22.08,22.78,22.02,22.73,201628400,AAPL
2016-03-01,44.67,46.09,44.62,46.08,33024500,MSFT
2016-03-01,12.95,13.06,12.18,12.42,100683000,TSLA
2016-03-02,166.29,167.4,165.88,167.35,102415000,SPY
2016-03-02,0.8,0.81,0.79,0.8,233812000,NVDA
2016-03-02,22.72,22.81,22.53,22.78,132678400,AAPL
2016-03-02,45.93,46.41,45.71,46.4,29289900,MSFT
2016-03-02,12.25,12.57,12.1,12.56,72936000,TSLA
2016-03-03,167.18,168.03,166.6,168.01,95172200,SPY
2016-03-03,0.8,0.81,0.79,0.8,302004000,NVDA
2016-03-03,22.74,22.99,22.71,22.95,147822800,AAPL
2016-03-03,46.42,46.42,45.38,45.88,24427800,MSFT
2016-03-03,12.55,13.16,12.28,13.05,72435000,TSLA
2016-03-04,168.2,169.33,167.38,168.56,129293600,SPY
2016-03-04,0.8,0.8,0.79,0.8,175304000,NVDA
2016-03-04,23.14,23.46,22.92,23.29,184220400,AAPL
2016-03-04,45.92,45.96,45.32,45.6,33034200,MSFT
2016-03-04,13.2,13.6,13.17,13.4,97336500,TSLA
2016-03-07,167.64,169.09,167.56,168.69,100219000,SPY
2016-03-07,0.79,0.8,0.78,0.79,239968000,NVDA
2016-03-07,23.15,23.25,22.82,23.03,143315600,AAPL
2016-03-07,45.18,45.39,44.33,44.72,38407800,MSFT
2016-03-07,13.18,13.98,13.16,13.69,79941000,TSLA
2016-03-08,167.62,168.13,166.69,166.85,123974900,SPY
2016-03-08,0.78,0.79,0.77,0.78,274940000,NVDA
2016-03-08,22.78,23.01,22.7,22.84,126247600,AAPL
2016-03-08,44.52,45.68,44.34,45.26,33835100,MSFT
2016-03-08,13.57,13.83,13.48,13.51,62680500,TSLA
2016-03-09,167.66,168.02,166.87,167.67,94801200,SPY
2016-03-09,0.78,0.78,0.76,0.77,222788000,NVDA
2016-03-09,22.9,22.96,22.67,22.86,108806800,AAPL
2016-03-09,45.47,46.31,45.45,46.31,28251600,MSFT
2016-03-09,13.63,13.96,13.52,13.91,48129000,TSLA
2016-03-10,168.16,169.09,165.99,167.81,156838700,SPY
2016-03-10,0.78,0.78,0.76,0.77,286084000,NVDA
2016-03-10,22.93,23.11,22.64,22.87,134054400,AAPL
2016-03-10,46.38,46.39,44.83,45.61,38387800,MSFT
2016-03-10,14.0,14.22,13.38,13.68,77887500,TSLA
2016-03-11,169.25,170.56,167.79,170.51,137964500,SPY
2016-03-11,0.79,0.79,0.78,0.79,277400000,NVDA
2016-03-11,23.11,23.12,22.95,23.12,109632800,AAPL
2016-03-11,46.45,46.51,45.9,46.51,32275700,MSFT
2016-03-11,13.86,13.96,13.69,13.83,50146500,TSLA
2016-03-14,170.01,170.75,169.68,170.3,73612000,SPY
2016-03-14,0.78,0.79,0.78,0.79,190312000,NVDA
2016-03-14,23.04,23.27,23.01,23.18,100304400,AAPL
2016-03-14,46.19,46.96,46.12,46.59,24083600,MSFT
2016-03-14,14.18,14.45,14.04,14.34,60985500,TSLA
2016-03-15,169.34,170.32,169.08,170.02,93169100,SPY
2016-03-15,0.78,0.79,0.77,0.78,226216000,NVDA
2016-03-15,23.5,23.78,23.48,23.64,160270800,AAPL
2016-03-15,46.23,46.96,46.22,46.96,21104800,MSFT
2016-03-15,14.28,14.6,14.1,14.56,47707500,TSLA
2016-03-16,169.54,171.41,169.5,171.0,129303200,SPY
2016-03-16,0.78,0.81,0.78,0.81,363644000,NVDA
2016-03-16,23.65,24.03,23.65,23.96,153214000,AAPL
2016-03-16,46.84,47.85,46.8,47.63,31691700,MSFT
2016-03-16,14.53,14.84,14.47,14.8,52750500,TSLA
2016-03-17,170.92,172.59,170.52,172.09,134278500,SPY
2016-03-17,0.81,0.81,0.79,0.8,353680000,NVDA
2016-03-17,23.86,24.07,23.73,23.92,137682800,AAPL
2016-03-17,47.51,48.2,47.32,47.9,28223900,MSFT
2016-03-17,14.76,15.23,14.67,15.09,56743500,TSLA
2016-03-18,172.59,173.1,172.27,172.76,138372400,SPY
2016-03-18,0.81,0.84,0.81,0.83,545512000,NVDA
2016-03-18,24.04,24.08,23.78,23.95,176820800,AAPL
2016-03-18,48.13,48.17,46.84,46.88,67625500,MSFT
2016-03-18,15.27,15.63,15.2,15.52,70677000,TSLA
2016-03-21,172.5,173.24,172.27,173.01,72926700,SPY
2016-03-21,0.82,0.83,0.81,0.83,337780000,NVDA
2016-03-21,23.95,24.34,23.77,23.94,142010800,AAPL
2016-03-21,46.66,47.26,46.38,47.2,23925700,MSFT
2016-03-21,15.69,15.99,15.67,15.89,79617000,TSLA
2016-03-22,172.24,173.48,172.08,172.92,97471900,SPY
2016-03-22,0.83,0.83,0.82,0.83,242012000,NVDA
2016-03-22,23.79,24.26,23.79,24.13,129777600,AAPL
2016-03-22,46.98,47.54,46.85,47.38,23124100,MSFT
2016-03-22,15.81,15.93,15.5,15.62,64740000,TSLA
2016-03-23,172.54,172.72,171.61,171.77,81052500,SPY
2016-03-23,0.83,0.85,0.83,0.84,429008000,NVDA
2016-03-23,24.07,24.21,23.94,23.99,102814000,AAPL
2016-03-23,47.42,47.53,47.09,47.3,20129000,MSFT
2016-03-23,15.49,15.65,14.8,14.84,74232000,TSLA
2016-03-24,170.75,171.73,170.53,171.7,84360900,SPY
2016-03-24,0.83,0.84,0.83,0.84,244956000,NVDA
2016-03-24,23.84,24.02,23.71,23.89,104532000,AAPL
2016-03-24,47.18,47.61,47.09,47.51,19950000,MSFT
2016-03-24,14.39,15.26,14.33,15.18,74413500,TSLA
2016-03-28,172.11,172.32,171.35,171.8,62408200,SPY
2016-03-28,0.84,0.85,0.84,0.85,265388000,NVDA
2016-03-28,23.96,24.01,23.75,23.78,77645600,AAPL
2016-03-28,47.51,47.58,46.74,46.92,17025100,MSFT
2016-03-28,15.44,15.65,15.0,15.35,58885500,TSLA
2016-03-29,171.39,173.5,171.09,173.39,92922900,SPY
2016-03-29,0.85,0.87,0.85,0.86,261812000,NVDA
2016-03-29,23.71,24.37,23.71,24.34,124760400,AAPL
2016-03-29,47.02,48.08,46.84,47.94,23924300,MSFT
2016-03-29,15.33,15.49,15.02,15.34,60214500,TSLA
2016-03-30,174.39,174.87,173.79,174.15,86365300,SPY
2016-03-30,0.87,0.89,0.87,0.87,376700000,NVDA
2016-03-30,24.56,24.96,24.55,24.77,182404400,AAPL
2016-03-30,48.14,48.76,48.11,48.24,23008300,MSFT
2016-03-30,15.67,15.7,15.1,15.13,60495000,TSLA
2016-03-31,174.06,174.48,173.57,173.73,94584100,SPY
2016-03-31,0.88,0.88,0.86,0.87,379884000,NVDA
2016-03-31,24.81,24.85,24.62,24.64,103553600,AAPL
2016-03-31,48.15,48.72,48.08,48.4,26360500,MSFT
2016-03-31,15.29,15.83,15.0,15.32,120193500,TSLA
2016-04-01,172.74,175.1,172.43,174.91,114423500,SPY
2016-04-01,0.86,0.88,0.86,0.88,348292000,NVDA
2016-04-01,24.59,24.87,24.46,24.87,103496000,AAPL
2016-04-01,48.24,48.73,47.82,48.7,24399200,MSFT
2016-04-01,16.32,16.53,15.55,15.84,239962500,TSLA
2016-04-04,174.83,175.04,174.04,174.34,63497000,SPY
2016-04-04,0.89,0.89,0.87,0.87,393940000,NVDA
2016-04-04,24.96,25.36,24.93,25.12,149424800,AAPL
2016-04-04,48.58,48.78,48.2,48.58,18928800,MSFT
2016-04-04,16.61,16.81,16.24,16.47,202129500,TSLA
2016-04-05,173.01,174.35,172.35,172.6,99662200,SPY
2016-04-05,0.87,0.88,0.86,0.87,339568000,NVDA
2016-04-05,24.76,25.03,24.74,24.83,106314800,AAPL
2016-04-05,48.37,48.46,47.73,47.81,19272300,MSFT
2016-04-05,16.03,17.1,16.0,17.03,149230500,TSLA
2016-04-06,172.6,174.55,172.43,174.49,91839800,SPY
2016-04-06,0.86,0.87,0.85,0.87,453376000,NVDA
2016-04-06,24.92,25.09,24.69,25.09,105616400,AAPL
2016-04-06,47.64,48.37,47.51,48.3,21188700,MSFT
2016-04-06,16.93,17.85,16.9,17.69,175582500,TSLA
2016-04-07,173.41,173.76,171.67,172.4,113859000,SPY
2016-04-07,0.87,0.88,0.86,0.87,378104000,NVDA
2016-04-07,24.86,24.96,24.44,24.54,127207600,AAPL
2016-04-07,48.08,48.12,47.52,47.73,19225100,MSFT
2016-04-07,17.76,17.96,16.97,17.15,132843000,TSLA
2016-04-08,173.58,174.01,172.33,172.87,95040600,SPY
2016-04-08,0.87,0.88,0.86,0.87,255936000,NVDA
2016-04-08,24.62,24.82,24.45,24.57,94326800,AAPL
2016-04-08,47.91,48.44,47.6,47.69,22167200,MSFT
2016-04-08,17.37,17.39,16.53,16.67,110458500,TSLA
2016-04-11,173.5,174.19,172.37,172.46,83757500,SPY
2016-04-11,0.88,0.89,0.87,0.88,387524000,NVDA
2016-04-11,24.64,25.01,24.6,24.65,117630000,AAPL
2016-04-11,47.75,48.33,47.59,47.59,21414200,MSFT
2016-04-11,16.73,17.27,16.35,16.66,137425500,TSLA
2016-04-12,172.63,174.34,172.19,174.07,115350600,SPY
2016-04-12,0.88,0.88,0.86,0.88,292764000,NVDA
2016-04-12,24.72,24.98,24.57,24.97,108929200,AAPL
2016-04-12,47.65,48.01,47.11,47.89,24944300,MSFT
2016-04-12,16.63,16.79,16.24,16.52,86448000,TSLA
2016-04-13,174.98,175.91,174.84,175.82,96336400,SPY
2016-04-13,0.88,0.9,0.88,0.9,350716000,NVDA
2016-04-13,25.05,25.4,25.05,25.33,133029200,AAPL
2016-04-13,48.3,48.58,48.1,48.51,20818000,MSFT
2016-04-13,16.57,17.03,16.49,16.97,73884000,TSLA
2016-04-14,175.88,176.33,175.49,175.83,65212900,SPY
2016-04-14,0.89,0.9,0.89,0.9,416564000,NVDA
2016-04-14,25.23,25.41,25.17,25.34,101895600,AAPL
2016-04-14,48.39,48.71,48.26,48.51,20877100,MSFT
2016-04-14,16.87,17.12,16.74,16.79,61983000,TSLA
2016-04-15,175.83,175.97,175.32,175.64,75761600,SPY
2016-04-15,0.9,0.91,0.9,0.91,436972000,NVDA
2016-04-15,25.35,25.39,24.81,24.83,187756000,AAPL
2016-04-15,48.46,49.0,48.29,48.77,28793800,MSFT
2016-04-15,16.75,16.97,16.61,16.97,56286000,TSLA
2016-04-18,175.64,176.91,174.98,176.87,82531000,SPY
2016-04-18,0.91,0.91,0.89,0.9,307320000,NVDA
2016-04-18,24.62,24.63,24.18,24.3,243286000,AAPL
2016-04-18,48.63,49.59,48.38,49.48,23786000,MSFT
2016-04-18,16.82,17.22,16.78,16.93,64071000,TSLA
2016-04-19,177.29,177.68,176.62,177.43,88316100,SPY
2016-04-19,0.91,0.91,0.88,0.89,309152000,NVDA
2016-04-19,24.39,24.42,24.02,24.17,129539600,AAPL
2016-04-19,49.63,49.75,48.79,49.42,29596800,MSFT
2016-04-19,16.87,16.96,16.08,16.49,95362500,TSLA
2016-04-20,177.47,178.29,177.0,177.6,81100300,SPY
2016-04-20,0.89,0.9,0.88,0.89,200172000,NVDA
2016-04-20,24.11,24.44,23.98,24.22,122444000,AAPL
2016-04-20,49.33,49.51,48.63,48.72,36195700,MSFT
2016-04-20,16.42,16.91,16.1,16.66,77911500,TSLA
2016-04-21,177.62,177.73,176.37,176.64,85695000,SPY
2016-04-21,0.89,0.89,0.89,0.89,178280000,NVDA
2016-04-21,24.17,24.17,23.86,23.96,126210000,AAPL
2016-04-21,48.9,49.28,48.57,48.88,38909100,MSFT
2016-04-21,16.6,16.73,16.46,16.55,41746500,TSLA
2016-04-22,176.29,176.91,175.75,176.64,99251700,SPY
2016-04-22,0.89,0.9,0.88,0.89,223540000,NVDA
2016-04-22,23.74,24.07,23.65,23.89,134732400,AAPL
2016-04-22,45.49,45.95,44.49,45.38,126834100,MSFT
2016-04-22,16.59,16.93,16.38,16.92,56794500,TSLA
2016-04-25,176.04,176.38,175.44,176.34,66166500,SPY
2016-04-25,0.89,0.9,0.88,0.89,191972000,NVDA
2016-04-25,23.74,23.89,23.63,23.76,112126400,AAPL
2016-04-25,45.38,45.68,45.25,45.67,33226900,MSFT
2016-04-25,16.87,17.16,16.72,16.79,55054500,TSLA
2016-04-26,176.7,177.11,176.13,176.6,75864200,SPY
2016-04-26,0.9,0.91,0.89,0.89,214536000,NVDA
2016-04-26,23.49,23.81,23.49,23.59,224064800,AAPL
2016-04-26,45.8,45.88,44.77,45.08,33532600,MSFT
2016-04-26,16.8,17.05,16.63,16.92,48357000,TSLA
2016-04-27,176.22,177.35,175.87,176.97,77329400,SPY
2016-04-27,0.89,0.91,0.89,0.91,352396000,NVDA
2016-04-27,21.7,22.32,21.63,22.11,458408400,AAPL
2016-04-27,45.11,45.13,44.3,44.64,43369300,MSFT
2016-04-27,16.85,17.0,16.63,16.76,48087000,TSLA
2016-04-28,176.21,177.31,174.94,175.36,97216200,SPY
2016-04-28,0.91,0.91,0.88,0.88,381224000,NVDA
2016-04-28,22.07,22.13,21.31,21.44,328970800,AAPL
2016-04-28,44.36,44.49,43.43,43.73,43134800,MSFT
2016-04-28,16.66,16.9,16.5,16.51,37785000,TSLA
2016-04-29,174.74,175.09,173.31,174.41,142424100,SPY
2016-04-29,0.88,0.88,0.86,0.87,321904000,NVDA
2016-04-29,21.25,21.41,20.91,21.19,274126000,AAPL
2016-04-29,43.25,44.04,43.25,43.7,48411700,MSFT
2016-04-29,16.54,16.56,15.85,16.05,81207000,TSLA
2016-05-02,174.91,175.98,174.48,175.8,62188000,SPY
2016-05-02,0.88,0.88,0.87,0.88,256076000,NVDA
2016-05-02,21.24,21.27,20.89,21.17,192640400,AAPL
2016-05-02,43.82,44.47,43.62,44.35,33114500,MSFT
2016-05-02,16.1,16.21,15.65,16.12,57658500,TSLA
2016-05-03,174.57,174.81,173.52,174.27,106422100,SPY
2016-05-03,0.87,0.87,0.86,0.87,224024000,NVDA
2016-05-03,21.3,21.64,21.18,21.52,227325200,AAPL
2016-05-03,44.11,44.18,43.47,43.62,26460200,MSFT
2016-05-03,15.82,15.93,15.44,15.49,64533000,TSLA
2016-05-04,173.28,174.01,172.8,173.3,92243800,SPY
2016-05-04,0.86,0.86,0.84,0.85,525764000,NVDA
2016-05-04,21.52,21.68,21.21,21.29,164102000,AAPL
2016-05-04,43.68,43.87,43.34,43.7,24257600,MSFT
2016-05-04,15.35,15.63,14.69,14.84,130507500,TSLA
2016-05-05,173.76,174.12,172.84,173.26,67619200,SPY
2016-05-05,0.86,0.86,0.85,0.85,246884000,NVDA
2016-05-05,21.38,21.4,21.08,21.21,143562000,AAPL
2016-05-05,43.7,44.08,43.58,43.76,25390700,MSFT
2016-05-05,15.23,15.24,13.99,14.1,168822000,TSLA
2016-05-06,172.49,173.94,172.34,173.9,89315000,SPY
2016-05-06,0.85,0.87,0.85,0.86,183240000,NVDA
2016-05-06,21.24,21.26,20.89,21.09,174799600,AAPL
2016-05-06,43.75,44.16,43.52,44.16,24787300,MSFT
2016-05-06,14.06,14.42,13.87,14.33,85278000,TSLA
2016-05-09,173.77,174.47,173.59,174.04,74374900,SPY
2016-05-09,0.87,0.87,0.85,0.86,333336000,NVDA
2016-05-09,21.15,21.33,21.06,21.11,131745600,AAPL
2016-05-09,44.25,44.33,43.82,43.88,17951600,MSFT
2016-05-09,14.38,14.41,13.79,13.93,71646000,TSLA
2016-05-10,174.74,176.22,174.67,176.2,77472200,SPY
2016-05-10,0.87,0.88,0.86,0.88,269676000,NVDA
2016-05-10,21.23,21.28,20.95,21.25,134747200,AAPL
2016-05-10,44.11,44.78,43.98,44.71,22891000,MSFT
2016-05-10,13.84,13.96,13.67,13.91,61059000,TSLA
2016-05-11,175.75,176.28,174.56,174.56,81727000,SPY
2016-05-11,0.88,0.89,0.88,0.88,328176000,NVDA
2016-05-11,21.26,21.28,21.03,21.04,114876400,AAPL
2016-05-11,44.81,45.38,44.69,44.74,24039100,MSFT
2016-05-11,13.84,14.37,13.74,13.93,77428500,TSLA
2016-05-12,175.22,175.39,173.6,174.61,89586300,SPY
2016-05-12,0.89,0.89,0.85,0.87,670540000,NVDA
2016-05-12,21.09,21.1,20.35,20.55,305258800,AAPL
2016-05-12,44.87,45.4,44.62,45.14,24102800,MSFT
2016-05-12,14.1,14.11,13.58,13.82,54757500,TSLA
2016-05-13,174.31,174.86,172.76,173.09,96474600,SPY
2016-05-13,0.96,1.0,0.95,1.0,2110256000,NVDA
2016-05-13,20.47,20.85,20.47,20.59,177571200,AAPL
2016-05-13,45.08,45.48,44.73,44.76,22592300,MSFT
2016-05-13,13.85,14.08,13.78,13.84,42342000,TSLA
2016-05-16,173.25,175.27,173.2,174.79,77486800,SPY
2016-05-16,0.99,1.05,0.99,1.03,973032000,NVDA
2016-05-16,21.01,21.47,20.85,21.35,245039200,AAPL
2016-05-16,44.52,45.53,44.47,45.42,20032000,MSFT
2016-05-16,13.88,14.21,13.86,13.89,44241000,TSLA
2016-05-17,174.52,174.81,172.64,173.16,114924900,SPY
2016-05-17,1.03,1.04,1.01,1.03,628392000,NVDA
2016-05-17,21.51,21.54,21.16,21.26,187667600,AAPL
2016-05-17,45.64,45.65,44.44,44.57,27803500,MSFT
2016-05-17,13.94,13.99,13.6,13.64,42654000,TSLA
2016-05-18,172.81,174.39,172.13,173.21,120062100,SPY
2016-05-18,1.03,1.07,1.03,1.06,541072000,NVDA
2016-05-18,21.42,21.66,21.36,21.51,168249600,AAPL
2016-05-18,44.55,45.13,44.39,44.84,24907500,MSFT
2016-05-18,13.94,14.35,13.85,14.08,84262500,TSLA
2016-05-19,172.49,172.9,171.41,172.61,115430500,SPY
2016-05-19,1.05,1.07,1.05,1.06,398880000,NVDA
2016-05-19,21.53,21.53,21.28,21.43,121768400,AAPL
2016-05-19,44.54,44.67,43.96,44.41,23842400,MSFT
2016-05-19,14.24,14.45,13.82,14.35,102994500,TSLA
2016-05-20,173.22,174.22,173.17,173.7,104990400,SPY
2016-05-20,1.07,1.09,1.07,1.08,391084000,NVDA
2016-05-20,21.53,21.71,21.5,21.66,128104000,AAPL
2016-05-20,44.55,45.2,44.48,44.67,23905800,MSFT
2016-05-20,14.47,14.7,14.42,14.69,135106500,TSLA
2016-05-23,173.72,174.0,173.28,173.47,58682600,SPY
2016-05-23,1.09,1.09,1.08,1.08,413636000,NVDA
2016-05-23,21.81,22.11,21.76,21.93,152074400,AAPL
2016-05-23,44.65,44.72,44.11,44.15,26118700,MSFT
2016-05-23,14.66,14.84,14.39,14.41,76537500,TSLA
2016-05-24,174.28,176.03,174.25,175.71,93537800,SPY
2016-05-24,1.09,1.11,1.08,1.11,415788000,NVDA
2016-05-24,22.11,22.31,22.03,22.27,140560800,AAPL
2016-05-24,44.74,45.63,44.48,45.53,34757900,MSFT
2016-05-24,14.44,14.58,14.35,14.53,45207000,TSLA
2016-05-25,176.39,177.32,175.71,176.91,76621400,SPY
2016-05-25,1.11,1.12,1.1,1.11,458076000,NVDA
2016-05-25,22.44,22.69,22.32,22.66,152675200,AAPL
2016-05-25,45.82,46.32,45.7,45.99,24040200,MSFT
2016-05-25,14.53,14.76,14.43,14.64,46902000,TSLA
2016-05-26,177.04,177.27,176.64,176.96,55280700,SPY
2016-05-26,1.11,1.13,1.1,1.12,309964000,NVDA
2016-05-26,22.67,22.91,22.44,22.84,225324800,AAPL
2016-05-26,45.83,45.87,45.32,45.79,24335200,MSFT
2016-05-26,14.7,15.02,14.6,15.01,61086000,TSLA
2016-05-27,177.12,177.73,177.07,177.72,64211200,SPY
2016-05-27,1.12,1.13,1.12,1.12,277416000,NVDA
2016-05-27,22.62,22.85,22.57,22.82,145364800,AAPL
2016-05-27,45.82,46.17,45.69,46.17,17721400,MSFT
2016-05-27,15.0,15.06,14.72,14.87,54754500,TSLA
2016-05-31,177.99,178.1,176.82,177.38,109879400,SPY
2016-05-31,1.13,1.15,1.13,1.14,412524000,NVDA
2016-05-31,22.65,22.84,22.48,22.71,169228800,AAPL
2016-05-31,46.12,46.77,45.96,46.77,37653100,MSFT
2016-05-31,14.87,14.98,14.77,14.88,41835000,TSLA
2016-06-01,176.77,177.92,176.58,177.74,69936200,SPY
2016-06-01,1.14,1.16,1.14,1.15,387132000,NVDA
2016-06-01,22.52,22.64,22.37,22.4,116693200,AAPL
2016-06-01,46.28,46.73,46.28,46.64,25324800,MSFT
2016-06-01,14.77,14.83,14.46,14.64,44740500,TSLA
2016-06-02,177.35,178.3,176.87,178.28,63044700,SPY
2016-06-02,1.15,1.16,1.14,1.15,329208000,NVDA
2016-06-02,22.2,22.25,21.98,22.23,160766400,AAPL
2016-06-02,46.45,46.54,45.75,46.31,22840800,MSFT
2016-06-02,14.64,14.66,14.47,14.6,30492000,TSLA
2016-06-03,177.73,178.1,176.55,177.75,101757100,SPY
2016-06-03,1.14,1.14,1.12,1.14,461076000,NVDA
2016-06-03,22.24,22.35,22.17,22.27,114019600,AAPL
2016-06-03,46.22,46.26,45.54,45.7,23368300,MSFT
2016-06-03,14.67,14.8,14.53,14.6,33435000,TSLA
2016-06-06,178.11,179.01,177.95,178.66,64887000,SPY
2016-06-06,1.14,1.15,1.13,1.13,322512000,NVDA
2016-06-06,22.29,23.18,22.19,22.43,93170000,AAPL
2016-06-06,45.88,46.2,45.79,46.0,18243300,MSFT
2016-06-06,14.53,14.73,14.36,14.71,33742500,TSLA
2016-06-07,178.81,179.49,178.78,178.93,60974800,SPY
2016-06-07,1.14,1.15,1.13,1.13,193400000,NVDA
2016-06-07,22.57,22.72,22.51,22.52,89638000,AAPL
2016-06-07,46.1,46.53,45.98,45.98,20866800,MSFT
2016-06-07,14.82,15.63,14.77,15.49,93204000,TSLA
2016-06-08,179.07,179.64,178.94,179.52,66170900,SPY
2016-06-08,1.13,1.14,1.12,1.13,234616000,NVDA
2016-06-08,22.52,22.65,22.45,22.5,83392400,AAPL
2016-06-08,45.91,46.28,45.77,45.92,21149400,MSFT
2016-06-08,15.59,16.06,15.51,15.7,89580000,TSLA
2016-06-09,178.79,179.39,178.52,179.27,73786900,SPY
2016-06-09,1.13,1.16,1.12,1.16,472168000,NVDA
2016-06-09,22.4,22.74,22.4,22.67,106405600,AAPL
2016-06-09,45.89,45.89,45.44,45.55,20305700,MSFT
2016-06-09,15.67,15.69,15.14,15.29,67381500,TSLA
2016-06-10,177.9,178.24,177.03,177.57,113829200,SPY
2016-06-10,1.15,1.16,1.13,1.13,400024000,NVDA
2016-06-10,22.41,22.6,22.4,22.48,126851600,AAPL
2016-06-10,45.05,45.93,45.04,45.43,25833200,MSFT
2016-06-10,15.16,15.2,14.56,14.59,90399000,TSLA
2016-06-13,176.97,177.83,176.12,176.2,117751200,SPY
2016-06-13,1.13,1.17,1.13,1.15,475588000,NVDA
2016-06-13,22.45,22.55,22.09,22.14,152082000,AAPL
2016-06-13,43.75,44.76,43.29,44.25,83217800,MSFT
2016-06-13,14.63,15.05,14.51,14.52,62895000,TSLA
2016-06-14,175.82,176.45,174.91,175.86,125059300,SPY
2016-06-14,1.14,1.15,1.13,1.15,298344000,NVDA
2016-06-14,22.14,22.4,22.01,22.17,127727600,AAPL
2016-06-14,44.04,44.21,43.74,43.97,42577100,MSFT
2016-06-14,14.59,14.81,14.17,14.33,53703000,TSLA
2016-06-15,175.86,176.97,175.43,175.61,109124500,SPY
2016-06-15,1.16,1.17,1.14,1.16,301036000,NVDA
2016-06-15,22.25,22.38,22.07,22.09,117780800,AAPL
2016-06-15,43.93,44.23,43.85,43.85,33757600,MSFT
2016-06-15,14.46,14.79,14.34,14.51,43627500,TSLA
2016-06-16,175.61,176.31,173.79,176.14,149533100,SPY
2016-06-16,1.15,1.17,1.14,1.16,246456000,NVDA
2016-06-16,21.94,22.23,21.85,22.19,125307200,AAPL
2016-06-16,43.7,44.54,43.69,44.47,31188600,MSFT
2016-06-16,14.49,14.54,14.23,14.53,36604500,TSLA
2016-06-17,176.03,176.06,174.83,175.48,117055700,SPY
2016-06-17,1.17,1.17,1.14,1.14,471000000,NVDA
2016-06-17,21.98,21.98,21.68,21.68,244032800,AAPL
2016-06-17,44.49,44.5,43.96,44.24,45710500,MSFT
2016-06-17,14.52,14.67,14.3,14.36,46689000,TSLA
2016-06-20,177.44,178.11,176.53,176.61,82789600,SPY
2016-06-20,1.16,1.18,1.16,1.16,293768000,NVDA
2016-06-20,21.84,21.97,21.61,21.63,137647600,AAPL
2016-06-20,44.69,44.86,44.15,44.19,35607900,MSFT
2016-06-20,14.63,14.92,14.55,14.65,53332500,TSLA
2016-06-21,176.99,177.52,176.55,177.11,72461700,SPY
2016-06-21,1.17,1.17,1.16,1.16,212508000,NVDA
2016-06-21,21.59,21.92,21.54,21.82,142185600,AAPL
2016-06-21,44.3,45.39,44.26,45.17,34097800,MSFT
2016-06-21,14.71,14.84,14.59,14.64,67935000,TSLA
2016-06-22,177.29,178.01,176.68,176.82,95560500,SPY
2016-06-22,1.16,1.17,1.15,1.16,202620000,NVDA
2016-06-22,21.89,22.04,21.69,21.73,116876400,AAPL
2016-06-22,45.08,45.41,44.96,45.0,28816800,MSFT
2016-06-22,13.3,13.73,13.05,13.11,356136000,TSLA
2016-06-23,178.28,179.18,177.82,179.13,102731400,SPY
2016-06-23,1.17,1.19,1.17,1.19,297880000,NVDA
2016-06-23,21.82,21.9,21.66,21.86,128960800,AAPL
2016-06-23,45.25,45.94,45.14,45.81,29028800,MSFT
2016-06-23,13.05,13.17,12.81,13.09,151960500,TSLA
2016-06-24,173.03,179.16,172.25,172.69,333444400,SPY
2016-06-24,1.14,1.16,1.11,1.12,1017684000,NVDA
2016-06-24,21.13,21.53,21.07,21.24,301245600,AAPL
2016-06-24,43.96,44.95,43.7,43.97,133503000,MSFT
2016-06-24,12.67,13.01,12.65,12.88,105397500,TSLA
2016-06-27,171.29,171.3,168.79,169.6,230775800,SPY
2016-06-27,1.11,1.12,1.09,1.11,449088000,NVDA
2016-06-27,21.15,21.16,20.81,20.93,181958400,AAPL
2016-06-27,43.33,43.37,42.39,42.74,50216300,MSFT
2016-06-27,12.72,13.25,12.52,13.24,108081000,TSLA
2016-06-28,171.2,172.69,170.89,172.66,159382400,SPY
2016-06-28,1.13,1.13,1.11,1.12,381920000,NVDA
2016-06-28,21.13,21.3,20.96,21.29,161779600,AAPL
2016-06-28,43.17,43.66,42.95,43.63,38140700,MSFT
2016-06-28,13.46,13.6,13.29,13.45,93186000,TSLA
2016-06-29,174.05,175.83,173.95,175.6,137328600,SPY
2016-06-29,1.13,1.15,1.13,1.14,318932000,NVDA
2016-06-29,21.37,21.51,21.3,21.47,146124000,AAPL
2016-06-29,44.04,44.76,43.95,44.6,31304000,MSFT
2016-06-29,13.68,14.12,13.53,14.01,89923500,TSLA
2016-06-30,176.07,178.05,175.51,178.0,165021900,SPY
2016-06-30,1.14,1.16,1.14,1.15,430940000,NVDA
2016-06-30,21.48,21.78,21.45,21.74,143345600,AAPL
2016-06-30,44.76,45.27,44.56,45.16,28527800,MSFT
2016-06-30,14.2,14.23,13.93,14.15,72646500,TSLA
2016-07-01,178.0,178.85,177.83,178.37,106055300,SPY
2016-07-01,1.14,1.16,1.14,1.14,218488000,NVDA
2016-07-01,21.72,21.94,21.68,21.81,104106000,AAPL
2016-07-01,45.12,45.64,45.07,45.15,21400400,MSFT
2016-07-01,13.74,14.55,13.73,14.43,81000000,TSLA
2016-07-05,177.55,177.66,176.49,177.09,109803700,SPY
2016-07-05,1.14,1.16,1.13,1.16,371084000,NVDA
2016-07-05,21.7,21.7,21.49,21.61,110820800,AAPL
2016-07-05,44.86,45.25,44.78,45.16,24806400,MSFT
2016-07-05,13.98,14.3,13.87,14.27,77629500,TSLA
2016-07-06,176.59,178.27,175.94,178.15,96021500,SPY
2016-07-06,1.15,1.17,1.15,1.17,273104000,NVDA
2016-07-06,21.52,21.76,21.46,21.73,123796400,AAPL
2016-07-06,44.81,45.48,44.47,45.34,28167500,MSFT
2016-07-06,14.0,14.35,13.93,14.3,73798500,TSLA
2016-07-07,178.33,178.99,177.27,178.04,85593800,SPY
2016-07-07,1.17,1.2,1.17,1.2,395400000,NVDA
2016-07-07,21.77,21.95,21.75,21.82,100558400,AAPL
2016-07-07,45.38,45.54,45.07,45.34,19585200,MSFT
2016-07-07,14.21,14.54,14.2,14.4,54180000,TSLA
2016-07-08,179.33,180.94,179.1,180.69,133971000,SPY
2016-07-08,1.21,1.25,1.21,1.25,481932000,NVDA
2016-07-08,21.95,22.04,21.85,21.99,115648400,AAPL
2016-07-08,45.65,46.21,45.49,46.15,28391000,MSFT
2016-07-08,14.52,14.65,14.3,14.45,61122000,TSLA
2016-07-11,181.15,181.9,180.94,181.33,73633900,SPY
2016-07-11,1.26,1.28,1.26,1.27,448776000,NVDA
2016-07-11,22.01,22.21,22.0,22.06,95179600,AAPL
2016-07-11,46.33,46.62,46.3,46.41,22269200,MSFT
2016-07-11,14.66,15.12,14.63,14.99,81447000,TSLA
2016-07-12,182.29,182.94,181.35,182.64,101275600,SPY
2016-07-12,1.29,1.3,1.27,1.29,436760000,NVDA
2016-07-12,22.1,22.22,22.09,22.16,96670000,AAPL
2016-07-12,46.72,47.12,46.59,46.96,27317600,MSFT
2016-07-12,14.94,15.17,14.88,14.98,68569500,TSLA
2016-07-13,183.06,183.07,182.13,182.62,87324100,SPY
2016-07-13,1.3,1.3,1.29,1.29,324604000,NVDA
2016-07-13,22.16,22.22,22.03,22.03,103568800,AAPL
2016-07-13,47.26,47.53,46.93,47.22,25356800,MSFT
2016-07-13,15.03,15.04,14.69,14.84,53506500,TSLA
2016-07-14,183.88,184.11,183.25,183.64,91230900,SPY
2016-07-14,1.3,1.32,1.29,1.31,316892000,NVDA
2016-07-14,22.15,22.52,22.14,22.47,155676000,AAPL
2016-07-14,47.51,47.64,47.28,47.42,24545500,MSFT
2016-07-14,14.87,15.0,14.74,14.77,40137000,TSLA
2016-07-15,184.2,184.39,182.95,183.39,107155400,SPY
2016-07-15,1.29,1.3,1.27,1.29,428616000,NVDA
2016-07-15,22.5,22.59,22.4,22.47,120548000,AAPL
2016-07-15,47.61,47.65,46.96,47.39,32024400,MSFT
2016-07-15,14.83,14.85,14.64,14.69,33513000,TSLA
2016-07-18,183.51,184.05,183.26,183.88,58725900,SPY
2016-07-18,1.31,1.31,1.29,1.3,252992000,NVDA
2016-07-18,22.45,22.77,22.43,22.71,145975600,AAPL
2016-07-18,47.39,47.95,47.26,47.62,31433900,MSFT
2016-07-18,14.64,15.14,14.55,15.08,51181500,TSLA
2016-07-19,183.47,183.73,183.22,183.7,54345700,SPY
2016-07-19,1.3,1.32,1.29,1.31,382652000,NVDA
2016-07-19,22.65,22.75,22.6,22.72,95119600,AAPL
2016-07-19,47.4,47.56,46.71,46.85,53336500,MSFT
2016-07-19,15.0,15.27,14.98,15.02,46726500,TSLA
2016-07-20,183.7,184.7,183.7,184.46,58159500,SPY
2016-07-20,1.31,1.33,1.31,1.33,296460000,NVDA
2016-07-20,22.75,22.85,22.69,22.74,105104000,AAPL
2016-07-20,49.55,50.16,49.0,49.34,89893300,MSFT
2016-07-20,15.1,15.32,15.0,15.22,38527500,TSLA
2016-07-21,184.35,184.57,183.32,183.77,67777300,SPY
2016-07-21,1.32,1.33,1.3,1.3,361308000,NVDA
2016-07-21,22.71,22.97,22.55,22.62,130808000,AAPL
2016-07-21,49.4,49.62,49.21,49.24,32776700,MSFT
2016-07-21,15.07,15.19,14.61,14.7,66430500,TSLA
2016-07-22,183.88,184.64,183.62,184.59,62787500,SPY
2016-07-22,1.31,1.34,1.3,1.34,315768000,NVDA
2016-07-22,22.58,22.59,22.36,22.44,113254800,AAPL
2016-07-22,49.49,49.97,49.22,49.92,32157200,MSFT
2016-07-22,14.8,14.97,14.59,14.82,38695500,TSLA
2016-07-25,184.39,184.44,183.51,184.09,55873100,SPY
2016-07-25,1.35,1.37,1.34,1.36,312528000,NVDA
2016-07-25,22.35,22.48,22.04,22.14,161531600,AAPL
2016-07-25,49.83,50.07,49.65,50.06,25610600,MSFT
2016-07-25,14.82,15.43,14.76,15.33,67360500,TSLA
2016-07-26,183.99,184.53,183.33,184.17,70080500,SPY
2016-07-26,1.38,1.39,1.37,1.39,514508000,NVDA
2016-07-26,22.02,22.28,21.93,21.99,224959200,AAPL
2016-07-26,49.88,50.56,49.87,50.09,28079000,MSFT
2016-07-26,15.18,15.33,15.02,15.3,51450000,TSLA
2016-07-27,184.55,184.62,183.21,183.98,84083900,SPY
2016-07-27,1.4,1.4,1.36,1.37,446676000,NVDA
2016-07-27,23.72,23.73,23.37,23.42,369379200,AAPL
2016-07-27,49.96,50.12,49.52,49.59,32327500,MSFT
2016-07-27,15.29,15.56,15.13,15.23,43335000,TSLA
2016-07-28,183.78,184.48,183.32,184.19,65035700,SPY
2016-07-28,1.38,1.39,1.37,1.38,221916000,NVDA
2016-07-28,23.39,23.76,23.39,23.73,159479200,AAPL
2016-07-28,49.42,49.74,49.17,49.6,37550400,MSFT
2016-07-28,15.2,15.38,15.11,15.37,36286500,TSLA
2016-07-29,183.93,184.84,183.65,184.49,79519400,SPY
2016-07-29,1.38,1.4,1.36,1.4,409588000,NVDA
2016-07-29,23.7,23.78,23.58,23.7,110934800,AAPL
2016-07-29,49.65,50.09,49.46,50.02,30558700,MSFT
2016-07-29,15.38,15.69,15.35,15.65,46062000,TSLA
2016-08-01,184.55,184.94,183.88,184.33,73311400,SPY
2016-08-01,1.4,1.41,1.38,1.39,301120000,NVDA
2016-08-01,23.75,24.14,23.75,24.12,152671600,AAPL
2016-08-01,49.95,50.08,49.54,49.93,26003400,MSFT
2016-08-01,15.7,15.78,15.29,15.33,60244500,TSLA
2016-08-02,184.09,184.24,182.32,183.15,92295500,SPY
2016-08-02,1.4,1.4,1.36,1.37,282748000,NVDA
2016-08-02,24.12,24.13,23.66,23.76,135266400,AAPL
2016-08-02,50.17,50.21,49.69,49.93,35122000,MSFT
2016-08-02,15.29,15.32,14.76,15.15,59016000,TSLA
2016-08-03,183.09,183.75,182.8,183.69,53993600,SPY
2016-08-03,1.37,1.38,1.36,1.38,299828000,NVDA
2016-08-03,23.84,24.07,23.83,24.06,120810400,AAPL
2016-08-03,50.02,50.4,49.85,50.27,22075600,MSFT
2016-08-03,15.16,15.31,14.95,15.05,58317000,TSLA
2016-08-04,183.8,184.2,182.05,183.88,46585500,SPY
2016-08-04,1.38,1.41,1.38,1.4,272712000,NVDA
2016-08-04,24.14,24.24,24.08,24.21,109634800,AAPL
2016-08-04,50.12,50.76,50.01,50.64,26587700,MSFT
2016-08-04,15.05,15.39,14.8,15.37,62205000,TSLA
2016-08-05,183.88,185.43,183.88,185.39,71892200,SPY
2016-08-05,1.42,1.43,1.41,1.43,371588000,NVDA
2016-08-05,24.3,24.62,24.28,24.58,162213600,AAPL
2016-08-05,50.87,51.37,50.7,51.15,29335200,MSFT
2016-08-05,15.33,15.47,15.16,15.34,48078000,TSLA
2016-08-08,185.58,185.68,185.01,185.28,39906500,SPY
2016-08-08,1.44,1.45,1.42,1.44,305064000,NVDA
2016-08-08,24.59,24.78,24.51,24.78,112148800,AAPL
2016-08-08,51.24,51.26,50.99,51.24,19473500,MSFT
2016-08-08,15.2,15.31,15.07,15.08,33954000,TSLA
2016-08-09,185.35,185.88,185.07,185.39,51251700,SPY
2016-08-09,1.45,1.46,1.44,1.44,372344000,NVDA
2016-08-09,24.75,24.91,24.7,24.88,105260800,AAPL
2016-08-09,51.33,51.62,51.2,51.36,16920700,MSFT
2016-08-09,15.12,15.44,15.11,15.27,33117000,TSLA
2016-08-10,185.5,185.58,184.58,184.93,57941100,SPY
2016-08-10,1.45,1.46,1.43,1.43,375740000,NVDA
2016-08-10,24.86,24.9,24.64,24.7,96034000,AAPL
2016-08-10,51.32,51.47,51.02,51.2,15756900,MSFT
2016-08-10,15.22,15.32,14.97,15.04,35074500,TSLA
2016-08-11,185.46,186.03,185.19,185.79,72504300,SPY
2016-08-11,1.44,1.47,1.44,1.46,681064000,NVDA
2016-08-11,24.82,24.91,24.66,24.68,109938000,AAPL
2016-08-11,51.21,51.58,51.21,51.45,18162300,MSFT
2016-08-11,15.08,15.17,14.89,14.99,28213500,TSLA
2016-08-12,185.48,185.84,185.23,185.63,61313500,SPY
2016-08-12,1.52,1.55,1.48,1.54,1425744000,NVDA
2016-08-12,24.65,24.8,24.65,24.74,74641600,AAPL
2016-08-12,51.21,51.35,50.85,51.13,21655200,MSFT
2016-08-12,15.03,15.11,14.94,15.04,27202500,TSLA
2016-08-15,185.99,186.51,185.98,186.16,49813500,SPY
2016-08-15,1.55,1.55,1.52,1.54,573304000,NVDA
2016-08-15,24.73,25.05,24.72,25.04,103472800,AAPL
2016-08-15,51.19,51.62,51.15,51.29,19283900,MSFT
2016-08-15,15.07,15.3,15.0,15.04,30514500,TSLA
2016-08-16,185.75,185.81,185.2,185.2,53213600,SPY
2016-08-16,1.54,1.54,1.53,1.53,287652000,NVDA
2016-08-16,25.07,25.21,24.97,25.01,135177600,AAPL
2016-08-16,51.16,51.16,50.85,51.0,20523500,MSFT
2016-08-16,15.03,15.15,14.89,14.91,34006500,TSLA
2016-08-17,185.24,185.69,184.4,185.55,75134300,SPY
2016-08-17,1.53,1.54,1.49,1.5,595212000,NVDA
2016-08-17,24.95,25.01,24.78,24.98,101424000,AAPL
2016-08-17,51.09,51.22,50.82,51.11,18856400,MSFT
2016-08-17,14.96,14.99,14.85,14.88,26806500,TSLA
2016-08-18,185.52,186.0,185.41,185.97,52989300,SPY
2016-08-18,1.5,1.52,1.49,1.52,331684000,NVDA
2016-08-18,24.98,25.06,24.93,24.95,87938800,AAPL
2016-08-18,50.99,51.24,50.85,51.15,14214300,MSFT
2016-08-18,14.92,15.04,14.82,14.9,25717500,TSLA
2016-08-19,185.5,185.87,185.01,185.69,75443000,SPY
2016-08-19,1.52,1.54,1.51,1.52,291560000,NVDA
2016-08-19,24.87,25.08,24.78,25.01,101472400,AAPL
2016-08-19,51.0,51.26,50.79,51.16,17271000,MSFT
2016-08-19,14.9,15.01,14.84,15.0,24892500,TSLA
2016-08-22,185.46,185.92,185.09,185.69,61368800,SPY
2016-08-22,1.53,1.53,1.51,1.53,244748000,NVDA
2016-08-22,24.89,24.95,24.66,24.81,103280800,AAPL
2016-08-22,51.15,51.28,50.85,51.21,15221900,MSFT
2016-08-22,14.94,15.01,14.85,14.86,30982500,TSLA
2016-08-23,186.3,186.59,186.0,186.06,53399200,SPY
2016-08-23,1.55,1.55,1.54,1.54,339764000,NVDA
2016-08-23,24.83,25.0,24.82,24.89,85030800,AAPL
2016-08-23,51.41,51.66,51.37,51.4,18732400,MSFT
2016-08-23,14.95,15.23,14.85,14.99,71766000,TSLA
2016-08-24,185.92,186.01,184.69,185.11,71728900,SPY
2016-08-24,1.55,1.55,1.51,1.52,298448000,NVDA
2016-08-24,24.83,24.87,24.62,24.7,94700400,AAPL
2016-08-24,51.32,51.54,51.25,51.46,18151500,MSFT
2016-08-24,15.14,15.14,14.81,14.84,38560500,TSLA
2016-08-25,184.73,185.4,184.57,184.98,69224800,SPY
2016-08-25,1.52,1.52,1.49,1.51,406032000,NVDA
2016-08-25,24.56,24.67,24.4,24.6,100344800,AAPL
2016-08-25,51.4,51.76,51.31,51.65,18552600,MSFT
2016-08-25,14.87,14.92,14.72,14.73,26437500,TSLA
2016-08-26,185.17,186.19,183.75,184.63,122506300,SPY
2016-08-26,1.51,1.53,1.5,1.52,300024000,NVDA
2016-08-26,24.56,24.69,24.31,24.46,111065200,AAPL
2016-08-26,51.75,52.12,51.23,51.53,20971200,MSFT
2016-08-26,14.81,14.86,14.59,14.67,33585000,TSLA
2016-08-29,184.76,185.8,184.73,185.54,70502200,SPY
2016-08-29,1.53,1.53,1.52,1.52,274652000,NVDA
2016-08-29,24.38,24.57,24.31,24.43,99881200,AAPL
2016-08-29,51.66,52.03,51.59,51.59,16417200,MSFT
2016-08-29,14.68,14.69,14.33,14.35,48994500,TSLA
2016-08-30,185.46,185.74,184.68,185.24,58114500,SPY
2016-08-30,1.52,1.53,1.51,1.51,285544000,NVDA
2016-08-30,24.19,24.36,24.13,24.24,99455600,AAPL
2016-08-30,51.48,51.67,51.16,51.4,16930200,MSFT
2016-08-30,14.41,14.41,14.03,14.09,47533500,TSLA
2016-08-31,184.9,185.02,183.94,184.71,85269500,SPY
2016-08-31,1.51,1.52,1.5,1.5,388544000,NVDA
2016-08-31,24.16,24.37,24.16,24.26,118649600,AAPL
2016-08-31,51.19,51.32,50.88,51.02,20860300,MSFT
2016-08-31,14.03,14.17,13.91,14.13,49147500,TSLA
2016-09-01,184.7,185.01,183.56,184.72,97844200,SPY
2016-09-01,1.51,1.55,1.5,1.55,428492000,NVDA
2016-09-01,24.27,24.42,24.15,24.41,106806000,AAPL
2016-09-01,50.62,51.34,50.62,51.14,26075400,MSFT
2016-09-01,13.93,14.07,13.37,13.38,119146500,TSLA
2016-09-02,185.57,185.97,184.98,185.55,79293900,SPY
2016-09-02,1.55,1.55,1.52,1.53,323148000,NVDA
2016-09-02,24.63,24.7,24.43,24.64,107210000,AAPL
2016-09-02,51.21,51.67,50.99,51.21,18900500,MSFT
2016-09-02,13.49,13.55,13.08,13.19,89661000,TSLA
2016-09-06,185.83,186.19,185.12,186.11,56702100,SPY
2016-09-06,1.54,1.55,1.53,1.55,306812000,NVDA
2016-09-06,24.68,24.77,24.59,24.63,107521600,AAPL
2016-09-06,51.31,51.32,50.8,51.16,16278400,MSFT
2016-09-06,13.27,13.55,13.27,13.52,65859000,TSLA
2016-09-07,185.95,186.27,185.49,186.09,76554900,SPY
2016-09-07,1.54,1.55,1.52,1.53,397988000,NVDA
2016-09-07,24.66,24.87,24.49,24.78,169457200,AAPL
2016-09-07,51.03,51.36,50.98,51.2,17493400,MSFT
2016-09-07,13.7,13.77,13.38,13.45,54613500,TSLA
2016-09-08,185.76,186.03,185.36,185.67,74102900,SPY
2016-09-08,1.52,1.54,1.51,1.54,315808000,NVDA
2016-09-08,24.53,24.53,24.07,24.13,212008000,AAPL
2016-09-08,51.17,51.32,50.77,51.0,20146100,MSFT
2016-09-08,13.3,13.33,13.09,13.16,50668500,TSLA
2016-09-09,184.36,184.41,181.2,181.22,221589100,SPY
2016-09-09,1.52,1.53,1.45,1.46,697760000,NVDA
2016-09-09,23.93,24.18,23.58,23.58,186228000,AAPL
2016-09-09,50.43,51.08,49.91,49.91,35113900,MSFT
2016-09-09,13.27,13.33,12.91,12.96,56355000,TSLA
2016-09-12,180.47,184.22,180.4,183.82,168110900,SPY
2016-09-12,1.44,1.49,1.41,1.49,598260000,NVDA
2016-09-12,23.47,24.18,23.45,24.11,181171200,AAPL
2016-09-12,49.73,50.8,49.38,50.66,29303000,MSFT
2016-09-12,13.0,13.42,12.94,13.22,55728000,TSLA
2016-09-13,182.55,182.81,180.56,181.18,182828800,SPY
2016-09-13,1.49,1.5,1.46,1.47,471768000,NVDA
2016-09-13,24.59,24.88,24.52,24.69,248704800,AAPL
2016-09-13,50.17,50.3,49.77,50.2,30130200,MSFT
2016-09-13,13.14,13.23,12.9,13.07,53841000,TSLA
2016-09-14,181.23,182.43,180.56,181.11,134185500,SPY
2016-09-14,1.47,1.49,1.46,1.48,319048000,NVDA
2016-09-14,24.86,25.85,24.84,25.56,443554800,AAPL
2016-09-14,50.07,50.29,49.75,49.96,24062500,MSFT
2016-09-14,13.05,13.19,12.99,13.09,33817500,TSLA
2016-09-15,180.95,183.31,180.77,182.92,134427900,SPY
2016-09-15,1.48,1.54,1.48,1.54,515212000,NVDA
2016-09-15,26.04,26.47,25.95,26.43,359934400,AAPL
2016-09-15,49.86,50.92,49.71,50.78,26847000,MSFT
2016-09-15,13.1,13.5,13.09,13.36,46158000,TSLA
2016-09-16,182.31,182.49,181.53,182.22,155236400,SPY
2016-09-16,1.54,1.55,1.52,1.54,902444000,NVDA
2016-09-16,26.33,26.56,26.08,26.28,319547600,AAPL
2016-09-16,51.17,51.17,50.39,50.84,44607000,MSFT
2016-09-16,13.36,13.71,13.27,13.69,46617000,TSLA
2016-09-19,182.87,183.51,181.93,182.25,80250500,SPY
2016-09-19,1.56,1.6,1.55,1.56,417128000,NVDA
2016-09-19,26.34,26.57,25.9,25.97,188092000,AAPL
2016-09-19,50.85,51.28,50.48,50.55,20937100,MSFT
2016-09-19,13.8,13.96,13.67,13.76,34492500,TSLA
2016-09-20,183.11,183.26,182.23,182.26,69665300,SPY
2016-09-20,1.58,1.58,1.54,1.55,331112000,NVDA
2016-09-20,25.85,26.1,25.73,25.97,138057200,AAPL
2016-09-20,50.92,50.92,50.39,50.45,17384000,MSFT
2016-09-20,13.79,13.85,13.59,13.64,36157500,TSLA
2016-09-21,182.96,184.49,182.28,184.31,110284400,SPY
2016-09-21,1.55,1.59,1.55,1.59,336212000,NVDA
2016-09-21,26.04,26.07,25.71,25.97,144012800,AAPL
2016-09-21,51.07,51.37,50.69,51.29,33707300,MSFT
2016-09-21,13.76,13.8,13.44,13.68,39502500,TSLA
2016-09-22,185.32,185.77,185.07,185.47,76678700,SPY
2016-09-22,1.6,1.61,1.59,1.6,308732000,NVDA
2016-09-22,26.15,26.29,26.07,26.21,124296000,AAPL
2016-09-22,51.43,51.5,51.17,51.34,19822200,MSFT
2016-09-22,13.76,13.82,13.53,13.76,35743500,TSLA
2016-09-23,185.08,185.21,184.36,184.45,73630900,SPY
2016-09-23,1.6,1.6,1.59,1.59,276132000,NVDA
2016-09-23,26.17,26.25,25.51,25.78,209924800,AAPL
2016-09-23,51.39,51.42,50.95,51.0,19955300,MSFT
2016-09-23,13.73,14.01,13.71,13.83,43578000,TSLA
2016-09-26,183.63,183.81,182.76,182.96,89827300,SPY
2016-09-26,1.58,1.58,1.56,1.58,230040000,NVDA
2016-09-26,25.53,25.93,25.51,25.81,119477600,AAPL
2016-09-26,50.69,50.74,50.46,50.53,21688700,MSFT
2016-09-26,13.77,14.07,13.77,13.93,35916000,TSLA
2016-09-27,182.8,184.19,182.43,184.1,78494800,SPY
2016-09-27,1.57,1.63,1.57,1.63,402752000,NVDA
2016-09-27,25.84,25.88,25.69,25.86,98429600,AAPL
2016-09-27,50.55,51.56,50.33,51.46,28065100,MSFT
2016-09-27,13.98,14.0,13.64,13.72,50598000,TSLA
2016-09-28,184.32,185.16,183.36,185.01,87411000,SPY
2016-09-28,1.63,1.64,1.62,1.64,319788000,NVDA
2016-09-28,26.0,26.22,25.94,26.06,118564400,AAPL
2016-09-28,51.4,51.56,51.21,51.53,20536400,MSFT
2016-09-28,13.83,13.88,13.68,13.75,31326000,TSLA
2016-09-29,184.8,185.21,182.79,183.34,128070600,SPY
2016-09-29,1.64,1.66,1.62,1.65,336684000,NVDA
2016-09-29,25.88,26.02,25.57,25.65,143548000,AAPL
2016-09-29,51.33,51.65,50.8,50.97,25463500,MSFT
2016-09-29,13.71,13.82,13.37,13.38,40905000,TSLA
2016-09-30,184.16,185.42,183.92,184.72,117202900,SPY
2016-09-30,1.66,1.7,1.65,1.68,429932000,NVDA
2016-09-30,25.72,25.93,25.57,25.85,145516400,AAPL
2016-09-30,51.12,51.3,50.92,51.15,29910800,MSFT
2016-09-30,13.48,13.67,13.3,13.6,38794500,TSLA
2016-10-03,184.31,184.5,183.64,184.28,83512100,SPY
2016-10-03,1.68,1.71,1.68,1.68,242596000,NVDA
2016-10-03,25.78,25.85,25.68,25.73,86807200,AAPL
2016-10-03,50.98,51.1,50.67,50.99,19189500,MSFT
2016-10-03,14.15,14.38,13.88,14.25,89998500,TSLA
2016-10-04,184.39,184.61,182.75,183.34,119948100,SPY
2016-10-04,1.68,1.71,1.66,1.68,281624000,NVDA
2016-10-04,25.86,26.14,25.76,25.84,118947200,AAPL
2016-10-04,50.85,51.15,50.59,50.83,20085900,MSFT
2016-10-04,14.21,14.22,13.92,14.09,53122500,TSLA
2016-10-05,183.96,184.57,183.89,184.15,72816000,SPY
2016-10-05,1.69,1.71,1.67,1.67,305440000,NVDA
2016-10-05,25.93,25.99,25.77,25.85,85812400,AAPL
2016-10-05,50.87,51.47,50.85,51.18,16726400,MSFT
2016-10-05,14.15,14.21,13.87,13.9,28162500,TSLA
2016-10-06,183.92,184.5,183.39,184.28,62927400,SPY
2016-10-06,1.65,1.66,1.63,1.65,360212000,NVDA
2016-10-06,26.0,26.15,25.87,26.05,115117200,AAPL
2016-10-06,51.27,51.38,50.86,51.27,16212600,MSFT
2016-10-06,13.5,13.61,13.35,13.4,70551000,TSLA
2016-10-07,184.55,184.72,182.92,183.64,89788300,SPY
2016-10-07,1.66,1.67,1.64,1.64,286260000,NVDA
2016-10-07,26.14,26.2,25.96,26.08,97433600,AAPL
2016-10-07,51.37,51.48,50.99,51.32,20089000,MSFT
2016-10-07,13.4,13.42,13.05,13.11,52395000,TSLA
2016-10-10,184.6,185.06,184.45,184.6,51855000,SPY
2016-10-10,1.65,1.66,1.63,1.65,287876000,NVDA
2016-10-10,26.3,26.7,26.23,26.54,144944000,AAPL
2016-10-10,51.42,51.85,51.39,51.54,18196500,MSFT
2016-10-10,13.42,13.61,13.31,13.4,49744500,TSLA
2016-10-11,184.17,184.24,181.54,182.27,130367400,SPY
2016-10-11,1.64,1.64,1.61,1.62,388540000,NVDA
2016-10-11,26.92,27.14,26.57,26.6,256164000,AAPL
2016-10-11,51.4,51.52,50.52,50.78,26497400,MSFT
2016-10-11,13.46,13.48,13.22,13.34,34926000,TSLA
2016-10-12,182.4,183.03,181.91,182.51,73866100,SPY
2016-10-12,1.62,1.64,1.6,1.63,419920000,NVDA
2016-10-12,26.84,26.98,26.7,26.83,150347200,AAPL
2016-10-12,50.71,50.85,50.08,50.71,22177500,MSFT
2016-10-12,13.4,13.59,13.36,13.43,29560500,TSLA
2016-10-13,181.18,182.4,180.37,181.91,101357000,SPY
2016-10-13,1.61,1.61,1.56,1.6,390116000,NVDA
2016-10-13,26.71,26.86,26.46,26.75,140769600,AAPL
2016-10-13,50.35,50.88,50.01,50.54,25313700,MSFT
2016-10-13,13.37,13.39,13.14,13.35,37419000,TSLA
2016-10-14,182.88,183.34,181.93,182.0,93346200,SPY
2016-10-14,1.62,1.63,1.61,1.62,330636000,NVDA
2016-10-14,26.96,27.02,26.79,26.9,142608800,AAPL
2016-10-14,50.72,51.27,50.72,50.99,27402500,MSFT
2016-10-14,13.38,13.43,13.09,13.1,64048500,TSLA
2016-10-17,181.98,182.23,181.19,181.37,58275700,SPY
2016-10-17,1.62,1.63,1.61,1.61,195328000,NVDA
2016-10-17,26.83,26.95,26.71,26.88,94499600,AAPL
2016-10-17,50.93,51.02,50.5,50.81,23830000,MSFT
2016-10-17,13.14,13.23,12.8,12.93,68311500,TSLA
2016-10-18,182.96,183.02,182.13,182.51,76869700,SPY
2016-10-18,1.63,1.64,1.63,1.63,269372000,NVDA
2016-10-18,27.03,27.03,26.86,26.86,98214000,AAPL
2016-10-18,51.08,51.46,50.98,51.2,19149500,MSFT
2016-10-18,13.07,13.3,12.88,13.27,85207500,TSLA
2016-10-19,182.77,183.3,182.41,182.99,66519200,SPY
2016-10-19,1.62,1.64,1.61,1.63,199060000,NVDA
2016-10-19,26.81,26.93,26.02,26.78,80138400,AAPL
2016-10-19,51.03,51.36,50.97,51.08,22878400,MSFT
2016-10-19,13.32,13.78,13.2,13.57,104868000,TSLA
2016-10-20,182.64,183.21,181.99,182.65,73639800,SPY
2016-10-20,1.65,1.67,1.63,1.66,312084000,NVDA
2016-10-20,26.72,26.84,26.6,26.77,96503200,AAPL
2016-10-20,51.06,51.08,50.31,50.84,49455600,MSFT
2016-10-20,13.47,13.53,13.14,13.27,76093500,TSLA
2016-10-21,182.65,182.82,181.7,182.74,89089100,SPY
2016-10-21,1.66,1.66,1.64,1.66,279508000,NVDA
2016-10-21,26.71,26.74,26.59,26.66,92770800,AAPL
2016-10-21,53.53,53.68,52.83,52.98,80032200,MSFT
2016-10-21,13.24,13.44,13.16,13.34,44151000,TSLA
2016-10-24,183.61,183.88,183.16,183.52,60146600,SPY
2016-10-24,1.67,1.74,1.67,1.73,339836000,NVDA
2016-10-24,26.78,26.93,26.76,26.9,94154800,AAPL
2016-10-24,53.22,54.17,53.22,54.17,54067000,MSFT
2016-10-24,13.4,13.6,13.35,13.52,41274000,TSLA
2016-10-25,183.34,183.59,182.74,182.9,66542300,SPY
2016-10-25,1.73,1.77,1.72,1.76,397460000,NVDA
2016-10-25,26.97,27.07,26.83,27.04,192516000,AAPL
2016-10-25,54.03,54.49,53.99,54.16,35137200,MSFT
2016-10-25,13.53,13.65,13.41,13.49,36675000,TSLA
2016-10-26,182.08,183.11,181.84,182.53,75705500,SPY
2016-10-26,1.75,1.79,1.75,1.77,333792000,NVDA
2016-10-26,26.14,26.46,25.91,26.43,264536800,AAPL
2016-10-26,54.0,54.34,53.7,53.84,29911600,MSFT
2016-10-26,13.4,13.55,13.34,13.48,84492000,TSLA
2016-10-27,183.25,183.28,181.97,182.05,77220200,SPY
2016-10-27,1.78,1.79,1.73,1.73,388664000,NVDA
2016-10-27,26.39,26.5,26.09,26.18,138248000,AAPL
2016-10-27,53.82,54.02,53.36,53.37,28479900,MSFT
2016-10-27,14.09,14.25,13.44,13.6,196405500,TSLA
2016-10-28,182.02,182.7,180.8,181.51,140623200,SPY
2016-10-28,1.74,1.77,1.73,1.73,290856000,NVDA
2016-10-28,26.04,26.35,25.94,26.01,151446800,AAPL
2016-10-28,53.29,53.74,52.91,53.16,33574700,MSFT
2016-10-28,13.6,13.69,13.32,13.33,64201500,TSLA
2016-10-31,181.84,182.06,181.35,181.52,61272500,SPY
2016-10-31,1.74,1.76,1.74,1.75,252388000,NVDA
2016-10-31,25.99,26.12,25.89,25.96,105677600,AAPL
2016-10-31,53.42,53.65,53.21,53.21,26434700,MSFT
2016-10-31,13.5,13.5,13.05,13.18,70384500,TSLA
2016-11-01,181.84,181.89,179.0,180.2,122781800,SPY
2016-11-01,1.75,1.76,1.68,1.69,473224000,NVDA
2016-11-01,25.95,26.02,25.28,25.5,175303200,AAPL
2016-11-01,53.25,53.3,52.61,53.1,24533000,MSFT
2016-11-01,13.2,13.23,12.54,12.72,105900000,TSLA
2016-11-02,179.89,180.28,178.68,179.12,103330800,SPY
2016-11-02,1.71,1.73,1.68,1.69,295848000,NVDA
2016-11-02,25.48,25.69,25.44,25.52,113326800,AAPL
2016-11-02,53.12,53.22,52.66,52.77,22147000,MSFT
2016-11-02,12.67,12.85,12.5,12.53,63801000,TSLA
2016-11-03,179.33,179.54,178.02,178.3,88939300,SPY
2016-11-03,1.69,1.7,1.63,1.67,309664000,NVDA
2016-11-03,25.51,25.62,25.18,25.25,107730400,AAPL
2016-11-03,52.86,52.96,52.49,52.58,21600400,MSFT
2016-11-03,12.6,12.76,12.47,12.49,39795000,TSLA
2016-11-04,178.41,179.25,177.96,178.1,109122100,SPY
2016-11-04,1.66,1.69,1.63,1.66,328780000,NVDA
2016-11-04,24.95,25.34,24.85,25.02,123348000,AAPL
2016-11-04,52.08,52.64,51.96,52.13,28697000,MSFT
2016-11-04,12.6,12.9,12.4,12.7,77190000,TSLA
2016-11-07,178.1,182.06,178.1,182.03,109794900,SPY
2016-11-07,1.71,1.76,1.71,1.75,487580000,NVDA
2016-11-07,25.3,25.4,25.16,25.38,130240000,AAPL
2016-11-07,53.08,53.74,53.08,53.65,31664800,MSFT
2016-11-07,12.91,12.95,12.67,12.88,58051500,TSLA
2016-11-08,181.64,183.41,181.37,182.85,106772100,SPY
2016-11-08,1.76,1.76,1.73,1.75,429884000,NVDA
2016-11-08,25.36,25.68,25.22,25.53,97016800,AAPL
2016-11-08,53.77,53.97,53.41,53.7,22935400,MSFT
2016-11-08,12.92,13.17,12.75,13.0,49014000,TSLA
2016-11-09,181.36,185.4,181.34,184.79,258429000,SPY
2016-11-09,1.7,1.74,1.69,1.72,456532000,NVDA
2016-11-09,25.26,25.59,24.84,25.49,236705600,AAPL
2016-11-09,53.28,53.8,52.57,53.43,49632500,MSFT
2016-11-09,12.46,12.8,12.26,12.67,122596500,TSLA
2016-11-10,185.57,186.44,183.8,185.25,172113300,SPY
2016-11-10,1.75,1.75,1.64,1.66,869280000,NVDA
2016-11-10,25.54,25.54,24.33,24.78,228538000,AAPL
2016-11-10,53.7,53.71,51.17,52.12,57822400,MSFT
2016-11-10,12.74,12.77,12.03,12.36,101254500,TSLA
2016-11-11,184.53,185.06,183.88,184.82,100552700,SPY
2016-11-11,1.95,2.18,1.93,2.16,2175344000,NVDA
2016-11-11,24.62,25.02,24.49,24.92,136575600,AAPL
2016-11-11,51.71,52.5,51.51,52.41,38767800,MSFT
2016-11-11,12.28,12.59,12.2,12.57,59827500,TSLA
2016-11-14,185.34,185.55,184.22,184.97,94580000,SPY
2016-11-14,2.16,2.16,2.05,2.05,1348796000,NVDA
2016-11-14,24.76,24.78,23.92,24.3,204702000,AAPL
2016-11-14,52.41,52.46,50.86,51.61,41328400,MSFT
2016-11-14,12.53,12.55,11.88,12.1,98283000,TSLA
2016-11-15,185.35,186.41,185.15,186.41,91652600,SPY
2016-11-15,2.07,2.15,2.06,2.11,626092000,NVDA
2016-11-15,24.5,24.75,24.4,24.62,129058000,AAPL
2016-11-15,52.15,53.18,52.14,52.63,35904100,MSFT
2016-11-15,12.19,12.43,12.14,12.25,58530000,TSLA
2016-11-16,185.8,186.29,185.68,186.06,65617700,SPY
2016-11-16,2.14,2.27,2.12,2.25,987984000,NVDA
2016-11-16,24.53,25.34,24.5,25.28,235362000,AAPL
2016-11-16,52.69,53.33,52.57,53.33,27332500,MSFT
2016-11-16,12.18,12.32,12.08,12.26,51516000,TSLA
2016-11-17,186.21,187.08,186.1,187.02,69797200,SPY
2016-11-17,2.26,2.33,2.22,2.27,832988000,NVDA
2016-11-17,25.24,25.37,25.02,25.27,110528000,AAPL
2016-11-17,54.0,54.49,53.61,54.21,32132700,MSFT
2016-11-17,12.23,12.63,12.14,12.58,73306500,TSLA
2016-11-18,187.08,187.26,186.42,186.6,86265800,SPY
2016-11-18,2.27,2.31,2.25,2.29,576060000,NVDA
2016-11-18,25.22,25.41,25.21,25.3,113715600,AAPL
2016-11-18,54.34,54.66,53.91,53.95,27686300,MSFT
2016-11-18,12.71,12.87,12.33,12.33,78154500,TSLA
2016-11-21,187.17,188.03,187.02,188.01,72402600,SPY
2016-11-21,2.31,2.31,2.27,2.28,436436000,NVDA
2016-11-21,25.31,25.74,25.29,25.68,117058400,AAPL
2016-11-21,54.08,54.51,54.01,54.41,19652600,MSFT
2016-11-21,12.34,12.59,12.29,12.3,65415000,TSLA
2016-11-22,188.31,188.55,187.65,188.37,67429000,SPY
2016-11-22,2.29,2.3,2.27,2.3,330368000,NVDA
2016-11-22,25.73,25.84,25.61,25.7,103862000,AAPL
2016-11-22,54.51,54.76,54.36,54.64,23206700,MSFT
2016-11-22,12.39,12.76,12.25,12.74,84051000,TSLA
2016-11-23,187.86,188.53,187.67,188.48,56620200,SPY
2016-11-23,2.3,2.34,2.28,2.31,443236000,NVDA
2016-11-23,25.6,25.63,25.36,25.57,109705600,AAPL
2016-11-23,54.54,54.62,53.86,54.0,21848900,MSFT
2016-11-23,12.71,13.04,12.6,12.88,73378500,TSLA
2016-11-25,188.82,189.21,188.74,189.18,37872300,SPY
2016-11-25,2.32,2.34,2.3,2.31,195564000,NVDA
2016-11-25,25.54,25.71,25.5,25.7,45903600,AAPL
2016-11-25,53.91,54.11,53.75,54.11,8409600,MSFT
2016-11-25,12.91,13.15,12.91,13.11,35491500,TSLA
2016-11-28,188.87,189.14,188.19,188.29,76572500,SPY
2016-11-28,2.31,2.33,2.3,2.31,278736000,NVDA
2016-11-28,25.61,25.85,25.6,25.65,108776000,AAPL
2016-11-28,53.94,54.55,53.83,54.18,20732600,MSFT
2016-11-28,13.03,13.29,12.97,13.07,67938000,TSLA
2016-11-29,188.32,189.11,188.02,188.66,69886700,SPY
2016-11-29,2.31,2.32,2.27,2.29,444568000,NVDA
2016-11-29,25.46,25.75,25.3,25.62,114115200,AAPL
2016-11-29,54.22,54.9,54.1,54.61,22366700,MSFT
2016-11-29,13.04,13.12,12.63,12.64,66589500,TSLA
2016-11-30,189.27,189.43,188.14,188.2,113291800,SPY
2016-11-30,2.3,2.31,2.26,2.27,440500000,NVDA
2016-11-30,25.65,25.79,25.35,25.4,144649200,AAPL
2016-11-30,54.41,54.69,53.83,53.87,34655400,MSFT
2016-11-30,12.73,12.79,12.5,12.63,53206500,TSLA
2016-12-01,188.5,188.5,187.15,187.51,79040500,SPY
2016-12-01,2.26,2.26,2.08,2.15,1035524000,NVDA
2016-12-01,25.37,25.5,25.06,25.17,148347600,AAPL
2016-12-01,53.74,53.77,52.69,52.92,34542100,MSFT
2016-12-01,12.55,12.57,12.07,12.13,76896000,TSLA
2016-12-02,187.6,188.09,187.25,187.61,74840300,SPY
2016-12-02,2.12,2.18,2.09,2.17,478292000,NVDA
2016-12-02,25.09,25.31,25.02,25.26,106112000,AAPL
2016-12-02,52.82,53.16,52.57,52.97,25515700,MSFT
2016-12-02,12.19,12.33,12.0,12.1,60634500,TSLA
2016-12-05,188.43,189.07,188.24,188.73,67837800,SPY
2016-12-05,2.21,2.28,2.19,2.26,602284000,NVDA
2016-12-05,25.28,25.29,24.88,25.08,137298000,AAPL
2016-12-05,53.37,54.17,53.24,53.83,23552700,MSFT
2016-12-05,12.17,12.59,12.17,12.45,61083000,TSLA
2016-12-06,188.92,189.36,188.44,189.33,59877400,SPY
2016-12-06,2.27,2.3,2.25,2.29,498796000,NVDA
2016-12-06,25.17,25.37,25.1,25.27,104782000,AAPL
2016-12-06,54.02,54.05,53.46,53.59,19907000,MSFT
2016-12-06,12.37,12.44,12.18,12.39,50874000,TSLA
2016-12-07,189.18,191.87,189.06,191.81,110738100,SPY
2016-12-07,2.28,2.34,2.26,2.34,480804000,NVDA
2016-12-07,25.11,25.56,25.09,25.52,119994800,AAPL
2016-12-07,53.65,54.87,53.46,54.86,30809000,MSFT
2016-12-07,12.41,12.89,12.33,12.88,81928500,TSLA
2016-12-08,191.78,192.75,191.52,192.28,99714400,SPY
2016-12-08,2.34,2.37,2.29,2.3,381544000,NVDA
2016-12-08,25.48,25.84,25.42,25.77,108273200,AAPL
2016-12-08,54.8,55.05,54.39,54.54,21220800,MSFT
2016-12-08,12.8,12.83,12.64,12.82,47911500,TSLA
2016-12-09,192.5,193.46,192.46,193.44,88005800,SPY
2016-12-09,2.31,2.32,2.23,2.26,382312000,NVDA
2016-12-09,25.82,26.36,25.82,26.19,137610400,AAPL
2016-12-09,54.69,55.42,54.65,55.4,27349400,MSFT
2016-12-09,12.72,12.92,12.72,12.81,40837500,TSLA
2016-12-12,193.34,193.82,192.8,193.22,102016100,SPY
2016-12-12,2.21,2.21,2.15,2.2,601332000,NVDA
2016-12-12,26.04,26.43,25.86,26.04,105497600,AAPL
2016-12-12,55.26,55.69,55.18,55.58,20198100,MSFT
2016-12-12,12.85,12.96,12.75,12.83,36583500,TSLA
2016-12-13,193.87,195.0,193.86,194.51,110477500,SPY
2016-12-13,2.21,2.27,2.21,2.24,387796000,NVDA
2016-12-13,26.17,26.65,26.15,26.48,174935200,AAPL
2016-12-13,55.87,56.7,55.64,56.3,35718900,MSFT
2016-12-13,12.88,13.42,12.87,13.21,102358500,TSLA
2016-12-14,194.21,194.91,192.46,192.9,142501800,SPY
2016-12-14,2.27,2.39,2.25,2.37,983980000,NVDA
2016-12-14,26.44,26.71,26.43,26.48,136127200,AAPL
2016-12-14,56.32,56.72,55.9,56.03,30352700,MSFT
2016-12-14,13.25,13.53,13.12,13.25,62263500,TSLA
2016-12-15,193.14,194.55,192.91,193.69,124972600,SPY
2016-12-15,2.38,2.46,2.37,2.43,746548000,NVDA
2016-12-15,26.52,26.83,26.49,26.62,186098000,AAPL
2016-12-15,56.05,56.45,55.69,55.94,27669900,MSFT
2016-12-15,13.23,13.38,13.16,13.17,48294000,TSLA
2016-12-16,194.15,194.21,193.0,193.32,156420200,SPY
2016-12-16,2.45,2.47,2.4,2.47,1089528000,NVDA
2016-12-16,26.77,26.78,26.58,26.66,177404400,AAPL
2016-12-16,56.28,56.28,55.53,55.69,42453100,MSFT
2016-12-16,13.21,13.51,13.17,13.5,56953500,TSLA
2016-12-19,193.5,194.16,193.35,193.74,90341100,SPY
2016-12-19,2.45,2.52,2.43,2.5,744656000,NVDA
2016-12-19,26.62,26.98,26.61,26.81,111117600,AAPL
2016-12-19,55.93,57.01,55.8,56.87,34338200,MSFT
2016-12-19,13.5,13.63,13.32,13.52,52321500,TSLA
2016-12-20,194.27,194.63,194.04,194.48,89838800,SPY
2016-12-20,2.57,2.61,2.56,2.58,848056000,NVDA
2016-12-20,26.83,27.01,26.82,26.88,85700000,AAPL
2016-12-20,56.94,57.04,56.35,56.8,26028400,MSFT
2016-12-20,13.54,13.93,13.5,13.92,70336500,TSLA
2016-12-21,194.36,194.53,193.94,193.94,67909000,SPY
2016-12-21,2.6,2.6,2.55,2.6,576136000,NVDA
2016-12-21,26.85,26.99,26.84,26.91,95132800,AAPL
2016-12-21,56.7,56.95,56.43,56.8,17096300,MSFT
2016-12-21,13.9,14.15,13.83,13.85,78114000,TSLA
2016-12-22,193.8,193.92,193.21,193.61,56219100,SPY
2016-12-22,2.62,2.67,2.62,2.63,718612000,NVDA
2016-12-22,26.74,26.78,26.58,26.73,104343600,AAPL
2016-12-22,57.07,57.3,56.69,56.81,22176600,MSFT
2016-12-22,13.88,14.0,13.77,13.9,46666500,TSLA
2016-12-23,193.65,193.9,193.46,193.89,36697800,SPY
2016-12-23,2.61,2.7,2.61,2.7,647692000,NVDA
2016-12-23,26.57,26.78,26.57,26.78,56998000,AAPL
2016-12-23,56.72,56.8,56.14,56.53,12403800,MSFT
2016-12-23,13.87,14.23,13.85,14.22,70057500,TSLA
2016-12-27,194.16,194.77,194.14,194.37,42672500,SPY
2016-12-27,2.75,2.88,2.73,2.88,1194272000,NVDA
2016-12-27,26.78,27.08,26.78,26.95,73187600,AAPL
2016-12-27,56.51,57.28,56.51,56.57,11763200,MSFT
2016-12-27,14.33,14.82,14.29,14.64,88735500,TSLA
2016-12-28,194.63,194.65,192.65,192.77,64095000,SPY
2016-12-28,2.94,2.95,2.67,2.68,2295764000,NVDA
2016-12-28,27.01,27.13,26.71,26.84,83623600,AAPL
2016-12-28,56.68,56.68,56.17,56.31,14653300,MSFT
2016-12-28,14.77,14.92,14.48,14.65,56737500,TSLA
2016-12-29,192.83,193.19,192.29,192.72,48696100,SPY
2016-12-29,2.58,2.74,2.53,2.74,2175368000,NVDA
2016-12-29,26.77,26.92,26.76,26.83,60158000,AAPL
2016-12-29,56.19,56.5,56.08,56.23,10250600,MSFT
2016-12-29,14.57,14.61,14.27,14.31,60675000,TSLA
2016-12-30,193.05,193.14,191.33,192.02,108998300,SPY
2016-12-30,2.74,2.75,2.61,2.62,1212932000,NVDA
2016-12-30,26.81,26.94,26.53,26.62,122345200,AAPL
2016-12-30,56.28,56.31,55.45,55.55,25579900,MSFT
2016-12-30,14.42,14.5,14.11,14.25,69639000,TSLA
2017-01-03,193.32,193.99,192.32,193.49,91366500,SPY
2017-01-03,2.57,2.61,2.44,2.51,1501996000,NVDA
2017-01-03,26.62,26.74,26.38,26.7,115127600,AAPL
2017-01-03,56.13,56.18,55.54,55.94,20694100,MSFT
2017-01-03,14.32,14.69,14.06,14.47,88849500,TSLA
2017-01-04,193.81,194.78,193.81,194.64,78744400,SPY
2017-01-04,2.54,2.59,2.49,2.56,1199220000,NVDA
2017-01-04,26.63,26.78,26.61,26.67,84472400,AAPL
2017-01-04,55.86,56.1,55.53,55.69,21340000,MSFT
2017-01-04,14.32,15.2,14.29,15.13,168202500,TSLA
2017-01-05,194.37,194.64,193.69,194.48,78379000,SPY
2017-01-05,2.57,2.6,2.48,2.5,984296000,NVDA
2017-01-05,26.65,26.86,26.62,26.8,88774400,AAPL
2017-01-05,55.6,56.02,55.45,55.69,24876000,MSFT
2017-01-05,15.09,15.17,14.8,15.12,88675500,TSLA
2017-01-06,194.6,195.64,194.05,195.18,71559900,SPY
2017-01-06,2.53,2.56,2.49,2.53,822856000,NVDA
2017-01-06,26.84,27.16,26.77,27.1,127007600,AAPL
2017-01-06,55.69,56.45,55.46,56.18,19922900,MSFT
2017-01-06,15.13,15.35,15.03,15.27,82918500,TSLA
2017-01-09,194.92,195.06,194.5,194.54,46939700,SPY
2017-01-09,2.54,2.65,2.54,2.64,916248000,NVDA
2017-01-09,27.11,27.45,27.11,27.35,134247600,AAPL
2017-01-09,56.11,56.39,55.91,56.0,20382700,MSFT
2017-01-09,15.26,15.46,15.2,15.42,59692500,TSLA
2017-01-10,194.55,195.39,194.15,194.54,63771900,SPY
2017-01-10,2.65,2.68,2.6,2.62,880920000,NVDA
2017-01-10,27.3,27.44,27.19,27.38,97848400,AAPL
2017-01-10,56.08,56.38,55.68,55.98,18593000,MSFT
2017-01-10,15.47,15.47,15.13,15.32,54900000,TSLA
2017-01-11,194.45,195.09,193.79,195.09,74650000,SPY
2017-01-11,2.6,2.61,2.56,2.58,525664000,NVDA
2017-01-11,27.29,27.57,27.26,27.53,110354400,AAPL
2017-01-11,55.97,56.53,55.81,56.49,21517300,MSFT
2017-01-11,15.27,15.33,15.11,15.32,54762000,TSLA
2017-01-12,194.57,194.78,193.25,194.6,72113200,SPY
2017-01-12,2.56,2.57,2.5,2.54,625616000,NVDA
2017-01-12,27.33,27.42,27.17,27.41,108344800,AAPL
2017-01-12,56.37,56.68,55.38,55.97,20968200,MSFT
2017-01-12,15.27,15.38,15.04,15.31,56853000,TSLA
2017-01-13,194.77,195.34,194.73,195.04,62717900,SPY
2017-01-13,2.55,2.58,2.53,2.54,457820000,NVDA
2017-01-13,27.38,27.5,27.31,27.36,104447600,AAPL
2017-01-13,55.98,56.2,55.74,56.05,19422300,MSFT
2017-01-13,15.33,15.86,15.31,15.85,91395000,TSLA
2017-01-17,194.41,194.81,193.97,194.36,61240800,SPY
2017-01-17,2.53,2.54,2.47,2.48,580612000,NVDA
2017-01-17,27.2,27.64,27.17,27.58,137759200,AAPL
2017-01-17,56.03,56.05,55.45,55.9,20664000,MSFT
2017-01-17,15.78,16.0,15.62,15.71,69262500,TSLA
2017-01-18,194.6,194.83,194.05,194.78,54793300,SPY
2017-01-18,2.46,2.54,2.44,2.53,654424000,NVDA
2017-01-18,27.58,27.7,27.52,27.58,94852000,AAPL
2017-01-18,56.02,56.05,55.53,55.87,19670100,MSFT
2017-01-18,15.78,15.98,15.71,15.89,56535000,TSLA
2017-01-19,194.86,195.0,193.63,194.06,66608800,SPY
2017-01-19,2.53,2.62,2.53,2.58,644872000,NVDA
2017-01-19,27.45,27.6,27.44,27.53,102389200,AAPL
2017-01-19,55.64,56.3,55.6,55.69,18451700,MSFT
2017-01-19,16.48,16.58,16.05,16.25,115984500,TSLA
2017-01-20,194.74,195.27,194.11,194.78,129168600,SPY
2017-01-20,2.61,2.62,2.53,2.56,492024000,NVDA
2017-01-20,27.69,27.69,27.52,27.58,130391600,AAPL
2017-01-20,56.02,56.16,55.76,56.09,30213500,MSFT
2017-01-20,16.36,16.4,16.2,16.32,63064500,TSLA
2017-01-23,194.78,194.84,193.51,194.27,75061600,SPY
2017-01-23,2.55,2.6,2.55,2.58,369904000,NVDA
2017-01-23,27.58,27.77,27.53,27.6,88200800,AAPL
2017-01-23,56.05,56.43,55.94,56.28,23097600,MSFT
2017-01-23,16.39,16.73,16.37,16.59,93943500,TSLA
2017-01-24,194.48,195.93,194.37,195.51,95555300,SPY
2017-01-24,2.59,2.64,2.58,2.64,428052000,NVDA
2017-01-24,27.48,27.61,27.47,27.58,92844000,AAPL
2017-01-24,56.5,56.98,56.27,56.78,24672900,MSFT
2017-01-24,16.67,16.99,16.64,16.97,74482500,TSLA
2017-01-25,196.46,197.21,196.3,197.21,84437700,SPY
2017-01-25,2.68,2.69,2.61,2.65,522760000,NVDA
2017-01-25,27.68,28.07,27.65,28.02,129510400,AAPL
2017-01-25,57.17,57.3,56.72,56.93,23672700,MSFT
2017-01-25,17.15,17.23,16.79,16.96,77139000,TSLA
2017-01-26,197.06,197.33,196.73,197.0,59970700,SPY
2017-01-26,2.65,2.7,2.62,2.69,458800000,NVDA
2017-01-26,27.97,28.14,27.95,28.03,105350400,AAPL
2017-01-26,57.32,57.7,56.81,57.46,43554600,MSFT
2017-01-26,16.95,17.05,16.72,16.83,47281500,TSLA
2017-01-27,197.08,197.22,196.51,196.69,59711100,SPY
2017-01-27,2.7,2.75,2.67,2.75,471996000,NVDA
2017-01-27,28.08,28.12,27.95,28.03,82251600,AAPL
2017-01-27,58.46,58.92,58.01,58.81,44818000,MSFT
2017-01-27,16.76,16.87,16.57,16.86,47494500,TSLA
2017-01-30,196.0,196.03,194.49,195.47,79737300,SPY
2017-01-30,2.73,2.73,2.65,2.7,496004000,NVDA
2017-01-30,27.8,27.96,27.73,27.96,121510000,AAPL
2017-01-30,58.72,58.81,57.93,58.22,31651400,MSFT
2017-01-30,16.84,17.02,16.47,16.71,57016500,TSLA
2017-01-31,194.98,195.51,194.42,195.45,75880800,SPY
2017-01-31,2.68,2.7,2.66,2.68,362756000,NVDA
2017-01-31,27.85,27.9,27.73,27.89,196804000,AAPL
2017-01-31,57.98,58.24,57.45,57.79,25270500,MSFT
2017-01-31,16.62,17.06,16.51,16.8,61741500,TSLA
2017-02-01,195.45,196.37,194.95,195.53,79117700,SPY
2017-02-01,2.72,2.8,2.7,2.8,590004000,NVDA
2017-02-01,29.2,29.99,29.19,29.59,447940000,AAPL
2017-02-01,57.54,57.77,56.74,56.84,39671500,MSFT
2017-02-01,16.87,16.88,16.6,16.62,59382000,TSLA
2017-02-02,195.53,195.94,194.84,195.66,69657600,SPY
2017-02-02,2.78,2.84,2.75,2.84,483240000,NVDA
2017-02-02,29.42,29.74,29.37,29.54,134841600,AAPL
2017-02-02,56.54,56.69,56.1,56.47,45827000,MSFT
2017-02-02,16.56,16.83,16.51,16.77,37497000,TSLA
2017-02-03,196.56,197.19,196.25,197.01,80563200,SPY
2017-02-03,2.84,2.85,2.8,2.81,372744000,NVDA
2017-02-03,29.49,29.7,29.46,29.67,98029200,AAPL
2017-02-03,56.77,56.95,56.38,56.93,30301800,MSFT
2017-02-03,16.79,16.81,16.65,16.76,32800500,TSLA
2017-02-06,196.61,197.0,196.32,196.66,57790100,SPY
2017-02-06,2.8,2.88,2.8,2.88,506768000,NVDA
2017-02-06,29.68,30.0,29.63,29.95,107383600,AAPL
2017-02-06,56.77,56.9,56.45,56.89,19796400,MSFT
2017-02-06,16.73,17.19,16.71,17.18,53437500,TSLA
2017-02-07,197.04,197.28,196.48,196.67,57931200,SPY
2017-02-07,2.92,2.97,2.9,2.93,746224000,NVDA
2017-02-07,30.01,30.36,29.99,30.23,152735200,AAPL
2017-02-07,56.98,57.02,56.53,56.7,20277200,MSFT
2017-02-07,17.21,17.33,17.09,17.17,63672000,TSLA
2017-02-08,196.67,197.05,196.12,196.92,51566200,SPY
2017-02-08,2.91,2.93,2.86,2.91,449580000,NVDA
2017-02-08,30.19,30.39,30.16,30.35,92016400,AAPL
2017-02-08,56.83,57.04,56.52,56.62,18096400,MSFT
2017-02-08,17.16,17.56,17.08,17.47,58995000,TSLA
2017-02-09,196.92,198.39,196.92,198.09,65955200,SPY
2017-02-09,2.92,2.93,2.84,2.86,842568000,NVDA
2017-02-09,30.39,30.58,30.27,30.57,113399600,AAPL
2017-02-09,56.78,57.61,56.61,57.27,22644400,MSFT
2017-02-09,17.75,18.08,17.74,17.95,117303000,TSLA
2017-02-10,198.44,199.1,198.11,198.87,66015900,SPY
2017-02-10,2.95,2.97,2.77,2.79,1651092000,NVDA
2017-02-10,30.58,30.69,30.48,30.5,80262000,AAPL
2017-02-10,57.44,57.48,57.2,57.21,18170700,MSFT
2017-02-10,17.99,18.06,17.74,17.95,54295500,TSLA
2017-02-13,199.36,200.21,199.34,199.96,55182100,SPY
2017-02-13,2.79,2.8,2.66,2.66,1180724000,NVDA
2017-02-13,30.72,30.89,30.65,30.77,92141600,AAPL
2017-02-13,57.43,57.98,57.33,57.86,22920100,MSFT
2017-02-13,18.05,18.72,18.03,18.71,105444000,TSLA
2017-02-14,199.78,200.76,199.43,200.76,71109000,SPY
2017-02-14,2.65,2.71,2.61,2.67,850632000,NVDA
2017-02-14,30.81,31.19,30.76,31.17,132904800,AAPL
2017-02-14,57.93,58.21,57.58,58.07,23108400,MSFT
2017-02-14,18.6,19.16,18.57,18.73,110178000,TSLA
2017-02-15,200.54,201.99,200.49,201.8,86785800,SPY
2017-02-15,2.68,2.7,2.65,2.68,373020000,NVDA
2017-02-15,31.29,31.46,31.08,31.28,142492400,AAPL
2017-02-15,58.01,58.07,57.7,58.04,17005200,MSFT
2017-02-15,18.67,18.82,18.43,18.65,74218500,TSLA
2017-02-16,201.83,202.01,200.88,201.63,84722400,SPY
2017-02-16,2.69,2.69,2.6,2.64,647176000,NVDA
2017-02-16,31.32,31.37,31.13,31.25,90338400,AAPL
2017-02-16,58.23,58.68,57.96,58.03,20546300,MSFT
2017-02-16,18.51,18.67,17.9,17.93,106159500,TSLA
2017-02-17,200.97,201.95,200.95,201.95,77204100,SPY
2017-02-17,2.62,2.64,2.57,2.63,563740000,NVDA
2017-02-17,31.19,31.36,31.19,31.33,88792800,AAPL
2017-02-17,57.98,58.18,57.83,58.12,21248800,MSFT
2017-02-17,17.72,18.19,17.61,18.15,93856500,TSLA
2017-02-21,202.32,203.32,202.31,203.15,88946100,SPY
2017-02-21,2.66,2.73,2.66,2.73,551952000,NVDA
2017-02-21,31.45,31.57,31.39,31.56,98028800,AAPL
2017-02-21,58.11,58.42,57.97,58.0,20655900,MSFT
2017-02-21,18.36,18.76,18.27,18.49,85150500,TSLA
2017-02-22,202.75,203.19,202.58,202.97,62115200,SPY
2017-02-22,2.74,2.75,2.71,2.72,433772000,NVDA
2017-02-22,31.5,31.66,31.42,31.65,83347600,AAPL
2017-02-22,57.86,57.91,57.61,57.88,19292700,MSFT
2017-02-22,18.69,18.9,18.17,18.23,131325000,TSLA
2017-02-23,203.49,203.5,202.35,203.11,74615900,SPY
2017-02-23,2.6,2.62,2.45,2.47,1592888000,NVDA
2017-02-23,31.72,31.74,31.47,31.52,83152800,AAPL
2017-02-23,57.94,58.22,57.73,58.12,20273100,MSFT
2017-02-23,17.6,17.64,17.04,17.07,223728000,TSLA
2017-02-24,202.27,203.41,202.22,203.37,82381600,SPY
2017-02-24,2.39,2.51,2.35,2.5,1029904000,NVDA
2017-02-24,31.38,31.55,31.23,31.55,87106400,AAPL
2017-02-24,58.04,58.28,57.69,58.12,21796800,MSFT
2017-02-24,16.84,17.22,16.68,17.13,122574000,TSLA
2017-02-27,203.28,203.86,203.03,203.68,56515400,SPY
2017-02-27,2.51,2.58,2.5,2.57,715400000,NVDA
2017-02-27,31.66,31.73,31.46,31.61,81029600,AAPL
2017-02-27,58.05,58.05,57.61,57.77,15871500,MSFT
2017-02-27,16.54,16.56,16.13,16.42,171912000,TSLA
2017-02-28,203.31,203.55,202.75,203.13,96961900,SPY
2017-02-28,2.58,2.59,2.48,2.5,625360000,NVDA
2017-02-28,31.65,31.73,31.56,31.63,93931600,AAPL
2017-02-28,57.63,57.74,57.34,57.54,23239800,MSFT
2017-02-28,16.28,16.73,16.26,16.67,91171500,TSLA
2017-03-01,204.78,206.44,204.77,205.98,149158200,SPY
2017-03-01,2.55,2.57,2.49,2.53,504804000,NVDA
2017-03-01,31.83,32.35,31.77,32.27,145658400,AAPL
2017-03-01,57.68,58.45,57.58,58.41,26937500,MSFT
2017-03-01,16.95,16.99,16.61,16.67,72142500,TSLA
2017-03-02,205.79,205.8,204.63,204.68,70246000,SPY
2017-03-02,2.52,2.53,2.43,2.44,754332000,NVDA
2017-03-02,32.32,32.38,32.03,32.08,104844000,AAPL
2017-03-02,58.18,58.24,57.45,57.57,24539600,MSFT
2017-03-02,16.65,16.89,16.55,16.7,50277000,TSLA
2017-03-03,204.59,204.97,204.22,204.81,81974300,SPY
2017-03-03,2.42,2.43,2.37,2.42,864692000,NVDA
2017-03-03,32.04,32.28,31.99,32.27,84432400,AAPL
2017-03-03,57.55,57.81,57.22,57.79,18135900,MSFT
2017-03-03,16.72,16.79,16.6,16.77,43791000,TSLA
2017-03-06,204.02,204.55,203.6,204.2,55391500,SPY
2017-03-06,2.39,2.41,2.34,2.4,883568000,NVDA
2017-03-06,32.17,32.27,32.0,32.17,87000000,AAPL
2017-03-06,57.53,58.06,57.39,57.8,18750300,MSFT
2017-03-06,16.53,16.78,16.5,16.75,50332500,TSLA
2017-03-07,203.9,204.25,203.38,203.59,65103700,SPY
2017-03-07,2.4,2.45,2.39,2.43,603400000,NVDA
2017-03-07,32.1,32.32,32.04,32.21,69785200,AAPL
2017-03-07,57.73,58.26,57.73,57.92,18521000,MSFT
2017-03-07,16.79,16.93,16.55,16.57,51892500,TSLA
2017-03-08,203.88,204.14,203.07,203.21,78168800,SPY
2017-03-08,2.48,2.49,2.42,2.42,638712000,NVDA
2017-03-08,32.08,32.27,32.05,32.09,74828800,AAPL
2017-03-08,57.79,58.53,57.79,58.45,21510900,MSFT
2017-03-08,16.47,16.67,16.35,16.46,55878000,TSLA
2017-03-09,203.33,203.8,202.51,203.47,90683900,SPY
2017-03-09,2.41,2.45,2.4,2.42,478060000,NVDA
2017-03-09,32.03,32.04,31.64,32.02,88623600,AAPL
2017-03-09,58.63,58.64,57.99,58.22,19846800,MSFT
2017-03-09,16.51,16.58,16.2,16.33,58189500,TSLA
2017-03-10,204.42,204.47,203.24,204.18,81991700,SPY
2017-03-10,2.45,2.46,2.42,2.44,499740000,NVDA
2017-03-10,32.15,32.17,32.01,32.12,78451200,AAPL
2017-03-10,58.56,58.69,58.24,58.4,19538200,MSFT
2017-03-10,16.41,16.43,16.2,16.25,45994500,TSLA
2017-03-13,204.12,204.33,203.8,204.29,57256800,SPY
2017-03-13,2.45,2.52,2.45,2.51,774136000,NVDA
2017-03-13,32.05,32.19,32.05,32.14,69686800,AAPL
2017-03-13,58.47,58.63,58.07,58.2,20100000,MSFT
2017-03-13,16.32,16.46,16.19,16.41,45339000,TSLA
2017-03-14,203.74,203.8,202.89,203.5,59880800,SPY
2017-03-14,2.52,2.53,2.47,2.5,522016000,NVDA
2017-03-14,32.16,32.24,32.05,32.09,61236400,AAPL
2017-03-14,58.04,58.06,57.7,57.93,14280200,MSFT
2017-03-14,16.41,17.21,16.4,17.2,113976000,TSLA
2017-03-15,204.07,205.69,203.84,205.26,96081800,SPY
2017-03-15,2.52,2.53,2.47,2.52,615036000,NVDA
2017-03-15,32.18,32.49,32.1,32.43,102767200,AAPL
2017-03-15,58.06,58.39,57.79,58.24,24833800,MSFT
2017-03-15,17.13,17.4,16.95,17.05,79962000,TSLA
2017-03-16,205.4,205.48,204.53,204.86,78344000,SPY
2017-03-16,2.53,2.55,2.52,2.55,523100000,NVDA
2017-03-16,32.49,32.56,32.38,32.48,76928000,AAPL
2017-03-16,58.24,58.24,57.83,58.14,20674300,MSFT
2017-03-16,17.49,17.72,17.27,17.47,106983000,TSLA
2017-03-17,205.12,205.31,204.5,204.5,89002100,SPY
2017-03-17,2.57,2.61,2.55,2.61,1119688000,NVDA
2017-03-17,32.55,32.55,32.29,32.32,175540000,AAPL
2017-03-17,58.38,58.68,58.17,58.34,49219700,MSFT
2017-03-17,17.6,17.69,17.41,17.43,97462500,TSLA
2017-03-20,204.5,204.79,203.89,204.28,52537000,SPY
2017-03-20,2.63,2.7,2.61,2.69,748568000,NVDA
2017-03-20,32.41,32.67,32.37,32.66,86168000,AAPL
2017-03-20,58.38,58.62,58.21,58.4,14598100,MSFT
2017-03-20,17.37,17.64,17.25,17.46,54214500,TSLA
2017-03-21,204.88,205.0,201.52,201.65,131809300,SPY
2017-03-21,2.68,2.71,2.6,2.61,913484000,NVDA
2017-03-21,32.81,32.97,32.26,32.28,158119600,AAPL
2017-03-21,58.63,58.91,57.68,57.75,26640500,MSFT
2017-03-21,17.52,17.65,16.68,16.71,103629000,TSLA
2017-03-22,201.69,202.41,201.07,202.13,97569200,SPY
2017-03-22,2.59,2.66,2.59,2.66,616764000,NVDA
2017-03-22,32.29,32.69,32.26,32.65,103440800,AAPL
2017-03-22,57.67,58.59,57.67,58.49,20680000,MSFT
2017-03-22,16.77,17.0,16.7,17.0,60889500,TSLA
2017-03-23,202.13,203.04,201.54,201.91,100410300,SPY
2017-03-23,2.65,2.67,2.62,2.63,533940000,NVDA
2017-03-23,32.61,32.68,32.46,32.53,81385200,AAPL
2017-03-23,58.41,58.68,58.25,58.34,19269200,MSFT
2017-03-23,17.03,17.18,16.89,16.99,49803000,TSLA
2017-03-24,202.22,202.78,200.99,201.77,112504900,SPY
2017-03-24,2.68,2.69,2.62,2.64,439500000,NVDA
2017-03-24,32.67,32.72,32.4,32.47,89582400,AAPL
2017-03-24,58.78,58.86,58.24,58.44,22617100,MSFT
2017-03-24,17.05,17.59,17.0,17.54,84709500,TSLA
2017-03-27,200.1,201.82,199.83,201.56,87454500,SPY
2017-03-27,2.6,2.67,2.55,2.66,506644000,NVDA
2017-03-27,32.18,32.6,32.0,32.52,94300400,AAPL
2017-03-27,58.13,58.66,57.88,58.55,18614700,MSFT
2017-03-27,17.37,18.04,17.32,18.01,93462000,TSLA
2017-03-28,201.26,203.45,201.15,203.03,93483900,SPY
2017-03-28,2.66,2.68,2.64,2.65,432444000,NVDA
2017-03-28,32.53,33.25,32.46,33.2,133499200,AAPL
2017-03-28,58.42,58.88,58.15,58.72,20080400,MSFT
2017-03-28,18.47,18.71,18.33,18.5,119814000,TSLA
2017-03-29,202.74,203.45,202.52,203.22,61950400,SPY
2017-03-29,2.66,2.67,2.64,2.64,349992000,NVDA
2017-03-29,33.17,33.36,33.06,33.27,116760000,AAPL
2017-03-29,58.57,58.91,58.42,58.88,13618400,MSFT
2017-03-29,18.56,18.64,18.37,18.49,55143000,TSLA
2017-03-30,203.16,204.06,202.98,203.86,56737900,SPY
2017-03-30,2.65,2.71,2.64,2.69,525532000,NVDA
2017-03-30,33.29,33.36,33.13,33.23,84829200,AAPL
2017-03-30,58.84,59.34,58.78,59.1,15122800,MSFT
2017-03-30,18.54,18.8,18.48,18.53,62226000,TSLA
2017-03-31,203.53,204.05,203.34,203.39,73733100,SPY
2017-03-31,2.68,2.7,2.67,2.68,440808000,NVDA
2017-03-31,33.18,33.31,33.01,33.16,78646800,AAPL
2017-03-31,59.04,59.53,58.86,59.23,21040300,MSFT
2017-03-31,18.58,18.65,18.42,18.55,49419000,TSLA
2017-04-03,203.44,203.64,201.81,203.03,85546500,SPY
2017-04-03,2.68,2.7,2.64,2.67,445232000,NVDA
2017-04-03,33.18,33.27,33.02,33.17,79942800,AAPL
2017-04-03,59.19,59.31,58.63,58.95,20400900,MSFT
2017-04-03,19.13,19.93,18.97,19.9,208329000,TSLA
2017-04-04,202.75,203.25,202.37,203.16,56466200,SPY
2017-04-04,2.54,2.57,2.47,2.48,1271280000,NVDA
2017-04-04,33.07,33.45,33.05,33.42,79565600,AAPL
2017-04-04,58.81,59.19,58.71,59.12,12997400,MSFT
2017-04-04,19.79,20.32,19.64,20.25,152019000,TSLA
2017-04-05,203.84,204.81,202.35,202.56,108800600,SPY
2017-04-05,2.46,2.52,2.45,2.46,747048000,NVDA
2017-04-05,33.29,33.58,33.2,33.25,110871600,AAPL
2017-04-05,59.63,59.67,58.86,58.96,21448600,MSFT
2017-04-05,20.14,20.33,19.61,19.67,118213500,TSLA
2017-04-06,202.7,203.65,202.26,203.13,69135800,SPY
2017-04-06,2.47,2.49,2.42,2.48,635120000,NVDA
2017-04-06,33.31,33.36,33.12,33.16,84596000,AAPL
2017-04-06,59.0,59.41,58.89,59.12,18103500,MSFT
2017-04-06,19.79,20.13,19.61,19.91,82809000,TSLA
2017-04-07,202.88,203.61,202.44,202.92,74412300,SPY
2017-04-07,2.49,2.5,2.45,2.47,429068000,NVDA
2017-04-07,33.18,33.28,33.07,33.09,66688800,AAPL
2017-04-07,59.22,59.32,58.86,59.07,14108500,MSFT
2017-04-07,19.83,20.18,19.81,20.17,68694000,TSLA
2017-04-10,203.06,203.84,202.52,203.04,67615300,SPY
2017-04-10,2.47,2.48,2.4,2.41,756332000,NVDA
2017-04-10,33.15,33.22,32.99,33.05,75733600,AAPL
2017-04-10,59.01,59.2,58.78,58.94,17952700,MSFT
2017-04-10,20.61,20.92,20.58,20.83,114967500,TSLA
2017-04-11,202.66,202.91,201.32,202.8,88045300,SPY
2017-04-11,2.38,2.43,2.37,2.41,618148000,NVDA
2017-04-11,33.0,33.09,32.33,32.7,121517600,AAPL
2017-04-11,59.0,59.01,58.33,58.89,18791500,MSFT
2017-04-11,20.89,20.9,20.37,20.58,85869000,TSLA
2017-04-12,202.53,202.72,201.69,201.91,81864400,SPY
2017-04-12,2.41,2.43,2.39,2.39,414092000,NVDA
2017-04-12,32.69,32.82,32.55,32.74,81400000,AAPL
2017-04-12,58.84,58.92,58.56,58.67,17108500,MSFT
2017-04-12,20.42,20.56,19.75,19.79,90760500,TSLA
2017-04-13,201.58,202.31,200.6,200.6,92880400,SPY
2017-04-13,2.37,2.39,2.35,2.35,506892000,NVDA
2017-04-13,32.76,32.87,32.56,32.56,71291600,AAPL
2017-04-13,58.72,59.23,58.42,58.42,17896500,MSFT
2017-04-13,19.78,20.49,19.69,20.27,139269000,TSLA
2017-04-17,201.12,202.38,200.92,202.38,68405400,SPY
2017-04-17,2.36,2.44,2.36,2.44,497292000,NVDA
2017-04-17,32.66,32.75,32.52,32.74,66328400,AAPL
2017-04-17,58.5,58.9,58.47,58.89,16689300,MSFT
2017-04-17,20.18,20.27,19.91,20.1,62080500,TSLA
2017-04-18,201.65,202.31,201.09,201.78,83225800,SPY
2017-04-18,2.43,2.45,2.4,2.44,370116000,NVDA
2017-04-18,32.65,32.79,32.58,32.6,58790000,AAPL
2017-04-18,58.76,59.1,58.6,58.81,15155600,MSFT
2017-04-18,19.98,20.06,19.86,20.02,45535500,TSLA
2017-04-19,202.34,202.71,201.18,201.4,68699900,SPY
2017-04-19,2.46,2.48,2.45,2.45,380828000,NVDA
2017-04-19,32.75,32.78,32.42,32.48,69313600,AAPL
2017-04-19,59.04,59.13,58.36,58.5,26992800,MSFT
2017-04-19,20.16,20.44,20.14,20.37,58470000,TSLA
2017-04-20,202.02,203.48,201.7,203.04,92572200,SPY
2017-04-20,2.47,2.5,2.45,2.49,404016000,NVDA
2017-04-20,32.6,32.99,32.59,32.88,93278400,AAPL
2017-04-20,58.87,59.13,58.59,58.91,22299500,MSFT
2017-04-20,20.43,20.61,20.02,20.17,92241000,TSLA
2017-04-21,202.97,203.02,202.0,202.4,110389800,SPY
2017-04-21,2.48,2.5,2.47,2.5,341896000,NVDA
2017-04-21,32.88,32.94,32.75,32.84,69283600,AAPL
2017-04-21,59.06,59.99,58.86,59.72,32522600,MSFT
2017-04-21,20.13,20.43,20.03,20.37,67647000,TSLA
2017-04-24,204.63,204.83,202.37,204.62,119209900,SPY
2017-04-24,2.53,2.55,2.51,2.53,371820000,NVDA
2017-04-24,33.13,33.23,33.05,33.16,68537200,AAPL
2017-04-24,60.69,60.85,60.35,60.74,29770000,MSFT
2017-04-24,20.61,20.7,20.4,20.54,76252500,TSLA
2017-04-25,205.26,206.16,205.17,205.81,76698300,SPY
2017-04-25,2.55,2.59,2.53,2.58,388440000,NVDA
2017-04-25,33.22,33.45,33.21,33.37,75486000,AAPL
2017-04-25,61.07,61.19,60.8,61.09,30242700,MSFT
2017-04-25,20.53,20.93,20.39,20.92,101065500,TSLA
2017-04-26,205.78,206.66,205.64,205.68,84702500,SPY
2017-04-26,2.59,2.59,2.56,2.56,327004000,NVDA
2017-04-26,33.35,33.38,33.1,33.17,80164800,AAPL
2017-04-26,61.23,61.44,60.82,61.01,26190800,MSFT
2017-04-26,20.82,20.97,20.6,20.68,70425000,TSLA
2017-04-27,206.0,206.16,205.32,205.86,57410300,SPY
2017-04-27,2.57,2.61,2.55,2.6,319700000,NVDA
2017-04-27,33.22,33.28,33.08,33.19,56985200,AAPL
2017-04-27,61.29,61.5,60.78,61.4,34971000,MSFT
2017-04-27,20.78,20.87,20.5,20.58,52029000,TSLA
2017-04-28,206.11,206.14,205.28,205.41,63532800,SPY
2017-04-28,2.59,2.6,2.56,2.57,348248000,NVDA
2017-04-28,33.26,33.31,33.07,33.16,83441600,AAPL
2017-04-28,61.98,62.18,60.88,61.57,39548800,MSFT
2017-04-28,20.66,20.99,20.53,20.94,67582500,TSLA
2017-05-01,205.93,206.35,205.51,205.93,66882500,SPY
2017-05-01,2.58,2.63,2.57,2.62,307732000,NVDA
2017-05-01,33.5,33.98,33.46,33.84,134411600,AAPL
2017-05-01,61.77,62.55,61.61,62.43,31954400,MSFT
2017-05-01,20.99,21.82,20.99,21.52,132444000,TSLA
2017-05-02,206.06,206.18,205.6,206.0,57375700,SPY
2017-05-02,2.6,2.6,2.52,2.55,629972000,NVDA
2017-05-02,34.06,34.19,33.9,34.05,181408800,AAPL
2017-05-02,62.7,62.7,62.17,62.33,23906100,MSFT
2017-05-02,21.6,21.84,21.1,21.26,80742000,TSLA
2017-05-03,206.0,206.1,205.08,205.75,73137700,SPY
2017-05-03,2.54,2.57,2.52,2.56,336904000,NVDA
2017-05-03,33.61,34.05,33.31,33.95,182788000,AAPL
2017-05-03,62.4,62.4,61.8,62.13,28928000,MSFT
2017-05-03,21.18,21.44,20.7,20.73,107001000,TSLA
2017-05-04,206.05,206.13,205.15,205.99,61462700,SPY
2017-05-04,2.57,2.58,2.55,2.55,209788000,NVDA
2017-05-04,33.83,33.97,33.66,33.83,93487600,AAPL
2017-05-04,62.08,62.13,61.73,61.89,21749400,MSFT
2017-05-04,20.5,20.52,19.38,19.7,212280000,TSLA
2017-05-05,206.37,206.82,205.93,206.81,62001300,SPY
2017-05-05,2.54,2.56,2.53,2.56,228428000,NVDA
2017-05-05,33.88,34.39,33.88,34.39,109310800,AAPL
2017-05-05,61.97,62.08,61.6,62.06,19128800,MSFT
2017-05-05,19.87,20.57,19.79,20.56,122659500,TSLA
2017-05-08,206.85,206.99,206.35,206.77,48385700,SPY
2017-05-08,2.57,2.57,2.52,2.53,365240000,NVDA
2017-05-08,34.4,35.48,34.4,35.32,195009600,AAPL
2017-05-08,62.03,62.1,61.54,62.0,18566100,MSFT
2017-05-08,20.73,20.92,20.39,20.48,105097500,TSLA
2017-05-09,207.03,207.23,206.24,206.58,51363200,SPY
2017-05-09,2.53,2.58,2.53,2.53,847672000,NVDA
2017-05-09,35.52,35.76,35.42,35.55,156521600,AAPL
2017-05-09,61.93,62.31,61.77,62.09,22858400,MSFT
2017-05-09,20.63,21.47,20.61,21.42,145147500,TSLA
2017-05-10,206.54,206.95,206.33,206.95,54293800,SPY
2017-05-10,2.81,3.0,2.8,2.98,2129096000,NVDA
2017-05-10,35.47,35.54,35.12,35.38,103222800,AAPL
2017-05-10,62.05,62.56,61.99,62.34,17977800,MSFT
2017-05-10,21.44,21.7,21.21,21.68,86124000,TSLA
2017-05-11,206.5,206.69,205.45,206.53,62358300,SPY
2017-05-11,2.95,3.21,2.95,3.11,1939792000,NVDA
2017-05-11,35.34,35.71,35.31,35.69,109020400,AAPL
2017-05-11,61.48,61.81,61.27,61.57,28789400,MSFT
2017-05-11,21.56,21.73,21.31,21.54,71307000,TSLA
2017-05-12,206.28,206.57,205.92,206.18,53912700,SPY
2017-05-12,3.12,3.19,3.09,3.15,962620000,NVDA
2017-05-12,35.86,36.26,35.85,36.19,130108000,AAPL
2017-05-12,61.71,61.71,61.19,61.5,18714100,MSFT
2017-05-12,21.7,21.8,21.44,21.65,61824000,TSLA
2017-05-15,206.61,207.44,206.59,207.32,61918900,SPY
2017-05-15,3.19,3.31,3.18,3.3,1087540000,NVDA
2017-05-15,36.16,36.31,35.94,36.09,104038800,AAPL
2017-05-15,61.28,61.59,60.77,61.54,31530300,MSFT
2017-05-15,21.23,21.35,20.84,21.06,114330000,TSLA
2017-05-16,207.62,207.64,206.74,207.13,51241800,SPY
2017-05-16,3.36,3.38,3.28,3.37,1120700000,NVDA
2017-05-16,36.15,36.18,35.87,36.04,80194000,AAPL
2017-05-16,61.72,62.81,61.65,62.78,34956000,MSFT
2017-05-16,21.17,21.34,21.01,21.13,62287500,TSLA
2017-05-17,207.13,207.13,203.4,203.46,172174100,SPY
2017-05-17,3.3,3.32,3.14,3.14,1271368000,NVDA
2017-05-17,35.61,35.83,34.7,34.83,203070800,AAPL
2017-05-17,62.31,62.5,60.99,61.04,30548800,MSFT
2017-05-17,20.96,20.98,20.37,20.41,100678500,TSLA
2017-05-18,203.38,205.12,203.12,204.28,107047700,SPY
2017-05-18,3.19,3.28,3.13,3.27,1156032000,NVDA
2017-05-18,35.07,35.55,35.03,35.36,134272800,AAPL
2017-05-18,60.97,61.63,60.73,61.25,25201300,MSFT
2017-05-18,20.47,20.93,20.35,20.87,84807000,TSLA
2017-05-19,204.76,206.27,204.71,205.61,115011400,SPY
2017-05-19,3.37,3.4,3.33,3.35,1018372000,NVDA
2017-05-19,35.55,35.69,35.38,35.48,107843200,AAPL
2017-05-19,61.06,61.6,60.99,61.23,26961100,MSFT
2017-05-19,21.03,21.1,20.68,20.72,70314000,TSLA
2017-05-22,206.11,206.81,206.05,206.65,61010600,SPY
2017-05-22,3.39,3.43,3.38,3.42,836608000,NVDA
2017-05-22,35.7,35.83,35.45,35.7,91865600,AAPL
2017-05-22,61.41,61.96,61.06,61.92,16237600,MSFT
2017-05-22,20.85,20.96,20.45,20.69,64938000,TSLA
2017-05-23,207.02,207.27,206.64,207.11,48341700,SPY
2017-05-23,3.44,3.44,3.34,3.37,681248000,NVDA
2017-05-23,35.91,35.91,35.54,35.65,79675600,AAPL
2017-05-23,62.16,62.19,61.85,62.12,15425800,MSFT
2017-05-23,20.7,20.72,20.23,20.26,64776000,TSLA
2017-05-24,207.34,207.69,207.0,207.59,46927700,SPY
2017-05-24,3.47,3.47,3.4,3.41,815996000,NVDA
2017-05-24,35.66,35.74,35.39,35.55,76712000,AAPL
2017-05-24,62.3,62.3,61.92,62.21,14593900,MSFT
2017-05-24,20.43,20.73,20.36,20.68,75499500,TSLA
2017-05-25,208.1,208.86,207.89,208.58,64071700,SPY
2017-05-25,3.45,3.45,3.36,3.4,608228000,NVDA
2017-05-25,35.64,35.78,35.47,35.67,76942400,AAPL
2017-05-25,62.39,63.21,62.33,62.97,21854100,MSFT
2017-05-25,20.73,21.13,20.52,21.12,75210000,TSLA
2017-05-26,208.39,208.7,208.31,208.54,46629900,SPY
2017-05-26,3.4,3.58,3.38,3.49,779140000,NVDA
2017-05-26,35.7,35.75,35.54,35.61,87710400,AAPL
2017-05-26,63.14,63.52,62.88,63.28,19827900,MSFT
2017-05-26,21.15,21.7,21.09,21.68,117033000,TSLA
2017-05-30,208.22,208.61,208.06,208.36,35201900,SPY
2017-05-30,3.54,3.6,3.52,3.57,989652000,NVDA
2017-05-30,35.56,35.8,35.54,35.62,80507600,AAPL
2017-05-30,63.13,63.69,63.11,63.69,17072800,MSFT
2017-05-30,21.73,22.42,21.72,22.34,116743500,TSLA
2017-05-31,208.65,208.69,207.62,208.31,91796000,SPY
2017-05-31,3.61,3.62,3.5,3.55,887316000,NVDA
2017-05-31,35.69,35.74,35.32,35.41,97804800,AAPL
2017-05-31,63.8,63.99,63.15,63.17,30436400,MSFT
2017-05-31,22.51,22.86,22.34,22.73,149451000,TSLA
2017-06-01,208.76,209.98,208.48,209.96,68962000,SPY
2017-06-01,3.57,3.57,3.51,3.56,503340000,NVDA
2017-06-01,35.51,35.54,35.29,35.51,65616400,AAPL
2017-06-01,63.53,63.87,62.82,63.41,21603600,MSFT
2017-06-01,22.93,22.99,22.49,22.69,114120000,TSLA
2017-06-02,210.01,210.82,209.72,210.66,88666100,SPY
2017-06-02,3.55,3.58,3.53,3.54,487456000,NVDA
2017-06-02,35.6,36.03,35.44,36.03,111082800,AAPL
2017-06-02,63.72,65.0,63.53,64.91,34770300,MSFT
2017-06-02,22.65,22.86,22.4,22.66,83853000,TSLA
2017-06-05,210.49,210.77,210.31,210.51,44698800,SPY
2017-06-05,3.52,3.66,3.51,3.64,817376000,NVDA
2017-06-05,35.78,35.8,35.57,35.68,101326800,AAPL
2017-06-05,65.1,65.93,64.96,65.38,33316800,MSFT
2017-06-05,22.57,23.23,22.28,23.15,101766000,TSLA
2017-06-06,209.95,210.5,209.76,209.83,50375400,SPY
2017-06-06,3.64,3.69,3.62,3.63,758728000,NVDA
2017-06-06,35.68,36.12,35.65,35.8,106499600,AAPL
2017-06-06,65.4,65.69,65.37,65.6,31511100,MSFT
2017-06-06,22.98,23.97,22.66,23.52,166302000,TSLA
2017-06-07,210.17,210.45,209.51,210.22,54144300,SPY
2017-06-07,3.65,3.69,3.64,3.67,612612000,NVDA
2017-06-07,35.94,36.16,35.81,36.02,84278400,AAPL
2017-06-07,65.71,65.82,65.08,65.48,22301800,MSFT
2017-06-07,23.76,24.03,23.68,23.98,140970000,TSLA
2017-06-08,210.32,210.8,209.8,210.33,65950700,SPY
2017-06-08,3.78,3.94,3.74,3.94,1161744000,NVDA
2017-06-08,35.99,36.06,35.79,35.93,85003200,AAPL
2017-06-08,65.59,65.6,64.67,65.08,24588300,MSFT
2017-06-08,24.25,24.79,24.01,24.67,135922500,TSLA
2017-06-09,210.59,211.39,208.75,210.01,132256400,SPY
2017-06-09,4.06,4.15,3.52,3.68,3692928000,NVDA
2017-06-09,35.97,35.97,33.85,34.53,259530800,AAPL
2017-06-09,65.16,65.2,62.04,63.61,49187400,MSFT
2017-06-09,24.96,25.12,23.65,23.82,258921000,TSLA
2017-06-12,209.76,210.01,209.12,209.96,86108100,SPY
2017-06-12,3.59,3.74,3.5,3.69,1697532000,NVDA
2017-06-12,33.78,33.87,33.04,33.71,289229200,AAPL
2017-06-12,62.64,63.26,61.63,63.12,47761700,MSFT
2017-06-12,23.87,24.3,23.37,23.93,157765500,TSLA
2017-06-13,210.5,211.04,210.15,210.99,60067000,SPY
2017-06-13,3.8,3.81,3.59,3.73,1672504000,NVDA
2017-06-13,34.11,34.18,33.65,33.98,136661600,AAPL
2017-06-13,63.34,64.06,63.28,63.91,25258600,MSFT
2017-06-13,24.51,25.07,24.44,25.06,177118500,TSLA
2017-06-14,211.26,211.27,209.9,210.72,78602300,SPY
2017-06-14,3.73,3.79,3.66,3.74,1184640000,NVDA
2017-06-14,34.19,34.19,33.34,33.65,126124800,AAPL
2017-06-14,64.14,64.31,62.8,63.56,25510700,MSFT
2017-06-14,25.41,25.62,25.09,25.38,192276000,TSLA
2017-06-15,209.38,210.44,209.1,210.32,66464900,SPY
2017-06-15,3.62,3.78,3.61,3.75,963824000,NVDA
2017-06-15,33.22,33.49,32.97,33.45,128661600,AAPL
2017-06-15,62.66,63.51,62.23,63.23,26068700,MSFT
2017-06-15,24.83,25.03,24.43,25.02,156397500,TSLA
2017-06-16,210.48,210.53,209.49,210.36,84553100,SPY
2017-06-16,3.76,3.81,3.7,3.73,924960000,NVDA
2017-06-16,33.33,33.5,32.96,32.98,201444400,AAPL
2017-06-16,63.07,63.35,62.61,63.32,48345100,MSFT
2017-06-16,25.2,25.2,24.67,24.76,100965000,TSLA
2017-06-19,211.19,212.17,211.09,212.11,65123800,SPY
2017-06-19,3.78,3.88,3.77,3.87,778176000,NVDA
2017-06-19,33.3,34.02,33.3,33.92,130165600,AAPL
2017-06-19,63.77,64.17,63.63,64.1,23798300,MSFT
2017-06-19,25.0,25.11,24.52,24.65,98239500,TSLA
2017-06-20,211.76,211.77,210.67,210.68,56906400,SPY
2017-06-20,3.92,3.98,3.86,3.87,1095444000,NVDA
2017-06-20,34.05,34.05,33.6,33.61,99600400,AAPL
2017-06-20,64.06,64.1,63.2,63.24,21512200,MSFT
2017-06-20,25.11,25.26,24.65,24.82,111580500,TSLA
2017-06-21,211.07,211.19,210.16,210.63,55977600,SPY
2017-06-21,3.9,3.93,3.83,3.93,682652000,NVDA
2017-06-21,33.73,33.86,33.52,33.81,85063200,AAPL
2017-06-21,63.51,63.88,63.26,63.56,19891100,MSFT
2017-06-21,24.96,25.13,24.53,25.09,73848000,TSLA
2017-06-22,210.64,211.13,210.36,210.54,44148100,SPY
2017-06-22,3.94,3.95,3.88,3.9,469132000,NVDA
2017-06-22,33.79,34.01,33.64,33.76,76425200,AAPL
2017-06-22,63.81,63.85,63.06,63.55,22965700,MSFT
2017-06-22,25.2,25.67,24.9,25.51,112947000,TSLA
2017-06-23,210.6,211.12,210.22,210.79,66986800,SPY
2017-06-23,3.91,3.92,3.77,3.79,1088588000,NVDA
2017-06-23,33.64,34.11,33.64,33.91,141757600,AAPL
2017-06-23,63.4,64.45,63.25,64.41,27617300,MSFT
2017-06-23,25.5,25.8,25.29,25.56,96687000,TSLA
2017-06-26,211.45,211.87,210.72,210.93,56700500,SPY
2017-06-26,3.82,3.86,3.65,3.75,1063960000,NVDA
2017-06-26,34.12,34.37,33.7,33.8,102769600,AAPL
2017-06-26,64.58,64.86,63.72,63.8,19607000,MSFT
2017-06-26,25.78,25.8,24.87,25.17,99061500,TSLA
2017-06-27,210.71,211.0,209.21,209.23,82247700,SPY
2017-06-27,3.73,3.74,3.6,3.61,999492000,NVDA
2017-06-27,33.61,33.88,33.29,33.32,99047600,AAPL
2017-06-27,63.42,63.48,62.58,62.6,25215100,MSFT
2017-06-27,25.09,25.09,24.13,24.16,104946000,TSLA
2017-06-28,210.24,211.3,210.01,211.1,70042600,SPY
2017-06-28,3.68,3.74,3.59,3.74,994948000,NVDA
2017-06-28,33.49,33.87,33.19,33.8,88329600,AAPL
2017-06-28,62.6,63.17,62.22,63.14,25806200,MSFT
2017-06-28,24.45,24.78,24.17,24.75,94537500,TSLA
2017-06-29,211.25,211.3,208.04,209.24,106949700,SPY
2017-06-29,3.71,3.71,3.55,3.61,1064424000,NVDA
2017-06-29,33.55,33.64,32.98,33.31,125997600,AAPL
2017-06-29,62.76,62.86,61.59,61.95,28918700,MSFT
2017-06-29,24.71,24.73,23.61,24.05,123315000,TSLA
2017-06-30,210.05,210.42,209.44,209.63,86820700,SPY
2017-06-30,3.63,3.64,3.53,3.56,731060000,NVDA
2017-06-30,33.48,33.6,33.33,33.39,92096400,AAPL
2017-06-30,62.21,62.76,62.18,62.35,24161100,MSFT
2017-06-30,24.25,24.45,23.97,24.11,87727500,TSLA
2017-07-03,210.57,211.0,209.99,209.99,39153800,SPY
2017-07-03,3.57,3.59,3.41,3.43,709072000,NVDA
2017-07-03,33.58,33.68,33.17,33.26,57111200,AAPL
2017-07-03,62.71,62.96,61.53,61.66,16165500,MSFT
2017-07-03,24.68,24.76,23.43,23.51,94581000,TSLA
2017-07-05,210.35,210.68,209.55,210.48,54427600,SPY
2017-07-05,3.49,3.55,3.48,3.52,820188000,NVDA
2017-07-05,33.31,33.56,33.08,33.4,86278400,AAPL
2017-07-05,61.74,62.81,61.71,62.49,21176300,MSFT
2017-07-05,23.15,23.15,21.76,21.81,255700500,TSLA
2017-07-06,209.71,209.83,208.37,208.55,65400800,SPY
2017-07-06,3.49,3.58,3.44,3.53,746284000,NVDA
2017-07-06,33.15,33.26,33.01,33.09,96515200,AAPL
2017-07-06,61.75,62.21,61.62,62.02,21117600,MSFT
2017-07-06,21.15,21.39,20.42,20.59,289867500,TSLA
2017-07-07,209.12,210.05,208.56,209.9,57972300,SPY
2017-07-07,3.59,3.63,3.57,3.61,654972000,NVDA
2017-07-07,33.13,33.55,33.13,33.42,76806800,AAPL
2017-07-07,62.14,63.17,62.14,62.83,16878300,MSFT
2017-07-07,20.9,21.13,20.49,20.88,212653500,TSLA
2017-07-10,209.9,210.5,209.6,210.13,36663300,SPY
2017-07-10,3.69,3.79,3.66,3.79,958492000,NVDA
2017-07-10,33.41,33.83,33.23,33.63,84362400,AAPL
2017-07-10,62.83,63.54,62.59,63.3,15014500,MSFT
2017-07-10,20.86,21.2,20.21,21.07,207313500,TSLA
2017-07-11,210.13,210.28,208.81,209.97,50354600,SPY
2017-07-11,3.79,3.85,3.75,3.84,757956000,NVDA
2017-07-11,33.55,33.81,33.47,33.74,79127200,AAPL
2017-07-11,63.32,63.93,63.09,63.31,17460000,MSFT
2017-07-11,21.07,21.82,20.95,21.81,173391000,TSLA
2017-07-12,210.93,211.71,210.93,211.55,59610400,SPY
2017-07-12,3.9,4.01,3.86,4.0,1145208000,NVDA
2017-07-12,33.81,33.89,33.57,33.78,99538000,AAPL
2017-07-12,63.94,64.48,63.82,64.36,17750900,MSFT
2017-07-12,22.03,22.21,21.63,21.97,155191500,TSLA
2017-07-13,211.56,212.02,211.33,211.91,39471600,SPY
2017-07-13,4.01,4.1,3.91,3.96,1369132000,NVDA
2017-07-13,33.73,34.42,33.71,34.25,100797600,AAPL
2017-07-13,64.67,65.16,64.5,64.92,20269800,MSFT
2017-07-13,22.01,22.11,21.33,21.56,128917500,TSLA
2017-07-14,211.91,213.25,211.81,212.89,60262700,SPY
2017-07-14,3.97,4.06,3.97,4.06,941948000,NVDA
2017-07-14,34.3,34.62,34.15,34.55,80528400,AAPL
2017-07-14,65.34,66.28,65.09,65.83,25868100,MSFT
2017-07-14,21.55,21.89,21.41,21.85,84378000,TSLA
2017-07-17,212.82,213.2,212.69,212.87,33531900,SPY
2017-07-17,4.1,4.12,3.98,4.04,930792000,NVDA
2017-07-17,34.5,34.98,34.44,34.67,95174000,AAPL
2017-07-17,65.85,66.44,65.78,66.35,21803900,MSFT
2017-07-17,21.7,21.81,20.9,21.3,148153500,TSLA
2017-07-18,212.46,213.03,212.12,212.98,42742500,SPY
2017-07-18,3.98,4.1,3.97,4.09,776640000,NVDA
2017-07-18,34.59,34.8,34.46,34.79,71475200,AAPL
2017-07-18,66.11,66.38,65.72,66.3,26435300,MSFT
2017-07-18,21.17,21.94,21.04,21.88,95605500,TSLA
2017-07-19,213.29,214.14,213.28,214.13,51034300,SPY
2017-07-19,4.1,4.12,4.05,4.07,687044000,NVDA
2017-07-19,34.88,35.1,34.76,35.01,83692000,AAPL
2017-07-19,66.48,66.97,66.44,66.81,22416200,MSFT
2017-07-19,21.88,22.11,21.55,21.68,95355000,TSLA
2017-07-20,214.39,214.51,213.68,214.23,47135200,SPY
2017-07-20,4.09,4.13,4.04,4.12,699596000,NVDA
2017-07-20,35.12,35.17,34.82,34.85,68974800,AAPL
2017-07-20,67.1,67.21,66.28,67.14,42361000,MSFT
2017-07-20,21.79,22.01,21.61,21.99,77493000,TSLA
2017-07-21,213.66,214.06,213.43,214.04,82340800,SPY
2017-07-21,4.1,4.17,4.09,4.14,648332000,NVDA
2017-07-21,34.77,34.87,34.51,34.83,105010400,AAPL
2017-07-21,66.44,67.2,66.19,66.75,46717100,MSFT
2017-07-21,21.96,22.08,21.72,21.89,73524000,TSLA
2017-07-24,213.96,214.13,213.52,213.99,46622300,SPY
2017-07-24,4.15,4.16,4.08,4.09,652524000,NVDA
2017-07-24,34.91,35.34,34.75,35.26,85972800,AAPL
2017-07-24,66.51,66.71,66.15,66.57,21394800,MSFT
2017-07-24,22.02,22.89,22.0,22.83,129556500,TSLA
2017-07-25,214.73,214.84,214.28,214.51,54915600,SPY
2017-07-25,4.07,4.09,4.03,4.07,496556000,NVDA
2017-07-25,35.19,35.66,35.19,35.41,75415600,AAPL
2017-07-25,66.76,67.22,66.48,67.11,22018700,MSFT
2017-07-25,23.0,23.04,22.28,22.64,104838000,TSLA
2017-07-26,214.79,214.83,214.26,214.52,47575400,SPY
2017-07-26,4.13,4.18,4.08,4.12,640404000,NVDA
2017-07-26,35.55,35.68,35.48,35.57,63124000,AAPL
2017-07-26,67.24,67.28,66.76,66.98,16252200,MSFT
2017-07-26,22.69,23.03,22.54,22.92,72312000,TSLA
2017-07-27,214.97,215.01,213.0,214.32,70766600,SPY
2017-07-27,4.14,4.16,3.88,3.98,782856000,NVDA
2017-07-27,35.64,35.7,34.15,34.9,129905200,AAPL
2017-07-27,66.72,67.32,65.42,66.18,36844200,MSFT
2017-07-27,23.07,23.17,21.75,22.3,124536000,TSLA
2017-07-28,213.84,214.19,213.39,214.06,50088400,SPY
2017-07-28,3.95,4.07,3.92,4.05,513348000,NVDA
2017-07-28,34.75,34.82,34.58,34.66,68854800,AAPL
2017-07-28,65.73,66.31,65.62,66.07,18306700,MSFT
2017-07-28,22.46,22.64,22.17,22.34,73206000,TSLA
2017-07-31,214.46,214.56,213.73,213.94,65838700,SPY
2017-07-31,4.06,4.1,3.96,4.0,559672000,NVDA
2017-07-31,34.75,34.85,34.34,34.48,79383600,AAPL
2017-07-31,66.3,66.43,65.5,65.76,23600100,MSFT
2017-07-31,22.37,22.77,21.4,21.56,128026500,TSLA
2017-08-01,214.54,214.58,213.9,214.42,55050400,SPY
2017-08-01,3.99,4.05,3.96,4.05,431384000,NVDA
2017-08-01,34.56,34.82,34.4,34.78,141474400,AAPL
2017-08-01,66.12,66.41,65.57,65.65,22132300,MSFT
2017-08-01,21.53,21.63,21.08,21.3,124546500,TSLA
2017-08-02,214.55,214.66,213.6,214.52,47211200,SPY
2017-08-02,4.08,4.09,3.97,4.05,478444000,NVDA
2017-08-02,36.92,37.03,36.2,36.43,279747200,AAPL
2017-08-02,65.62,65.63,64.62,65.36,26499200,MSFT
2017-08-02,21.26,21.81,20.75,21.73,196372500,TSLA
2017-08-03,214.41,214.44,213.83,214.11,40856000,SPY
2017-08-03,4.05,4.1,4.03,4.1,442420000,NVDA
2017-08-03,36.41,36.44,35.94,36.06,108389200,AAPL
2017-08-03,65.3,65.52,64.99,65.26,18214400,MSFT
2017-08-03,23.02,23.33,22.88,23.14,203025000,TSLA
2017-08-04,214.59,214.83,214.12,214.5,60191800,SPY
2017-08-04,4.12,4.19,4.1,4.12,589096000,NVDA
2017-08-04,36.18,36.49,36.09,36.25,82239600,AAPL
2017-08-04,65.49,66.07,65.34,65.74,22579000,MSFT
2017-08-04,23.13,23.82,22.89,23.79,139033500,TSLA
2017-08-07,214.57,214.9,214.46,214.9,31995000,SPY
2017-08-07,4.15,4.24,4.14,4.24,717412000,NVDA
2017-08-07,36.41,36.84,36.32,36.81,87481200,AAPL
2017-08-07,65.85,65.94,65.36,65.49,18705700,MSFT
2017-08-07,23.82,23.97,23.52,23.68,94867500,TSLA
2017-08-08,214.58,215.8,214.0,214.37,61719400,SPY
2017-08-08,4.28,4.3,4.15,4.19,755336000,NVDA
2017-08-08,36.76,37.51,36.69,37.11,144823600,AAPL
2017-08-08,65.21,66.15,64.9,65.84,22044600,MSFT
2017-08-08,23.84,24.57,23.83,24.35,111747000,TSLA
2017-08-09,213.68,214.41,213.33,214.36,62632600,SPY
2017-08-09,4.15,4.24,4.13,4.24,530784000,NVDA
2017-08-09,36.92,37.38,36.88,37.34,104526000,AAPL
2017-08-09,65.35,65.59,65.17,65.55,22213400,MSFT
2017-08-09,24.07,24.67,23.93,24.24,103381500,TSLA
2017-08-10,213.53,213.66,211.28,211.33,120479500,SPY
2017-08-10,4.24,4.25,4.05,4.06,1328088000,NVDA
2017-08-10,37.21,37.24,35.99,36.15,163217200,AAPL
2017-08-10,65.04,65.3,64.54,64.59,24734500,MSFT
2017-08-10,24.11,24.44,23.64,23.69,106393500,TSLA
2017-08-11,211.56,212.24,211.32,211.65,74869900,SPY
2017-08-11,3.87,3.92,3.77,3.84,1497196000,NVDA
2017-08-11,36.44,36.9,36.32,36.65,105028400,AAPL
2017-08-11,64.77,65.76,64.48,65.58,21443700,MSFT
2017-08-11,23.8,24.08,23.57,23.86,65487000,TSLA
2017-08-14,212.92,213.96,212.89,213.74,73291900,SPY
2017-08-14,3.93,4.15,3.92,4.15,1279020000,NVDA
2017-08-14,37.08,37.28,36.94,37.2,88490800,AAPL
2017-08-14,66.09,66.68,65.99,66.57,20096600,MSFT
2017-08-14,24.31,24.51,24.17,24.25,67788000,TSLA
2017-08-15,214.13,214.14,213.41,213.72,55242700,SPY
2017-08-15,4.15,4.18,4.08,4.11,764532000,NVDA
2017-08-15,37.39,37.75,37.27,37.61,117862000,AAPL
2017-08-15,66.92,66.92,66.42,66.58,19181400,MSFT
2017-08-15,24.35,24.37,23.96,24.16,46276500,TSLA
2017-08-16,214.24,214.64,213.67,214.09,56715500,SPY
2017-08-16,4.13,4.15,4.03,4.07,596632000,NVDA
2017-08-16,37.69,37.82,37.27,37.46,110686400,AAPL
2017-08-16,66.69,67.38,66.54,66.97,18150400,MSFT
2017-08-16,24.2,24.43,24.17,24.19,51207000,TSLA
2017-08-17,213.48,213.8,210.75,210.75,128490400,SPY
2017-08-17,4.06,4.08,3.97,3.98,525444000,NVDA
2017-08-17,37.36,37.4,36.73,36.74,111762400,AAPL
2017-08-17,66.91,67.17,65.84,65.84,22977500,MSFT
2017-08-17,24.08,24.22,23.44,23.46,75415500,TSLA
2017-08-18,210.59,211.71,209.98,210.42,136748000,SPY
2017-08-18,4.03,4.05,3.93,3.98,601204000,NVDA
2017-08-18,36.74,37.12,36.47,36.65,109712400,AAPL
2017-08-18,65.72,66.24,65.41,65.92,18761500,MSFT
2017-08-18,23.53,23.6,23.05,23.16,81123000,TSLA
2017-08-21,210.36,210.85,209.66,210.59,65469700,SPY
2017-08-21,4.0,4.01,3.88,3.92,623672000,NVDA
2017-08-21,36.65,36.74,36.1,36.59,105474000,AAPL
2017-08-21,65.9,65.91,65.2,65.61,17734800,MSFT
2017-08-21,23.05,23.05,22.12,22.52,97431000,TSLA
2017-08-22,211.17,212.95,211.15,212.79,63140100,SPY
2017-08-22,3.96,4.01,3.94,4.01,450456000,NVDA
2017-08-22,36.82,37.24,36.77,37.18,86418400,AAPL
2017-08-22,65.79,66.6,65.79,66.53,14343700,MSFT
2017-08-22,22.74,22.82,22.49,22.76,64830000,TSLA
2017-08-23,211.83,212.45,211.68,212.03,50203800,SPY
2017-08-23,3.97,4.1,3.96,4.09,579520000,NVDA
2017-08-23,37.02,37.34,36.97,37.23,77596400,AAPL
2017-08-23,66.35,66.52,65.96,66.13,13766500,MSFT
2017-08-23,22.6,23.57,22.55,23.52,74317500,TSLA
2017-08-24,212.41,212.56,211.32,211.53,50741700,SPY
2017-08-24,4.12,4.12,4.05,4.07,469700000,NVDA
2017-08-24,37.34,37.41,36.9,37.07,79275600,AAPL
2017-08-24,66.15,66.26,65.54,66.1,17098300,MSFT
2017-08-24,23.5,23.78,23.32,23.53,68770500,TSLA
2017-08-25,212.32,212.94,211.88,212.03,64445900,SPY
2017-08-25,4.1,4.11,4.03,4.04,357200000,NVDA
2017-08-25,37.15,37.37,37.07,37.2,101920400,AAPL
2017-08-25,66.26,66.7,65.91,66.22,12794300,MSFT
2017-08-25,23.62,23.71,23.15,23.2,52260000,TSLA
2017-08-28,212.56,212.58,211.62,212.04,40565600,SPY
2017-08-28,4.06,4.07,4.0,4.07,389496000,NVDA
2017-08-28,37.27,37.7,37.22,37.58,103864000,AAPL
2017-08-28,66.44,66.47,65.97,66.23,14569700,MSFT
2017-08-28,23.15,23.16,22.65,23.04,56460000,TSLA
2017-08-29,210.73,212.54,210.61,212.28,51135700,SPY
2017-08-29,4.01,4.08,4.0,4.06,324096000,NVDA
2017-08-29,37.26,37.96,37.24,37.91,118067600,AAPL
2017-08-29,65.7,66.53,65.52,66.43,11478400,MSFT
2017-08-29,22.63,23.27,22.58,23.16,61105500,TSLA
2017-08-30,212.26,213.55,212.08,213.28,62030800,SPY
2017-08-30,4.08,4.09,4.05,4.08,384400000,NVDA
2017-08-30,38.12,38.14,37.84,38.01,109078400,AAPL
2017-08-30,66.39,67.48,66.23,67.3,16897800,MSFT
2017-08-30,23.31,23.56,23.13,23.55,51193500,TSLA
2017-08-31,213.9,214.81,213.32,214.57,103803900,SPY
2017-08-31,4.1,4.18,4.1,4.18,612684000,NVDA
2017-08-31,38.08,38.29,38.04,38.17,107140400,AAPL
2017-08-31,67.32,68.17,67.11,67.99,27652800,MSFT
2017-08-31,23.57,23.9,23.52,23.73,61092000,TSLA
2017-09-01,214.94,215.3,214.72,214.87,62007000,SPY
2017-09-01,4.19,4.24,4.18,4.2,445432000,NVDA
2017-09-01,38.35,38.38,38.08,38.18,66364400,AAPL
2017-09-01,67.94,67.97,66.97,67.24,21736200,MSFT
2017-09-01,23.74,23.84,23.58,23.69,45742500,TSLA
2017-09-05,214.37,214.59,212.37,213.33,91398800,SPY
2017-09-05,4.15,4.16,4.03,4.09,695364000,NVDA
2017-09-05,38.11,38.22,37.37,37.72,117874000,AAPL
2017-09-05,66.69,67.19,66.37,66.94,21556000,MSFT
2017-09-05,23.59,23.7,23.06,23.31,57526500,TSLA
2017-09-06,214.0,214.39,213.47,214.06,57916900,SPY
2017-09-06,4.12,4.14,4.05,4.09,397672000,NVDA
2017-09-06,37.87,37.93,37.36,37.68,86606800,AAPL
2017-09-06,67.06,67.33,66.7,66.75,16535800,MSFT
2017-09-06,23.3,23.4,22.77,22.97,61371000,TSLA
2017-09-07,214.36,214.38,213.62,214.03,58034700,SPY
2017-09-07,4.1,4.14,4.07,4.11,352868000,NVDA
2017-09-07,37.72,37.76,37.32,37.53,87714000,AAPL
2017-09-07,67.0,67.84,66.93,67.6,17471200,MSFT
2017-09-07,23.07,23.5,22.9,23.37,63588000,TSLA
2017-09-08,213.74,214.24,213.54,213.78,63832800,SPY
2017-09-08,4.09,4.11,4.01,4.03,498856000,NVDA
2017-09-08,37.44,37.5,36.89,36.92,114446000,AAPL
2017-09-08,67.59,67.69,67.15,67.27,14703800,MSFT
2017-09-08,23.27,23.32,22.82,22.89,48952500,TSLA
2017-09-11,215.04,216.14,215.03,216.06,71364800,SPY
2017-09-11,4.08,4.18,4.07,4.17,567444000,NVDA
2017-09-11,37.35,37.71,37.21,37.58,126323200,AAPL
2017-09-11,67.57,68.15,67.57,67.98,17910400,MSFT
2017-09-11,23.42,24.25,23.33,24.25,115006500,TSLA
2017-09-12,216.42,216.82,216.24,216.79,56896000,SPY
2017-09-12,4.19,4.19,4.12,4.18,411488000,NVDA
2017-09-12,37.84,38.16,36.95,37.44,286856000,AAPL
2017-09-12,67.98,68.42,67.63,67.91,14394900,MSFT
2017-09-12,24.3,24.58,24.03,24.18,89593500,TSLA
2017-09-13,216.5,216.93,216.39,216.89,59228000,SPY
2017-09-13,4.16,4.23,4.12,4.2,580960000,NVDA
2017-09-13,37.2,37.23,36.75,37.15,179629600,AAPL
2017-09-13,68.14,68.41,67.79,68.39,13380800,MSFT
2017-09-13,24.25,24.54,23.97,24.42,62778000,TSLA
2017-09-14,216.57,217.02,216.4,216.82,95446300,SPY
2017-09-14,4.16,4.25,4.14,4.18,513712000,NVDA
2017-09-14,37.0,37.1,36.79,36.83,95042800,AAPL
2017-09-14,68.2,68.65,67.77,67.99,15733900,MSFT
2017-09-14,24.29,25.2,24.18,25.18,108037500,TSLA
2017-09-15,216.68,217.2,216.57,217.11,95432400,SPY
2017-09-15,4.26,4.44,4.26,4.44,1364792000,NVDA
2017-09-15,36.88,37.46,36.77,37.21,196458400,AAPL
2017-09-15,68.05,68.56,67.36,68.48,38578400,MSFT
2017-09-15,24.97,25.33,24.85,25.32,81307500,TSLA
2017-09-18,217.48,217.92,217.19,217.58,46235200,SPY
2017-09-18,4.56,4.71,4.56,4.62,1684460000,NVDA
2017-09-18,37.26,37.35,36.77,36.93,113077600,AAPL
2017-09-18,68.41,69.08,68.24,68.35,23307000,MSFT
2017-09-18,25.35,25.97,25.18,25.67,107820000,TSLA
2017-09-19,217.82,217.88,217.47,217.79,47108100,SPY
2017-09-19,4.57,4.68,4.55,4.62,874280000,NVDA
2017-09-19,37.12,37.18,36.87,36.94,83242400,AAPL
2017-09-19,68.39,68.85,68.21,68.6,16093300,MSFT
2017-09-19,25.33,25.49,24.9,25.01,96778500,TSLA
2017-09-20,217.88,217.98,216.88,217.87,59574100,SPY
2017-09-20,4.62,4.67,4.54,4.58,724920000,NVDA
2017-09-20,36.75,36.83,35.8,36.32,211805600,AAPL
2017-09-20,68.52,68.7,67.57,68.15,21587900,MSFT
2017-09-20,24.87,25.22,24.74,24.93,73786500,TSLA
2017-09-21,217.71,217.8,217.11,217.29,48211400,SPY
2017-09-21,4.48,4.5,4.38,4.46,1075600000,NVDA
2017-09-21,36.26,36.26,35.55,35.7,150046800,AAPL
2017-09-21,68.3,68.42,67.39,67.48,19186100,MSFT
2017-09-21,24.99,25.12,24.3,24.43,69273000,TSLA
2017-09-22,216.99,217.5,216.97,217.33,51214000,SPY
2017-09-22,4.44,4.49,4.4,4.41,491232000,NVDA
2017-09-22,35.27,35.44,35.04,35.35,186581600,AAPL
2017-09-22,67.28,67.76,67.16,67.67,14111400,MSFT
2017-09-22,24.43,24.66,23.39,23.41,122391000,TSLA
2017-09-25,217.08,217.43,216.15,216.89,57064400,SPY
2017-09-25,4.38,4.38,4.19,4.21,874580000,NVDA
2017-09-25,34.91,35.33,34.71,35.04,177549200,AAPL
2017-09-25,67.37,67.52,66.31,66.62,24149200,MSFT
2017-09-25,23.54,23.83,22.86,23.0,114088500,TSLA
2017-09-26,217.31,217.56,216.78,217.02,54082000,SPY
2017-09-26,4.35,4.4,4.2,4.24,1125620000,NVDA
2017-09-26,35.32,35.82,35.3,35.64,146640000,AAPL
2017-09-26,66.99,67.12,66.37,66.62,18019600,MSFT
2017-09-26,23.4,23.42,22.73,23.02,107344500,TSLA
2017-09-27,217.71,218.25,216.83,217.86,81001400,SPY
2017-09-27,4.33,4.34,4.26,4.33,713720000,NVDA
2017-09-27,35.79,36.01,35.73,35.89,102016800,AAPL
2017-09-27,66.88,67.45,66.54,67.16,19565100,MSFT
2017-09-27,23.33,23.43,22.7,22.73,90904500,TSLA
2017-09-28,217.58,218.2,217.5,218.12,44778800,SPY
2017-09-28,4.34,4.34,4.28,4.33,435244000,NVDA
2017-09-28,35.81,35.9,35.54,35.67,88022000,AAPL
2017-09-28,66.87,67.27,66.67,67.17,10883800,MSFT
2017-09-28,22.66,22.85,22.36,22.64,79794000,TSLA
2017-09-29,218.12,218.97,217.93,218.89,85578000,SPY
2017-09-29,4.41,4.43,4.37,4.41,619092000,NVDA
2017-09-29,35.65,35.87,35.37,35.87,105199200,AAPL
2017-09-29,67.24,67.78,67.18,67.74,17079100,MSFT
2017-09-29,22.79,22.98,22.57,22.74,76606500,TSLA
2017-10-02,219.12,219.84,218.94,219.84,59023000,SPY
2017-10-02,4.46,4.49,4.36,4.41,503480000,NVDA
2017-10-02,35.9,35.94,35.54,35.79,74795200,AAPL
2017-10-02,67.94,68.21,67.57,67.85,15304800,MSFT
2017-10-02,22.83,22.91,22.37,22.77,79302000,TSLA
2017-10-03,219.84,220.34,219.76,220.31,66810200,SPY
2017-10-03,4.42,4.45,4.38,4.42,390332000,NVDA
2017-10-03,35.84,36.09,35.82,35.95,64921200,AAPL
2017-10-03,67.9,68.09,67.47,67.53,12190400,MSFT
2017-10-03,22.39,23.24,22.09,23.21,152304000,TSLA
2017-10-04,220.16,220.82,220.05,220.57,55953600,SPY
2017-10-04,4.43,4.48,4.39,4.46,427848000,NVDA
2017-10-04,35.75,35.81,35.48,35.72,80655200,AAPL
2017-10-04,67.37,67.95,67.03,67.92,13317700,MSFT
2017-10-04,23.42,23.91,23.31,23.67,122452500,TSLA
2017-10-05,220.9,221.9,220.61,221.88,63522800,SPY
2017-10-05,4.48,4.49,4.43,4.46,437364000,NVDA
2017-10-05,35.88,36.17,35.85,36.16,85135200,AAPL
2017-10-05,68.4,69.22,68.17,69.08,21195300,MSFT
2017-10-05,23.73,23.83,23.42,23.69,62575500,TSLA
2017-10-06,221.43,221.91,221.17,221.63,80646000,SPY
2017-10-06,4.43,4.48,4.41,4.47,318800000,NVDA
2017-10-06,36.06,36.19,35.97,36.14,69630400,AAPL
2017-10-06,68.81,69.14,68.69,69.11,13959800,MSFT
2017-10-06,23.54,24.01,23.48,23.79,64462500,TSLA
2017-10-09,221.85,221.91,221.0,221.26,35803100,SPY
2017-10-09,4.51,4.6,4.49,4.57,563492000,NVDA
2017-10-09,36.26,36.47,36.19,36.27,65051600,AAPL
2017-10-09,69.08,69.61,68.98,69.38,11386500,MSFT
2017-10-09,23.31,23.45,22.84,22.86,112405500,TSLA
2017-10-10,221.83,222.22,221.29,221.84,43057400,SPY
2017-10-10,4.72,4.76,4.62,4.66,974876000,NVDA
2017-10-10,36.32,36.77,36.09,36.28,62468000,AAPL
2017-10-10,69.41,69.68,69.24,69.38,13944500,MSFT
2017-10-10,23.12,23.71,23.04,23.71,104677500,TSLA
2017-10-11,221.75,222.19,221.58,222.19,47674300,SPY
2017-10-11,4.67,4.71,4.63,4.71,529508000,NVDA
2017-10-11,36.3,36.53,36.25,36.43,67622400,AAPL
2017-10-11,69.44,69.53,69.07,69.49,15388900,MSFT
2017-10-11,23.59,23.84,23.41,23.64,67512000,TSLA
2017-10-12,221.88,222.23,221.63,221.86,47065100,SPY
2017-10-12,4.71,4.76,4.68,4.71,528292000,NVDA
2017-10-12,36.39,36.62,36.24,36.3,64500400,AAPL
2017-10-12,69.56,70.28,69.45,70.13,16876500,MSFT
2017-10-12,23.53,23.99,23.51,23.71,61305000,TSLA
2017-10-13,222.3,222.41,221.86,222.13,54800400,SPY
2017-10-13,4.77,4.81,4.72,4.8,628728000,NVDA
2017-10-13,36.47,36.6,36.4,36.53,65576800,AAPL
2017-10-13,70.56,70.81,70.28,70.47,15335700,MSFT
2017-10-13,23.8,23.9,23.58,23.7,53107500,TSLA
2017-10-16,222.36,222.62,222.02,222.43,38221700,SPY
2017-10-16,4.83,4.88,4.76,4.88,576640000,NVDA
2017-10-16,36.75,37.24,36.69,37.21,96486000,AAPL
2017-10-16,70.4,70.76,70.34,70.61,12380100,MSFT
2017-10-16,23.58,23.63,23.14,23.37,80632500,TSLA
2017-10-17,222.38,222.63,222.16,222.58,31561000,SPY
2017-10-17,4.86,4.9,4.84,4.87,478596000,NVDA
2017-10-17,37.18,37.44,37.06,37.34,75989200,AAPL
2017-10-17,70.45,70.58,70.25,70.56,16824000,MSFT
2017-10-17,23.39,23.75,23.34,23.72,49399500,TSLA
2017-10-18,222.96,223.0,222.61,222.8,40888300,SPY
2017-10-18,4.88,4.88,4.76,4.87,567316000,NVDA
2017-10-18,37.33,37.4,37.14,37.18,65496800,AAPL
2017-10-18,70.63,70.79,70.36,70.58,13300700,MSFT
2017-10-18,23.73,24.2,23.61,23.98,74086500,TSLA
2017-10-19,222.03,222.9,221.61,222.86,61903800,SPY
2017-10-19,4.79,4.88,4.74,4.88,570772000,NVDA
2017-10-19,36.48,36.56,36.08,36.3,170336800,AAPL
2017-10-19,70.54,70.87,70.34,70.85,15092800,MSFT
2017-10-19,23.7,23.81,23.21,23.45,75927000,TSLA
2017-10-20,223.66,224.04,222.85,224.01,89176400,SPY
2017-10-20,4.89,4.92,4.84,4.85,451620000,NVDA
2017-10-20,36.45,36.71,36.29,36.36,95896400,AAPL
2017-10-20,71.22,71.81,71.13,71.67,22866400,MSFT
2017-10-20,23.51,23.64,22.96,23.01,73956000,TSLA
2017-10-23,224.34,224.36,223.06,223.14,63915300,SPY
2017-10-23,4.87,4.9,4.83,4.85,428696000,NVDA
2017-10-23,36.51,36.7,36.19,36.34,87937200,AAPL
2017-10-23,71.83,72.15,71.62,71.68,20627200,MSFT
2017-10-23,23.33,23.33,22.42,22.47,86209500,TSLA
2017-10-24,223.57,223.77,223.18,223.53,66935900,SPY
2017-10-24,4.86,4.9,4.83,4.9,407244000,NVDA
2017-10-24,36.37,36.63,36.35,36.56,71028800,AAPL
2017-10-24,71.75,72.02,71.35,71.71,17517200,MSFT
2017-10-24,22.59,22.85,22.41,22.49,67375500,TSLA
2017-10-25,223.2,223.32,221.3,222.43,103715300,SPY
2017-10-25,4.86,4.91,4.71,4.77,828160000,NVDA
2017-10-25,36.52,36.66,36.13,36.4,84828400,AAPL
2017-10-25,71.46,71.93,70.94,71.5,20410800,MSFT
2017-10-25,22.45,22.5,21.57,21.72,128911500,TSLA
2017-10-26,223.04,223.31,222.59,222.72,69798000,SPY
2017-10-26,4.8,4.83,4.78,4.82,322744000,NVDA
2017-10-26,36.59,36.73,36.49,36.63,68002000,AAPL
2017-10-26,72.02,72.22,71.61,71.62,32120700,MSFT
2017-10-26,21.85,22.02,21.55,21.74,75352500,TSLA
2017-10-27,223.46,224.69,222.72,224.54,85562500,SPY
2017-10-27,4.88,4.98,4.85,4.98,572192000,NVDA
2017-10-27,37.07,38.07,36.93,37.94,177816800,AAPL
2017-10-27,76.72,78.39,76.03,76.21,71066700,MSFT
2017-10-27,21.32,21.64,21.11,21.39,104695500,TSLA
2017-10-30,223.46,224.44,223.4,223.7,54285700,SPY
2017-10-30,4.98,5.08,4.96,5.02,504056000,NVDA
2017-10-30,38.14,39.11,38.1,38.8,178803200,AAPL
2017-10-30,76.11,76.69,75.58,76.29,31756700,MSFT
2017-10-30,21.28,21.59,21.15,21.34,63816000,TSLA
2017-10-31,224.07,224.3,223.75,224.05,60304800,SPY
2017-10-31,5.06,5.12,5.05,5.1,411908000,NVDA
2017-10-31,39.07,39.48,38.85,39.34,144187200,AAPL
2017-10-31,76.71,76.71,75.58,75.64,27086600,MSFT
2017-10-31,21.35,22.13,21.35,22.1,85084500,TSLA
2017-11-01,224.82,225.16,223.98,224.34,54202700,SPY
2017-11-01,5.16,5.18,5.04,5.11,502576000,NVDA
2017-11-01,39.53,39.55,38.54,38.84,134551200,AAPL
2017-11-01,76.1,76.17,75.37,75.64,22307400,MSFT
2017-11-01,22.15,22.17,21.35,21.41,126859500,TSLA
2017-11-02,224.28,224.57,223.21,224.43,56449500,SPY
2017-11-02,5.08,5.12,5.02,5.08,342308000,NVDA
2017-11-02,38.77,39.21,38.46,39.12,165573600,AAPL
2017-11-02,75.8,76.8,75.59,76.43,23992900,MSFT
2017-11-02,20.01,20.58,19.51,19.95,296871000,TSLA
2017-11-03,224.59,225.22,224.18,225.18,59589700,SPY
2017-11-03,5.11,5.14,5.06,5.14,353640000,NVDA
2017-11-03,40.49,40.55,39.82,40.14,237594400,AAPL
2017-11-03,76.46,76.88,75.84,76.51,17633500,MSFT
2017-11-03,19.97,20.42,19.68,20.41,133410000,TSLA
2017-11-06,225.05,225.66,224.98,225.53,49652600,SPY
2017-11-06,5.11,5.18,5.09,5.17,389944000,NVDA
2017-11-06,40.11,40.72,39.96,40.55,140105200,AAPL
2017-11-06,76.57,77.02,76.46,76.81,19860900,MSFT
2017-11-06,20.47,20.5,19.93,20.19,97290000,TSLA
2017-11-07,225.63,225.97,224.87,225.37,57502200,SPY
2017-11-07,5.19,5.25,5.18,5.23,427700000,NVDA
2017-11-07,40.47,40.78,40.4,40.68,97446000,AAPL
2017-11-07,77.09,77.2,76.32,76.63,17939700,MSFT
2017-11-07,20.07,20.43,20.0,20.4,79414500,TSLA
2017-11-08,225.2,225.85,224.92,225.76,50469600,SPY
2017-11-08,5.22,5.23,5.11,5.16,522988000,NVDA
2017-11-08,40.65,41.01,40.57,41.01,97638000,AAPL
2017-11-08,76.51,76.94,76.23,76.9,18034200,MSFT
2017-11-08,20.37,20.46,20.09,20.29,70879500,TSLA
2017-11-09,224.55,225.13,223.36,224.94,95085500,SPY
2017-11-09,5.06,5.09,4.94,5.06,978564000,NVDA
2017-11-09,40.75,40.98,40.29,40.93,117930400,AAPL
2017-11-09,76.49,76.63,75.39,76.47,21178400,MSFT
2017-11-09,20.17,20.3,19.75,20.2,81706500,TSLA
2017-11-10,224.55,225.04,224.24,224.87,59984700,SPY
2017-11-10,5.25,5.39,5.22,5.33,1253256000,NVDA
2017-11-10,40.9,40.96,40.7,40.8,100582000,AAPL
2017-11-10,76.2,76.48,75.69,76.27,19397800,MSFT
2017-11-10,20.17,20.56,20.12,20.2,69381000,TSLA
2017-11-13,224.19,225.3,224.15,225.08,50228600,SPY
2017-11-13,5.33,5.35,5.23,5.24,582376000,NVDA
2017-11-13,40.52,40.76,40.5,40.63,67928400,AAPL
2017-11-13,76.08,76.33,75.9,76.32,14196900,MSFT
2017-11-13,20.01,21.12,19.94,21.03,113773500,TSLA
2017-11-14,224.28,224.66,223.5,224.55,61315200,SPY
2017-11-14,5.25,5.29,5.21,5.28,529292000,NVDA
2017-11-14,40.41,40.52,39.98,40.02,99130000,AAPL
2017-11-14,75.93,76.48,75.46,76.43,18801300,MSFT
2017-11-14,21.0,21.09,20.46,20.58,85141500,TSLA
2017-11-15,223.59,224.11,222.72,223.43,80811500,SPY
2017-11-15,5.22,5.23,5.12,5.18,501948000,NVDA
2017-11-15,39.7,39.78,39.33,39.49,116632400,AAPL
2017-11-15,76.29,76.49,75.57,75.84,19383100,MSFT
2017-11-15,20.4,20.83,20.1,20.75,89680500,TSLA
2017-11-16,224.37,225.7,224.33,225.33,67777000,SPY
2017-11-16,5.25,5.28,5.21,5.22,441768000,NVDA
2017-11-16,39.98,40.14,39.77,39.96,94550000,AAPL
2017-11-16,75.95,76.24,75.8,76.04,20962800,MSFT
2017-11-16,20.93,21.21,20.75,20.83,87331500,TSLA
2017-11-17,224.98,225.3,224.59,224.67,75756800,SPY
2017-11-17,5.27,5.31,5.19,5.21,515664000,NVDA
2017-11-17,39.95,40.03,39.62,39.74,87598000,AAPL
2017-11-17,75.97,75.97,75.16,75.31,22079000,MSFT
2017-11-17,21.71,21.78,20.88,21.0,206026500,TSLA
2017-11-20,224.91,225.24,224.67,225.05,48075500,SPY
2017-11-20,5.23,5.29,5.19,5.28,396100000,NVDA
2017-11-20,39.77,39.84,39.6,39.7,65049600,AAPL
2017-11-20,75.31,75.48,75.17,75.43,16315000,MSFT
2017-11-20,20.92,21.03,20.32,20.58,123715500,TSLA
2017-11-21,225.82,226.71,225.02,226.52,69176800,SPY
2017-11-21,5.32,5.34,5.28,5.33,399176000,NVDA
2017-11-21,39.89,40.57,39.89,40.44,100525200,AAPL
2017-11-21,75.62,76.62,75.62,76.51,21237500,MSFT
2017-11-21,20.72,21.22,20.58,21.19,108919500,TSLA
2017-11-22,226.53,226.66,226.16,226.32,45033400,SPY
2017-11-22,5.35,5.35,5.27,5.3,356640000,NVDA
2017-11-22,40.49,40.87,40.42,40.86,102355600,AAPL
2017-11-22,76.61,76.68,75.89,75.96,20553100,MSFT
2017-11-22,21.12,21.16,20.79,20.84,73764000,TSLA
2017-11-24,226.81,226.95,226.67,226.85,27856500,SPY
2017-11-24,5.32,5.35,5.29,5.35,180752000,NVDA
2017-11-24,40.9,40.99,40.79,40.87,56106800,AAPL
2017-11-24,75.87,76.25,75.65,76.09,7425600,MSFT
2017-11-24,20.92,21.09,20.73,21.04,48661500,TSLA
2017-11-27,226.89,227.19,226.53,226.73,52274900,SPY
2017-11-27,5.36,5.36,5.28,5.28,422896000,NVDA
2017-11-27,40.88,40.89,40.48,40.66,82867200,AAPL
2017-11-27,76.14,76.75,76.13,76.65,18265200,MSFT
2017-11-27,20.88,21.16,20.63,21.12,68338500,TSLA
2017-11-28,227.19,229.06,227.1,229.03,98971700,SPY
2017-11-28,5.29,5.3,5.14,5.2,512752000,NVDA
2017-11-28,40.71,40.84,40.14,40.42,105715200,AAPL
2017-11-28,76.83,77.74,76.79,77.57,21926000,MSFT
2017-11-28,21.09,21.33,20.93,21.17,74242500,TSLA
2017-11-29,229.16,229.69,228.45,228.89,77512100,SPY
2017-11-29,5.18,5.18,4.72,4.84,1396788000,NVDA
2017-11-29,40.32,40.39,39.04,39.58,166665600,AAPL
2017-11-29,77.42,77.61,76.02,76.17,27381100,MSFT
2017-11-29,21.15,21.2,20.08,20.5,131511000,TSLA
2017-11-30,229.81,231.8,229.73,230.9,127894400,SPY
2017-11-30,4.91,5.0,4.85,4.95,823768000,NVDA
2017-11-30,39.8,40.2,39.34,40.14,166108800,AAPL
2017-11-30,76.32,77.25,76.17,76.93,33054600,MSFT
2017-11-30,20.57,20.71,20.3,20.59,65274000,TSLA
2017-12-01,230.68,231.16,227.19,230.42,164390900,SPY
2017-12-01,4.92,4.94,4.75,4.88,811548000,NVDA
2017-12-01,39.69,40.09,39.35,39.95,159037200,AAPL
2017-12-01,76.4,77.51,76.06,77.01,29532100,MSFT
2017-12-01,20.36,20.69,20.34,20.44,64393500,TSLA
2017-12-04,232.03,232.46,230.09,230.14,94040600,SPY
2017-12-04,4.93,4.94,4.55,4.6,1240844000,NVDA
2017-12-04,40.28,40.32,39.62,39.66,130169600,AAPL
2017-12-04,77.15,77.16,73.75,74.1,39094900,MSFT
2017-12-04,20.43,20.55,20.04,20.35,87526500,TSLA
2017-12-05,229.31,231.02,229.18,229.31,77994500,SPY
2017-12-05,4.5,4.75,4.45,4.63,981488000,NVDA
2017-12-05,39.48,40.06,39.33,39.62,109400800,AAPL
2017-12-05,74.34,75.56,74.01,74.57,26152300,MSFT
2017-12-05,20.13,20.53,20.07,20.25,69697500,TSLA
2017-12-06,229.41,229.78,228.89,229.35,75898600,SPY
2017-12-06,4.58,4.69,4.56,4.67,467032000,NVDA
2017-12-06,39.12,39.75,38.88,39.47,114240000,AAPL
2017-12-06,74.53,75.98,74.42,75.65,26162100,MSFT
2017-12-06,20.01,20.89,20.0,20.88,107929500,TSLA
2017-12-07,230.08,230.39,229.09,230.08,77218600,SPY
2017-12-07,4.73,4.78,4.69,4.74,542600000,NVDA
2017-12-07,39.48,39.81,39.45,39.55,102693200,AAPL
2017-12-07,75.44,75.67,74.94,75.39,23184500,MSFT
2017-12-07,20.8,21.24,20.74,20.75,71709000,TSLA
2017-12-08,231.03,231.34,230.04,231.33,76563900,SPY
2017-12-08,4.79,4.8,4.71,4.72,466876000,NVDA
2017-12-08,39.82,39.94,39.43,39.56,93420800,AAPL
2017-12-08,76.43,77.3,76.16,76.92,24489100,MSFT
2017-12-08,20.97,21.13,20.75,21.01,52027500,TSLA
2017-12-11,232.03,232.09,231.31,232.03,83077500,SPY
2017-12-11,4.74,4.8,4.72,4.8,372748000,NVDA
2017-12-11,39.52,40.38,39.42,40.33,141095200,AAPL
2017-12-11,77.03,78.02,76.88,77.89,22857900,MSFT
2017-12-11,20.98,21.93,20.92,21.93,119070000,TSLA
2017-12-12,232.81,232.91,232.06,232.44,85195800,SPY
2017-12-12,4.76,4.78,4.68,4.71,455016000,NVDA
2017-12-12,40.21,40.26,40.05,40.1,77636800,AAPL
2017-12-12,77.97,78.64,77.76,78.21,23924100,MSFT
2017-12-12,22.03,22.76,22.0,22.74,130998000,TSLA
2017-12-13,232.68,233.12,232.33,232.41,102905400,SPY
2017-12-13,4.75,4.75,4.58,4.59,554280000,NVDA
2017-12-13,40.29,40.53,40.17,40.23,95273600,AAPL
2017-12-13,78.36,78.6,77.84,78.0,22062700,MSFT
2017-12-13,22.73,22.95,22.43,22.6,93322500,TSLA
2017-12-14,232.71,232.82,231.41,231.46,100666700,SPY
2017-12-14,4.59,4.67,4.55,4.6,438164000,NVDA
2017-12-14,40.27,40.44,40.09,40.22,81906000,AAPL
2017-12-14,78.08,78.48,77.25,77.4,19306000,MSFT
2017-12-14,22.73,23.16,22.46,22.53,86998500,TSLA
2017-12-15,232.46,233.85,232.41,233.39,144610300,SPY
2017-12-15,4.64,4.75,4.58,4.72,670036000,NVDA
2017-12-15,40.55,40.68,40.28,40.63,160677200,AAPL
2017-12-15,77.92,79.59,77.57,79.37,53936700,MSFT
2017-12-15,22.8,22.93,22.38,22.9,103998000,TSLA
2017-12-18,234.78,235.22,234.68,234.87,83653600,SPY
2017-12-18,4.77,4.88,4.74,4.88,477704000,NVDA
2017-12-18,40.84,41.39,40.84,41.2,117684400,AAPL
2017-12-18,79.62,79.97,78.81,78.95,22283800,MSFT
2017-12-18,22.99,23.12,22.51,22.59,82143000,TSLA
2017-12-19,235.12,235.16,233.9,233.97,82382900,SPY
2017-12-19,4.87,4.88,4.81,4.84,373100000,NVDA
2017-12-19,40.88,40.96,40.66,40.76,109745600,AAPL
2017-12-19,78.92,78.92,77.93,78.44,23524800,MSFT
2017-12-19,22.68,22.77,22.02,22.07,102375000,TSLA
2017-12-20,234.93,234.98,233.55,233.85,76751500,SPY
2017-12-20,4.88,4.89,4.8,4.85,288820000,NVDA
2017-12-20,40.84,40.97,40.46,40.72,93902400,AAPL
2017-12-20,78.78,78.87,77.42,78.16,23674900,MSFT
2017-12-20,22.18,22.21,21.67,21.93,89307000,TSLA
2017-12-21,234.47,235.04,234.08,234.33,67032300,SPY
2017-12-21,4.86,4.88,4.82,4.83,300904000,NVDA
2017-12-21,40.68,41.11,40.66,40.87,83799600,AAPL
2017-12-21,78.64,78.69,78.05,78.14,17990700,MSFT
2017-12-21,21.97,22.25,21.81,22.11,65778000,TSLA
2017-12-22,234.35,234.38,233.73,234.27,78720900,SPY
2017-12-22,4.79,4.83,4.72,4.82,466276000,NVDA
2017-12-22,40.8,40.97,40.76,40.87,65397600,AAPL
2017-12-22,78.05,78.26,77.61,78.15,14145800,MSFT
2017-12-22,21.97,22.06,21.65,21.68,63237000,TSLA
2017-12-26,233.86,234.21,233.72,233.99,45244400,SPY
2017-12-26,4.76,4.88,4.73,4.87,355080000,NVDA
2017-12-26,39.89,40.05,39.63,39.84,132742000,AAPL
2017-12-26,77.97,78.17,77.71,78.05,9891200,MSFT
2017-12-26,21.59,21.6,21.11,21.15,65676000,TSLA
2017-12-27,234.15,234.46,233.83,234.1,57751000,SPY
2017-12-27,4.86,4.93,4.84,4.86,329488000,NVDA
2017-12-27,39.73,39.89,39.64,39.84,85992800,AAPL
2017-12-27,78.28,78.58,77.88,78.33,14678000,MSFT
2017-12-27,21.07,21.18,20.72,20.78,70681500,TSLA
2017-12-28,234.6,234.63,234.21,234.58,45116100,SPY
2017-12-28,4.89,4.92,4.86,4.87,240248000,NVDA
2017-12-28,39.94,40.14,39.82,39.96,65920800,AAPL
2017-12-28,78.51,78.53,78.19,78.34,10594300,MSFT
2017-12-28,20.78,21.05,20.64,21.02,64744500,TSLA
2017-12-29,235.16,235.18,233.5,233.7,96007400,SPY
2017-12-29,4.9,4.9,4.77,4.77,279964000,NVDA
2017-12-29,39.83,39.84,39.52,39.52,103999600,AAPL
2017-12-29,78.26,78.64,78.14,78.18,18717400,MSFT
2017-12-29,21.08,21.09,20.67,20.76,56658000,TSLA
2018-01-02,234.56,235.4,234.17,235.37,86655700,SPY
2018-01-02,4.83,4.92,4.8,4.92,355616000,NVDA
2018-01-02,39.74,40.24,39.53,40.23,102223600,AAPL
2018-01-02,78.72,78.88,78.14,78.55,22483800,MSFT
2018-01-02,20.8,21.47,20.73,21.37,65283000,TSLA
2018-01-03,235.54,237.01,235.54,236.86,90070400,SPY
2018-01-03,5.03,5.27,5.03,5.24,914704000,NVDA
2018-01-03,40.3,40.77,40.16,40.23,118071600,AAPL
2018-01-03,78.65,79.06,78.57,78.92,26061400,MSFT
2018-01-03,21.4,21.68,21.04,21.15,67822500,TSLA
2018-01-04,237.5,238.34,236.92,237.86,80636400,SPY
2018-01-04,5.32,5.38,5.25,5.27,583268000,NVDA
2018-01-04,40.3,40.51,40.19,40.41,89738400,AAPL
2018-01-04,79.14,80.11,79.12,79.61,21912000,MSFT
2018-01-04,20.86,21.24,20.38,20.97,149194500,TSLA
2018-01-05,238.65,239.56,238.15,239.44,83524000,SPY
2018-01-05,5.28,5.35,5.21,5.31,580124000,NVDA
2018-01-05,40.51,40.96,40.42,40.87,94640000,AAPL
2018-01-05,80.11,80.8,79.9,80.6,23407100,MSFT
2018-01-05,21.11,21.15,20.8,21.11,68868000,TSLA
2018-01-08,239.35,240.04,239.06,239.88,57319200,SPY
2018-01-08,5.44,5.55,5.39,5.48,881216000,NVDA
2018-01-08,40.72,41.01,40.62,40.72,82271200,AAPL
2018-01-08,80.61,80.96,80.06,80.68,22113000,MSFT
2018-01-08,21.07,22.47,21.03,22.43,147891000,TSLA
2018-01-09,240.3,241.04,240.02,240.42,57254000,SPY
2018-01-09,5.48,5.52,5.39,5.47,497000000,NVDA
2018-01-09,40.77,40.89,40.5,40.72,86336000,AAPL
2018-01-09,81.02,81.09,80.3,80.63,19484300,MSFT
2018-01-09,22.34,22.59,21.83,22.25,107199000,TSLA
2018-01-10,239.67,240.32,239.0,240.05,69574300,SPY
2018-01-10,5.38,5.52,5.33,5.52,582664000,NVDA
2018-01-10,40.44,40.71,40.41,40.71,95839600,AAPL
2018-01-10,80.3,80.6,79.89,80.26,18652200,MSFT
2018-01-10,22.15,22.47,22.0,22.32,64648500,TSLA
2018-01-11,240.61,241.81,240.44,241.81,62361500,SPY
2018-01-11,5.55,5.58,5.51,5.53,406032000,NVDA
2018-01-11,40.78,40.99,40.75,40.94,74670800,AAPL
2018-01-11,80.54,80.54,79.73,80.5,17808900,MSFT
2018-01-11,22.35,22.99,22.22,22.53,99682500,TSLA
2018-01-12,242.07,243.55,241.77,243.38,90816100,SPY
2018-01-12,5.52,5.55,5.46,5.5,359916000,NVDA
2018-01-12,41.15,41.42,41.02,41.36,101672400,AAPL
2018-01-12,81.04,82.05,80.84,81.89,24271500,MSFT
2018-01-12,22.58,22.69,22.24,22.41,72376500,TSLA
2018-01-16,244.64,245.28,241.86,242.55,106555100,SPY
2018-01-16,5.53,5.61,5.34,5.43,702348000,NVDA
2018-01-16,41.55,41.9,41.14,41.15,118263600,AAPL
2018-01-16,82.34,82.98,80.43,80.75,36599700,MSFT
2018-01-16,22.5,23.0,22.32,22.67,97114500,TSLA
2018-01-17,243.48,245.25,242.55,244.86,113258800,SPY
2018-01-17,5.44,5.55,5.35,5.54,538408000,NVDA
2018-01-17,41.14,41.86,40.89,41.83,137547200,AAPL
2018-01-17,81.41,82.51,81.11,82.38,25621200,MSFT
2018-01-17,22.7,23.27,22.65,23.14,106552500,TSLA
2018-01-18,244.75,245.17,243.96,244.45,100728000,SPY
2018-01-18,5.52,5.59,5.49,5.54,408632000,NVDA
2018-01-18,41.89,42.06,41.63,41.87,124773600,AAPL
2018-01-18,82.07,82.87,81.94,82.34,24159700,MSFT
2018-01-18,23.04,23.49,22.92,22.97,85287000,TSLA
2018-01-19,245.03,245.56,244.45,245.56,140920100,SPY
2018-01-19,5.63,5.7,5.6,5.68,609380000,NVDA
2018-01-19,41.72,41.94,41.44,41.68,129700400,AAPL
2018-01-19,82.38,82.81,81.94,82.25,36875000,MSFT
2018-01-19,23.0,23.37,22.84,23.33,73324500,TSLA
2018-01-22,245.35,247.56,245.3,247.56,91322400,SPY
2018-01-22,5.68,5.77,5.63,5.76,550944000,NVDA
2018-01-22,41.41,41.52,41.25,41.34,108434400,AAPL
2018-01-22,82.25,83.73,82.02,83.72,23601600,MSFT
2018-01-22,23.29,23.86,23.28,23.44,93156000,TSLA
2018-01-23,247.6,248.37,247.28,248.09,97084700,SPY
2018-01-23,5.82,5.92,5.8,5.89,475228000,NVDA
2018-01-23,41.41,41.91,41.3,41.35,130756400,AAPL
2018-01-23,83.99,84.36,83.66,83.99,23412800,MSFT
2018-01-23,24.0,24.03,23.4,23.52,81981000,TSLA
2018-01-24,248.72,249.32,246.82,247.99,134816100,SPY
2018-01-24,5.9,5.93,5.76,5.82,579972000,NVDA
2018-01-24,41.4,41.41,40.45,40.69,204420400,AAPL
2018-01-24,84.58,85.39,83.7,83.92,33277500,MSFT
2018-01-24,23.64,23.65,22.9,23.06,79312500,TSLA
2018-01-25,248.85,248.94,247.31,248.09,84587300,SPY
2018-01-25,5.87,5.91,5.81,5.83,409884000,NVDA
2018-01-25,40.76,40.86,39.83,39.96,166116000,AAPL
2018-01-25,84.51,85.21,84.02,84.38,26383200,MSFT
2018-01-25,23.22,23.28,22.43,22.51,101104500,TSLA
2018-01-26,248.93,251.01,248.67,250.97,107743100,SPY
2018-01-26,5.87,6.0,5.86,6.0,516356000,NVDA
2018-01-26,40.17,40.17,39.72,40.06,156572000,AAPL
2018-01-26,85.1,85.96,84.61,85.96,29172200,MSFT
2018-01-26,22.77,22.93,22.38,22.86,68091000,TSLA
2018-01-29,250.4,250.84,249.15,249.3,90118300,SPY
2018-01-29,5.99,6.12,5.93,6.09,455116000,NVDA
2018-01-29,39.74,39.74,39.02,39.23,202561600,AAPL
2018-01-29,86.95,87.23,85.65,85.84,31569900,MSFT
2018-01-29,22.66,23.39,22.55,23.3,71206500,TSLA
2018-01-30,247.48,249.36,246.27,246.75,131796400,SPY
2018-01-30,5.95,6.08,5.88,5.99,570832000,NVDA
2018-01-30,38.66,39.09,38.47,39.0,184192800,AAPL
2018-01-30,85.27,85.6,84.17,84.76,38635100,MSFT
2018-01-30,23.01,23.22,22.81,23.05,70765500,TSLA
2018-01-31,247.6,248.09,245.8,246.87,108364800,SPY
2018-01-31,6.06,6.15,6.03,6.06,478576000,NVDA
2018-01-31,38.97,39.34,38.89,39.1,129915600,AAPL
2018-01-31,85.68,87.19,85.46,86.83,48756300,MSFT
2018-01-31,23.17,23.75,23.01,23.62,93211500,TSLA
2018-02-01,246.14,247.88,245.8,246.59,90102500,SPY
2018-02-01,5.88,6.09,5.87,5.93,519224000,NVDA
2018-02-01,39.04,39.38,38.95,39.19,188923200,AAPL
2018-02-01,86.63,87.8,85.53,86.15,47227900,MSFT
2018-02-01,23.4,23.98,23.24,23.28,62965500,TSLA
2018-02-02,245.27,245.41,241.18,241.22,173174800,SPY
2018-02-02,5.85,5.87,5.7,5.76,718464000,NVDA
2018-02-02,38.77,38.96,37.39,37.49,346375200,AAPL
2018-02-02,85.58,85.88,83.62,83.88,47867800,MSFT
2018-02-02,23.23,23.46,22.7,22.92,55572000,TSLA
2018-02-05,239.47,241.57,230.59,231.13,294681800,SPY
2018-02-05,5.6,5.75,5.06,5.27,1165204000,NVDA
2018-02-05,37.16,38.28,36.43,36.55,290954000,AAPL
2018-02-05,82.77,85.21,80.43,80.43,51031500,MSFT
2018-02-05,22.53,22.96,22.2,22.21,66961500,TSLA
2018-02-06,227.64,236.18,226.55,235.69,355026800,SPY
2018-02-06,5.04,5.57,5.03,5.56,1114800000,NVDA
2018-02-06,36.16,38.24,35.97,38.08,272975200,AAPL
2018-02-06,79.41,83.61,77.91,83.47,67998600,MSFT
2018-02-06,21.68,22.41,21.57,22.26,76326000,TSLA
2018-02-07,235.13,238.51,234.33,234.41,167376100,SPY
2018-02-07,5.66,5.8,5.59,5.64,802932000,NVDA
2018-02-07,38.09,38.16,37.15,37.26,206434400,AAPL
2018-02-07,82.7,83.87,81.52,81.9,41107600,MSFT
2018-02-07,22.6,23.07,22.38,23.0,104538000,TSLA
2018-02-08,234.7,234.84,225.58,225.61,246449500,SPY
2018-02-08,5.77,5.8,5.36,5.37,1144000000,NVDA
2018-02-08,37.44,37.6,36.21,36.24,217562000,AAPL
2018-02-08,81.99,82.14,77.46,77.69,55628700,MSFT
2018-02-08,22.89,23.24,20.97,21.02,154719000,TSLA
2018-02-09,228.39,230.85,221.49,229.0,283565300,SPY
2018-02-09,5.88,5.89,5.37,5.72,1674604000,NVDA
2018-02-09,36.83,37.03,35.23,36.68,282690400,AAPL
2018-02-09,78.87,81.28,76.61,80.59,63499100,MSFT
2018-02-09,21.33,21.4,19.65,20.69,194005500,TSLA
2018-02-12,231.04,233.83,229.14,232.37,143736000,SPY
2018-02-12,5.81,5.81,5.55,5.62,1093172000,NVDA
2018-02-12,37.17,38.43,36.94,38.16,243278000,AAPL
2018-02-12,81.1,82.05,80.36,81.46,35720300,MSFT
2018-02-12,21.08,21.21,20.42,21.05,93417000,TSLA
2018-02-13,231.17,233.49,230.59,232.94,81223600,SPY
2018-02-13,5.59,5.78,5.56,5.74,625524000,NVDA
2018-02-13,37.98,38.64,37.91,38.54,130196800,AAPL
2018-02-13,81.28,82.25,80.24,82.1,26407700,MSFT
2018-02-13,21.0,21.61,20.83,21.58,68403000,TSLA
2018-02-14,231.46,236.45,231.46,236.09,120735700,SPY
2018-02-14,5.7,5.98,5.69,5.95,744988000,NVDA
2018-02-14,38.23,39.29,38.2,39.25,162579600,AAPL
2018-02-14,81.27,83.55,81.18,83.38,34960900,MSFT
2018-02-14,21.39,21.74,21.23,21.49,59260500,TSLA
2018-02-15,237.82,239.11,235.37,239.1,111200300,SPY
2018-02-15,6.04,6.13,5.96,6.08,698900000,NVDA
2018-02-15,39.82,40.59,39.63,40.57,204588800,AAPL
2018-02-15,83.75,85.14,83.21,85.08,27823900,MSFT
2018-02-15,21.63,22.27,21.49,22.27,88693500,TSLA
2018-02-16,238.48,241.11,238.43,239.17,160420100,SPY
2018-02-16,6.05,6.17,6.01,6.01,637656000,NVDA
2018-02-16,40.42,41.0,40.28,40.44,160704400,AAPL
2018-02-16,84.89,85.85,84.29,84.48,30596900,MSFT
2018-02-16,22.17,22.87,22.11,22.37,84639000,TSLA
2018-02-20,238.22,239.66,236.88,237.67,86369700,SPY
2018-02-20,6.04,6.21,6.03,6.14,686240000,NVDA
2018-02-20,40.35,40.87,40.2,40.3,135722000,AAPL
2018-02-20,84.0,85.45,83.57,85.14,30911700,MSFT
2018-02-20,22.3,22.72,22.1,22.32,60141000,TSLA
2018-02-21,238.11,240.58,236.39,236.49,98883700,SPY
2018-02-21,6.21,6.21,5.95,5.96,892292000,NVDA
2018-02-21,40.53,40.83,40.1,40.12,149886400,AAPL
2018-02-21,85.38,85.73,84.01,84.01,26922500,MSFT
2018-02-21,22.4,22.65,22.21,22.22,48294000,TSLA
2018-02-22,237.41,239.12,236.13,236.8,110511300,SPY
2018-02-22,5.99,6.06,5.91,5.98,534364000,NVDA
2018-02-22,40.29,40.79,40.27,40.45,123967600,AAPL
2018-02-22,84.52,85.15,83.89,84.23,24392800,MSFT
2018-02-22,22.37,23.16,22.32,23.08,104547000,TSLA
2018-02-23,238.01,240.57,237.54,240.57,92766400,SPY
2018-02-23,6.04,6.07,5.99,6.07,415300000,NVDA
2018-02-23,40.73,41.19,40.7,41.16,135249600,AAPL
2018-02-23,85.95,86.38,84.81,86.37,26329200,MSFT
2018-02-23,23.19,23.67,23.14,23.47,87261000,TSLA
2018-02-26,241.64,243.46,241.05,243.37,86491400,SPY
2018-02-26,6.12,6.12,6.02,6.09,469312000,NVDA
2018-02-26,41.36,42.07,41.32,41.97,152648800,AAPL
2018-02-26,86.68,87.64,86.54,87.62,30199800,MSFT
2018-02-26,23.57,23.93,23.49,23.83,65100000,TSLA
2018-02-27,243.55,244.26,240.27,240.33,99099200,SPY
2018-02-27,6.06,6.14,6.05,6.07,455436000,NVDA
2018-02-27,42.0,42.32,41.78,41.83,155712400,AAPL
2018-02-27,87.91,88.0,86.5,86.5,25869100,MSFT
2018-02-27,23.75,24.0,23.33,23.4,71961000,TSLA
2018-02-28,241.42,241.87,237.58,237.89,121907800,SPY
2018-02-28,6.08,6.12,5.96,5.97,523116000,NVDA
2018-02-28,42.04,42.36,41.75,41.77,151128400,AAPL
2018-02-28,87.08,87.88,85.97,86.1,31167300,MSFT
2018-02-28,23.5,23.68,22.81,22.87,91045500,TSLA
2018-03-01,237.68,239.22,232.94,234.43,176855100,SPY
2018-03-01,5.97,6.02,5.63,5.73,1040120000,NVDA
2018-03-01,41.87,42.16,40.49,41.04,195208000,AAPL
2018-03-01,86.3,86.84,84.33,85.26,37135600,MSFT
2018-03-01,23.0,23.24,22.0,22.06,103284000,TSLA
2018-03-02,232.77,236.2,231.91,235.64,139083200,SPY
2018-03-02,5.62,5.84,5.48,5.84,913428000,NVDA
2018-03-02,40.52,41.34,40.44,41.32,153816000,AAPL
2018-03-02,84.09,85.53,83.43,85.44,32830400,MSFT
2018-03-02,21.8,22.35,21.53,22.34,76392000,TSLA
2018-03-05,234.46,238.98,234.35,238.36,97307400,SPY
2018-03-05,5.79,5.86,5.66,5.82,620776000,NVDA
2018-03-05,41.09,41.68,40.93,41.47,113605600,AAPL
2018-03-05,84.79,86.56,84.71,85.98,23901600,MSFT
2018-03-05,22.16,22.52,21.95,22.22,57357000,TSLA
2018-03-06,239.34,239.42,237.48,238.97,79213200,SPY
2018-03-06,5.9,6.0,5.86,5.98,636808000,NVDA
2018-03-06,41.72,41.8,41.3,41.43,95154000,AAPL
2018-03-06,86.62,86.76,85.34,85.69,22175800,MSFT
2018-03-06,22.25,22.42,21.8,21.88,64285500,TSLA
2018-03-07,236.81,239.23,236.62,238.88,87063500,SPY
2018-03-07,5.87,6.02,5.87,5.97,581208000,NVDA
2018-03-07,41.02,41.24,40.87,41.05,126814000,AAPL
2018-03-07,85.54,86.26,84.87,86.18,26716100,MSFT
2018-03-07,21.7,22.17,21.45,22.15,75109500,TSLA
2018-03-08,239.56,240.16,238.57,240.04,66901200,SPY
2018-03-08,6.0,6.0,5.91,5.95,411912000,NVDA
2018-03-08,41.15,41.54,41.06,41.49,95096400,AAPL
2018-03-08,86.56,87.32,86.1,86.71,25887800,MSFT
2018-03-08,22.19,22.22,21.75,21.94,53493000,TSLA
2018-03-09,241.44,244.21,241.12,244.21,113625300,SPY
2018-03-09,6.0,6.07,5.98,6.05,505524000,NVDA
2018-03-09,41.73,42.21,41.6,42.21,128740800,AAPL
2018-03-09,87.5,88.64,87.23,88.64,36937300,MSFT
2018-03-09,21.61,21.9,21.49,21.81,82602000,TSLA
2018-03-12,244.5,245.13,243.52,243.91,71924800,SPY
2018-03-12,6.1,6.24,6.09,6.16,605060000,NVDA
2018-03-12,42.28,42.77,42.26,42.61,128828400,AAPL
2018-03-12,88.61,89.26,88.19,88.86,26073700,MSFT
2018-03-12,21.91,23.15,21.77,23.03,123960000,TSLA
2018-03-13,245.06,245.56,241.73,242.33,91968900,SPY
2018-03-13,6.21,6.28,6.07,6.11,619772000,NVDA
2018-03-13,42.82,43.03,42.03,42.2,126774000,AAPL
2018-03-13,89.07,89.29,86.29,86.69,35387800,MSFT
2018-03-13,21.91,23.15,21.77,22.79,89487000,TSLA
2018-03-14,243.29,243.47,240.54,241.09,105895100,SPY
2018-03-14,6.16,6.18,6.08,6.14,505496000,NVDA
2018-03-14,42.29,42.33,41.7,41.85,117473600,AAPL
2018-03-14,87.34,87.61,85.85,86.17,32132000,MSFT
2018-03-14,22.45,22.65,21.6,21.78,119511000,TSLA
2018-03-15,241.6,242.24,240.33,240.83,83433000,SPY
2018-03-15,6.15,6.23,6.11,6.15,401952000,NVDA
2018-03-15,41.86,42.27,41.76,41.89,90975200,AAPL
2018-03-15,85.88,86.85,85.24,86.48,27611000,MSFT
2018-03-15,21.96,22.19,21.41,21.71,98472000,TSLA
2018-03-16,241.35,242.13,241.03,241.09,100343700,SPY
2018-03-16,6.17,6.2,6.13,6.18,399456000,NVDA
2018-03-16,41.89,42.01,41.65,41.75,157618800,AAPL
2018-03-16,86.94,87.58,86.24,86.86,49081300,MSFT
2018-03-16,21.53,21.83,21.27,21.42,91759500,TSLA
2018-03-19,240.34,241.26,236.18,237.82,109208400,SPY
2018-03-19,6.13,6.15,5.85,5.95,713772000,NVDA
2018-03-19,41.58,41.62,40.72,41.11,133787200,AAPL
2018-03-19,86.07,86.22,84.58,85.29,33344100,MSFT
2018-03-19,21.1,21.38,20.64,20.9,112264500,TSLA
2018-03-20,238.22,238.86,237.55,238.23,59757300,SPY
2018-03-20,5.95,6.2,5.95,6.16,554696000,NVDA
2018-03-20,41.1,41.46,41.02,41.1,78597600,AAPL
2018-03-20,85.44,86.1,85.39,85.51,23075200,MSFT
2018-03-20,20.99,21.08,20.58,20.7,71464500,TSLA
2018-03-21,238.19,240.27,237.56,237.77,78709600,SPY
2018-03-21,6.15,6.22,6.1,6.13,438688000,NVDA
2018-03-21,41.05,41.06,40.16,40.16,148219600,AAPL
2018-03-21,85.33,86.36,84.67,84.92,24457100,MSFT
2018-03-21,20.68,21.5,20.68,21.1,89376000,TSLA
2018-03-22,235.56,236.4,231.56,231.83,148785900,SPY
2018-03-22,6.07,6.12,5.93,5.97,551196000,NVDA
2018-03-22,39.87,40.49,39.54,39.6,165963200,AAPL
2018-03-22,83.81,84.25,82.33,82.45,38604700,MSFT
2018-03-22,20.93,21.25,20.55,20.61,74097000,TSLA
2018-03-23,232.27,232.59,226.69,226.89,183534800,SPY
2018-03-23,5.98,5.99,5.74,5.75,735620000,NVDA
2018-03-23,39.49,39.85,38.68,38.68,164115200,AAPL
2018-03-23,82.18,83.06,79.96,80.05,44068900,MSFT
2018-03-23,20.75,20.75,20.03,20.1,99823500,TSLA
2018-03-26,230.47,233.38,228.08,233.09,141956100,SPY
2018-03-26,5.87,6.04,5.82,6.03,611424000,NVDA
2018-03-26,39.41,40.59,39.03,40.52,150164800,AAPL
2018-03-26,83.2,86.31,83.01,86.11,56396800,MSFT
2018-03-26,20.49,20.51,19.42,20.28,125628000,TSLA
2018-03-27,234.03,234.55,227.58,229.13,129941400,SPY
2018-03-27,6.11,6.17,5.43,5.57,1409000000,NVDA
2018-03-27,40.73,41.07,39.14,39.48,163690400,AAPL
2018-03-27,87.18,87.36,81.27,82.15,56569000,MSFT
2018-03-27,20.27,20.28,18.48,18.61,208080000,TSLA
2018-03-28,229.26,230.92,227.35,228.45,146452300,SPY
2018-03-28,5.53,5.66,5.36,5.46,945904000,NVDA
2018-03-28,39.22,39.87,38.74,39.04,166674000,AAPL
2018-03-28,82.47,83.77,81.6,82.08,52501100,MSFT
2018-03-28,17.64,17.91,16.81,17.19,315021000,TSLA
2018-03-29,229.59,233.23,228.46,231.37,111601600,SPY
2018-03-29,5.53,5.81,5.45,5.72,916628000,NVDA
2018-03-29,39.35,40.28,39.14,39.35,153594000,AAPL
2018-03-29,82.81,84.74,81.17,83.81,45867500,MSFT
2018-03-29,17.1,18.06,16.55,17.74,227560500,TSLA
2018-04-02,230.84,231.35,223.92,226.38,186286300,SPY
2018-04-02,5.65,5.79,5.37,5.46,922092000,NVDA
2018-04-02,39.08,39.62,38.57,39.09,150347200,AAPL
2018-04-02,83.07,83.45,80.35,81.28,48515400,MSFT
2018-04-02,17.08,17.36,16.31,16.83,241710000,TSLA
2018-04-03,227.61,229.75,225.82,229.28,119956900,SPY
2018-04-03,5.62,5.69,5.46,5.56,667432000,NVDA
2018-04-03,39.31,39.57,38.67,39.49,121112000,AAPL
2018-04-03,82.25,82.69,80.7,82.37,37213800,MSFT
2018-04-03,17.99,18.22,16.97,17.84,282666000,TSLA
2018-04-04,225.74,232.44,225.61,231.73,123715300,SPY
2018-04-04,5.31,5.59,5.28,5.58,789168000,NVDA
2018-04-04,38.67,40.34,38.64,40.24,138422000,AAPL
2018-04-04,80.67,85.17,80.56,84.78,35560000,MSFT
2018-04-04,16.85,19.22,16.8,19.13,298450500,TSLA
2018-04-05,233.48,234.44,232.4,233.56,82652600,SPY
2018-04-05,5.64,5.66,5.39,5.46,701240000,NVDA
2018-04-05,40.47,40.86,40.35,40.52,107732800,AAPL
2018-04-05,84.88,85.46,83.93,84.83,29771900,MSFT
2018-04-05,19.29,20.42,19.21,20.38,286816500,TSLA
2018-04-06,231.61,233.09,226.84,228.36,179521200,SPY
2018-04-06,5.36,5.47,5.26,5.29,662988000,NVDA
2018-04-06,40.09,40.45,39.44,39.49,140021200,AAPL
2018-04-06,84.01,84.9,82.16,82.85,38026000,MSFT
2018-04-06,20.07,20.62,19.7,19.95,202804500,TSLA
2018-04-09,229.81,232.86,228.55,229.48,105442900,SPY
2018-04-09,5.35,5.48,5.3,5.32,499524000,NVDA
2018-04-09,39.84,40.59,39.83,39.88,116070800,AAPL
2018-04-09,83.59,85.55,83.21,83.35,31533900,MSFT
2018-04-09,20.02,20.63,19.28,19.31,153747000,TSLA
2018-04-10,232.36,233.91,231.22,233.13,103529000,SPY
2018-04-10,5.55,5.65,5.49,5.62,761676000,NVDA
2018-04-10,40.57,40.8,40.23,40.63,113634400,AAPL
2018-04-10,84.83,85.65,84.15,85.28,26812000,MSFT
2018-04-10,19.93,20.47,19.58,20.31,164847000,TSLA
2018-04-11,231.65,233.56,231.58,231.91,91140200,SPY
2018-04-11,5.61,5.65,5.55,5.58,460244000,NVDA
2018-04-11,40.39,40.79,40.27,40.44,89726400,AAPL
2018-04-11,84.49,85.66,84.0,84.35,24872100,MSFT
2018-04-11,20.05,20.6,19.98,20.06,112243500,TSLA
2018-04-12,233.23,234.76,233.05,233.82,68890500,SPY
2018-04-12,5.68,5.81,5.63,5.79,593920000,NVDA
2018-04-12,40.67,41.04,40.58,40.84,91557200,AAPL
2018-04-12,84.87,86.46,84.87,85.93,26758900,MSFT
2018-04-12,20.15,20.26,19.58,19.61,114132000,TSLA
2018-04-13,235.12,235.23,232.13,233.13,85079200,SPY
2018-04-13,5.85,5.86,5.67,5.71,503036000,NVDA
2018-04-13,40.99,41.24,40.77,40.98,100497200,AAPL
2018-04-13,86.36,86.48,84.88,85.47,23346100,MSFT
2018-04-13,20.24,20.26,19.73,20.02,109908000,TSLA
2018-04-16,234.76,235.81,233.94,235.05,63405300,SPY
2018-04-16,5.72,5.75,5.62,5.71,350792000,NVDA
2018-04-16,41.05,41.32,41.0,41.23,86313600,AAPL
2018-04-16,86.38,86.92,85.78,86.47,20288100,MSFT
2018-04-16,19.93,19.98,19.27,19.41,95077500,TSLA
2018-04-17,236.8,238.16,236.29,237.56,64682000,SPY
2018-04-17,5.77,5.88,5.71,5.86,447224000,NVDA
2018-04-17,41.39,41.96,41.37,41.8,106421600,AAPL
2018-04-17,87.23,88.64,87.12,88.21,26771000,MSFT
2018-04-17,19.26,19.48,18.83,19.18,105000000,TSLA
2018-04-18,238.0,238.54,237.28,237.74,57303900,SPY
2018-04-18,5.81,5.9,5.74,5.83,391364000,NVDA
2018-04-18,41.7,41.93,41.48,41.7,83018000,AAPL
2018-04-18,88.35,88.81,87.71,88.55,21043300,MSFT
2018-04-18,19.41,20.02,19.21,19.56,98365500,TSLA
2018-04-19,237.09,237.29,235.39,236.42,77655900,SPY
2018-04-19,5.72,5.75,5.6,5.65,471996000,NVDA
2018-04-19,40.75,41.13,40.49,40.52,139235200,AAPL
2018-04-19,88.55,89.13,87.54,88.25,23552500,MSFT
2018-04-19,19.41,20.07,19.24,20.01,91359000,TSLA
2018-04-20,236.35,236.57,233.53,234.41,99953100,SPY
2018-04-20,5.64,5.73,5.61,5.64,386200000,NVDA
2018-04-20,40.01,40.15,38.79,38.86,261964400,AAPL
2018-04-20,88.07,88.25,86.36,87.23,31154400,MSFT
2018-04-20,19.68,20.0,19.32,19.35,84418500,TSLA
2018-04-23,234.98,235.54,233.31,234.38,65558000,SPY
2018-04-23,5.66,5.71,5.5,5.53,427508000,NVDA
2018-04-23,39.12,39.14,38.48,38.75,146062000,AAPL
2018-04-23,87.91,88.42,86.89,87.55,22331800,MSFT
2018-04-23,19.42,19.44,18.82,18.89,73401000,TSLA
2018-04-24,235.4,235.62,229.73,231.22,112885500,SPY
2018-04-24,5.55,5.65,5.39,5.46,414596000,NVDA
2018-04-24,38.85,39.01,37.81,38.21,134768000,AAPL
2018-04-24,88.37,88.58,84.85,85.5,34524800,MSFT
2018-04-24,19.0,19.14,18.56,18.9,85279500,TSLA
2018-04-25,231.16,232.23,229.35,231.79,103840900,SPY
2018-04-25,5.43,5.47,5.19,5.35,588492000,NVDA
2018-04-25,38.14,38.79,38.09,38.38,113528400,AAPL
2018-04-25,85.67,85.67,82.9,84.76,33729300,MSFT
2018-04-25,18.9,19.01,18.48,18.71,60204000,TSLA
2018-04-26,232.81,234.98,232.37,234.15,67731900,SPY
2018-04-26,5.51,5.57,5.44,5.56,375824000,NVDA
2018-04-26,38.49,38.87,38.31,38.51,111852000,AAPL
2018-04-26,85.9,87.37,85.49,86.55,42529000,MSFT
2018-04-26,18.58,19.05,18.43,19.03,65340000,TSLA
2018-04-27,234.76,235.06,233.44,234.37,57053600,SPY
2018-04-27,5.66,5.68,5.54,5.59,400848000,NVDA
2018-04-27,38.46,38.54,37.67,38.07,142623200,AAPL
2018-04-27,89.62,89.89,86.23,87.98,48272800,MSFT
2018-04-27,19.02,19.63,18.92,19.61,65469000,TSLA
2018-04-30,234.98,235.54,232.5,232.57,82182300,SPY
2018-04-30,5.6,5.65,5.53,5.55,327844000,NVDA
2018-04-30,38.02,39.22,37.95,38.75,169709600,AAPL
2018-04-30,88.45,88.52,85.53,85.87,41523600,MSFT
2018-04-30,19.57,19.92,19.5,19.59,63423000,TSLA
2018-05-01,232.0,233.09,230.46,232.98,74203400,SPY
2018-05-01,5.54,5.61,5.48,5.61,253788000,NVDA
2018-05-01,39.02,39.68,38.76,39.66,214277600,AAPL
2018-05-01,85.59,87.5,85.2,87.23,31408900,MSFT
2018-05-01,19.57,20.05,19.55,19.99,69384000,TSLA
2018-05-02,232.79,233.6,231.03,231.42,86368900,SPY
2018-05-02,5.6,5.65,5.56,5.59,268248000,NVDA
2018-05-02,41.09,41.68,40.76,41.41,266157600,AAPL
2018-05-02,87.22,87.39,85.57,85.86,27471000,MSFT
2018-05-02,19.9,20.46,19.85,20.08,134556000,TSLA
2018-05-03,230.59,231.56,227.77,230.91,136311500,SPY
2018-05-03,5.62,5.78,5.57,5.75,443144000,NVDA
2018-05-03,41.25,41.63,40.91,41.48,136272800,AAPL
2018-05-03,85.36,87.17,84.89,86.38,31142500,MSFT
2018-05-03,18.59,19.2,18.35,18.96,260281500,TSLA
2018-05-04,229.94,234.57,229.61,233.89,91222100,SPY
2018-05-04,5.72,5.9,5.7,5.9,400660000,NVDA
2018-05-04,41.8,43.21,41.78,43.11,224805200,AAPL
2018-05-04,85.69,87.57,85.32,87.38,22531300,MSFT
2018-05-04,18.87,19.79,18.63,19.61,128541000,TSLA
2018-05-07,234.66,235.65,233.97,234.69,55304900,SPY
2018-05-07,6.0,6.19,5.99,6.14,687616000,NVDA
2018-05-07,43.43,44.01,43.33,43.42,169805600,AAPL
2018-05-07,87.39,88.8,87.32,88.35,24242000,MSFT
2018-05-07,19.83,20.4,19.68,20.18,130173000,TSLA
2018-05-08,234.32,235.05,233.13,234.69,67499200,SPY
2018-05-08,6.14,6.18,6.09,6.18,506616000,NVDA
2018-05-08,43.38,43.67,43.07,43.63,113611200,AAPL
2018-05-08,88.01,88.3,87.29,87.97,23484600,MSFT
2018-05-08,20.05,20.52,19.93,20.13,88950000,TSLA
2018-05-09,235.35,237.28,234.84,236.95,59666100,SPY
2018-05-09,6.2,6.32,6.17,6.31,596760000,NVDA
2018-05-09,43.75,43.95,43.44,43.94,92844800,AAPL
2018-05-09,88.16,89.04,87.28,89.01,27327400,MSFT
2018-05-09,20.03,20.47,20.0,20.46,85911000,TSLA
2018-05-10,237.69,239.5,237.59,239.17,72063900,SPY
2018-05-10,6.37,6.43,6.35,6.42,994080000,NVDA
2018-05-10,44.03,44.64,44.01,44.57,111957200,AAPL
2018-05-10,89.49,89.94,89.11,89.9,22388100,MSFT
2018-05-10,20.5,20.87,20.27,20.33,84774000,TSLA
2018-05-11,239.29,240.16,238.78,239.9,59871500,SPY
2018-05-11,6.24,6.41,6.18,6.28,1214456000,NVDA
2018-05-11,44.61,44.74,44.13,44.4,104848800,AAPL
2018-05-11,89.8,89.87,89.1,89.71,16778300,MSFT
2018-05-11,20.51,20.59,19.94,20.07,70194000,TSLA
2018-05-14,240.33,240.98,239.47,240.01,54790600,SPY
2018-05-14,6.32,6.38,6.28,6.3,523140000,NVDA
2018-05-14,44.5,44.62,44.22,44.29,83115200,AAPL
2018-05-14,89.91,90.62,89.35,90.01,19454100,MSFT
2018-05-14,20.22,20.33,19.44,19.46,109302000,TSLA
2018-05-15,238.79,238.81,237.42,238.36,87036100,SPY
2018-05-15,6.24,6.24,5.96,6.06,963528000,NVDA
2018-05-15,43.97,44.04,43.57,43.89,94780800,AAPL
2018-05-15,89.29,89.85,88.46,89.36,24594000,MSFT
2018-05-15,19.0,19.13,18.7,18.95,142788000,TSLA
2018-05-16,238.4,239.82,238.37,239.36,53942600,SPY
2018-05-16,6.02,6.13,5.99,6.07,553828000,NVDA
2018-05-16,43.8,44.37,43.79,44.3,76732400,AAPL
2018-05-16,89.79,89.82,89.1,89.59,17384700,MSFT
2018-05-16,18.92,19.25,18.77,19.1,85110000,TSLA
2018-05-17,239.1,240.23,238.39,239.16,56536400,SPY
2018-05-17,6.07,6.21,6.06,6.11,519784000,NVDA
2018-05-17,44.26,44.47,43.87,44.02,69176000,AAPL
2018-05-17,89.23,89.95,88.37,88.7,17246700,MSFT
2018-05-17,19.06,19.28,18.93,18.97,66309000,TSLA
2018-05-18,238.82,239.18,238.21,238.56,64368000,SPY
2018-05-18,6.17,6.23,6.07,6.07,483716000,NVDA
2018-05-18,44.07,44.21,43.82,43.86,73190800,AAPL
2018-05-18,88.54,89.39,88.54,88.86,17865800,MSFT
2018-05-18,18.98,18.98,18.27,18.45,108778500,TSLA
2018-05-21,240.04,240.89,239.65,240.36,58025900,SPY
2018-05-21,6.17,6.17,5.94,6.03,640624000,NVDA
2018-05-21,44.26,44.56,44.0,44.17,73603200,AAPL
2018-05-21,89.45,90.38,89.27,90.01,19422500,MSFT
2018-05-21,18.76,19.43,18.75,18.97,137739000,TSLA
2018-05-22,240.88,241.13,239.36,239.69,52966400,SPY
2018-05-22,6.04,6.07,5.93,5.99,518264000,NVDA
2018-05-22,44.35,44.46,43.97,44.06,60962800,AAPL
2018-05-22,90.08,90.53,89.64,89.91,15441200,MSFT
2018-05-22,19.18,19.2,18.23,18.33,134187000,TSLA
2018-05-23,238.42,240.37,238.26,240.35,64694200,SPY
2018-05-23,5.93,6.11,5.93,6.11,442956000,NVDA
2018-05-23,43.87,44.38,43.73,44.34,80233600,AAPL
2018-05-23,89.19,91.05,88.83,90.98,21251200,MSFT
2018-05-23,18.52,18.66,18.27,18.6,89776500,TSLA
2018-05-24,239.95,240.23,238.08,239.86,76043800,SPY
2018-05-24,6.11,6.16,6.06,6.12,437372000,NVDA
2018-05-24,44.44,44.46,43.84,44.29,92936000,AAPL
2018-05-24,91.05,91.24,89.28,90.66,26649300,MSFT
2018-05-24,18.56,18.74,18.33,18.52,62650500,TSLA
2018-05-25,239.28,239.91,238.78,239.28,56374800,SPY
2018-05-25,6.13,6.17,6.09,6.16,292112000,NVDA
2018-05-25,44.31,44.65,44.18,44.39,69844000,AAPL
2018-05-25,90.65,91.28,90.25,90.71,18363900,MSFT
2018-05-25,18.51,18.64,18.37,18.59,58126500,TSLA
2018-05-29,237.67,238.42,235.42,236.53,115908600,SPY
2018-05-29,6.14,6.21,6.09,6.14,352684000,NVDA
2018-05-29,44.16,44.43,43.99,44.23,90056400,AAPL
2018-05-29,90.23,91.19,89.67,90.38,28671000,MSFT
2018-05-29,18.57,19.1,18.41,18.92,84999000,TSLA
2018-05-30,237.83,240.13,237.76,239.69,69678400,SPY
2018-05-30,6.17,6.26,6.15,6.25,390996000,NVDA
2018-05-30,44.19,44.26,43.97,44.14,74762000,AAPL
2018-05-30,90.66,91.53,90.29,91.25,22158500,MSFT
2018-05-30,18.89,19.67,18.77,19.45,112345500,TSLA
2018-05-31,239.28,239.58,237.62,238.22,93519900,SPY
2018-05-31,6.22,6.3,6.21,6.23,493868000,NVDA
2018-05-31,44.07,44.31,43.82,43.99,109931200,AAPL
2018-05-31,91.57,92.21,90.94,91.15,34140900,MSFT
2018-05-31,19.15,19.36,18.86,18.98,88795500,TSLA
2018-06-01,239.51,240.86,239.44,240.56,71258400,SPY
2018-06-01,6.27,6.37,6.26,6.36,421968000,NVDA
2018-06-01,44.26,44.79,44.2,44.78,93770000,AAPL
2018-06-01,91.56,93.01,91.45,92.95,28655600,MSFT
2018-06-01,19.06,19.46,18.92,19.45,81366000,TSLA
2018-06-04,241.38,241.96,241.14,241.7,45385200,SPY
2018-06-04,6.4,6.56,6.36,6.54,642024000,NVDA
2018-06-04,45.11,45.53,45.05,45.16,105064800,AAPL
2018-06-04,93.38,93.94,93.0,93.76,27281600,MSFT
2018-06-04,19.62,19.93,19.57,19.78,71967000,TSLA
2018-06-05,241.83,242.26,241.07,241.88,51135000,SPY
2018-06-05,6.54,6.58,6.5,6.55,391712000,NVDA
2018-06-05,45.45,45.66,45.28,45.51,86264000,AAPL
2018-06-05,94.06,94.37,93.63,94.24,23514400,MSFT
2018-06-05,19.85,19.85,19.12,19.41,89928000,TSLA
2018-06-06,242.48,244.01,241.87,243.9,62732200,SPY
2018-06-06,6.46,6.55,6.44,6.55,371356000,NVDA
2018-06-06,45.58,45.69,45.18,45.67,83734400,AAPL
2018-06-06,94.51,94.62,93.97,94.52,21122900,MSFT
2018-06-06,20.03,21.48,19.83,21.3,281509500,TSLA
2018-06-07,244.38,244.67,242.97,243.87,72969400,SPY
2018-06-07,6.54,6.56,6.4,6.49,369448000,NVDA
2018-06-07,45.7,45.72,45.28,45.54,85388800,AAPL
2018-06-07,94.66,94.7,92.57,93.03,28232200,MSFT
2018-06-07,21.08,22.0,20.91,21.07,215179500,TSLA
2018-06-08,243.42,244.65,243.25,244.59,72139700,SPY
2018-06-08,6.42,6.52,6.4,6.48,360456000,NVDA
2018-06-08,45.0,45.2,44.67,45.13,106627200,AAPL
2018-06-08,93.23,94.02,92.72,93.72,22165100,MSFT
2018-06-08,21.27,21.63,21.14,21.18,123078000,TSLA
2018-06-11,244.81,245.63,244.7,244.92,58892500,SPY
2018-06-11,6.46,6.51,6.42,6.44,265372000,NVDA
2018-06-11,45.05,45.19,44.78,45.02,73234000,AAPL
2018-06-11,93.15,93.69,92.84,93.19,23490900,MSFT
2018-06-11,21.5,22.31,21.5,22.14,197752500,TSLA
2018-06-12,245.33,245.6,244.59,245.24,72329000,SPY
2018-06-12,6.46,6.5,6.41,6.48,319160000,NVDA
2018-06-12,45.06,45.34,45.0,45.27,67644400,AAPL
2018-06-12,93.23,93.56,92.91,93.43,18325200,MSFT
2018-06-12,22.98,23.66,22.53,22.85,335211000,TSLA
2018-06-13,245.47,245.73,244.25,244.45,79070600,SPY
2018-06-13,6.49,6.56,6.47,6.48,338208000,NVDA
2018-06-13,45.3,45.41,44.83,44.89,86553600,AAPL
2018-06-13,93.81,94.07,92.74,93.0,29492900,MSFT
2018-06-13,23.11,23.15,22.65,22.99,142047000,TSLA
2018-06-14,245.32,245.6,244.48,245.07,77097600,SPY
2018-06-14,6.53,6.65,6.51,6.59,430016000,NVDA
2018-06-14,45.09,45.1,44.78,44.92,86440400,AAPL
2018-06-14,93.74,94.09,93.14,93.53,25691800,MSFT
2018-06-14,23.18,23.92,23.11,23.85,164715000,TSLA
2018-06-15,244.29,245.09,243.18,244.76,120041600,SPY
2018-06-15,6.53,6.61,6.5,6.55,432260000,NVDA
2018-06-15,44.74,44.77,44.32,44.46,246876800,AAPL
2018-06-15,93.61,93.63,92.28,92.34,65738600,MSFT
2018-06-15,23.59,24.31,23.42,23.88,162724500,TSLA
2018-06-18,243.31,244.38,242.83,244.25,52917600,SPY
2018-06-18,6.51,6.56,6.48,6.55,356268000,NVDA
2018-06-18,44.23,44.54,44.07,44.43,73939600,AAPL
2018-06-18,92.23,93.24,91.69,93.01,23586000,MSFT
2018-06-18,23.69,24.92,23.63,24.72,181098000,TSLA
2018-06-19,241.99,243.54,241.58,243.32,97531500,SPY
2018-06-19,6.44,6.51,6.3,6.43,594932000,NVDA
2018-06-19,43.58,43.86,43.19,43.71,134314000,AAPL
2018-06-19,91.9,93.14,91.76,93.01,28653100,MSFT
2018-06-19,24.34,24.67,23.08,23.5,191428500,TSLA
2018-06-20,244.0,244.39,243.4,243.73,53785500,SPY
2018-06-20,6.47,6.53,6.43,6.48,369780000,NVDA
2018-06-20,43.87,44.07,43.72,43.9,82514800,AAPL
2018-06-20,93.48,94.54,93.25,93.94,26180800,MSFT
2018-06-20,23.87,24.29,23.47,24.15,125755500,TSLA
2018-06-21,243.72,243.74,241.71,242.2,71061400,SPY
2018-06-21,6.51,6.53,6.34,6.35,359516000,NVDA
2018-06-21,44.08,44.34,43.54,43.66,102847600,AAPL
2018-06-21,94.14,94.49,93.03,93.27,23198200,MSFT
2018-06-21,24.13,24.41,23.08,23.17,119506500,TSLA
2018-06-22,243.46,243.57,242.43,242.65,54898500,SPY
2018-06-22,6.37,6.38,6.18,6.2,434160000,NVDA
2018-06-22,43.81,43.82,43.48,43.53,108801600,AAPL
2018-06-22,92.6,92.93,91.88,92.6,38923100,MSFT
2018-06-22,23.44,23.48,22.13,22.24,153991500,TSLA
2018-06-25,241.5,241.66,237.67,239.34,137854200,SPY
2018-06-25,6.09,6.09,5.82,5.91,665816000,NVDA
2018-06-25,43.17,43.53,42.55,42.89,126652400,AAPL
2018-06-25,92.22,92.32,89.73,90.74,35433300,MSFT
2018-06-25,22.01,22.56,21.83,22.2,103969500,TSLA
2018-06-26,239.91,240.72,239.16,239.87,68547400,SPY
2018-06-26,6.02,6.07,5.92,5.98,478884000,NVDA
2018-06-26,43.08,43.91,42.97,43.42,98276800,AAPL
2018-06-26,91.13,92.29,91.07,91.37,26897200,MSFT
2018-06-26,22.4,22.9,21.72,22.8,111787500,TSLA
2018-06-27,240.46,241.88,237.74,237.89,105110700,SPY
2018-06-27,6.02,6.09,5.82,5.82,453892000,NVDA
2018-06-27,43.61,44.09,43.32,43.35,101141200,AAPL
2018-06-27,91.83,92.24,89.82,89.95,31298400,MSFT
2018-06-27,23.0,23.39,22.63,22.97,125005500,TSLA
2018-06-28,237.83,240.01,237.13,239.25,76650500,SPY
2018-06-28,5.81,5.96,5.8,5.95,338012000,NVDA
2018-06-28,43.34,43.84,43.27,43.67,69460800,AAPL
2018-06-28,89.8,91.4,89.69,90.96,26650700,MSFT
2018-06-28,23.24,23.8,23.07,23.33,125970000,TSLA
2018-06-29,240.33,241.69,239.48,239.59,97592500,SPY
2018-06-29,6.01,6.03,5.85,5.85,392300000,NVDA
2018-06-29,43.86,44.07,43.06,43.58,90950800,AAPL
2018-06-29,91.23,92.14,90.68,90.94,28053200,MSFT
2018-06-29,23.56,23.59,22.83,22.86,97386000,TSLA
2018-07-02,238.03,240.26,237.79,240.1,63554800,SPY
2018-07-02,5.78,5.99,5.76,5.98,357572000,NVDA
2018-07-02,43.27,44.09,43.18,44.06,70925200,AAPL
2018-07-02,90.47,92.28,90.38,92.23,19564500,MSFT
2018-07-02,24.0,24.32,21.99,22.34,281397000,TSLA
2018-07-03,240.99,241.09,238.83,239.25,42187100,SPY
2018-07-03,6.02,6.02,5.84,5.85,222732000,NVDA
2018-07-03,44.21,44.25,43.21,43.3,55819200,AAPL
2018-07-03,92.66,92.8,91.24,91.34,14670300,MSFT
2018-07-03,22.12,22.17,20.65,20.72,184239000,TSLA
2018-07-05,240.38,241.27,239.31,241.21,56925900,SPY
2018-07-05,5.9,6.0,5.87,5.99,306216000,NVDA
2018-07-05,43.61,43.88,43.38,43.65,66416800,AAPL
2018-07-05,91.76,92.15,91.33,92.0,18977400,MSFT
2018-07-05,20.92,20.96,19.75,20.61,262146000,TSLA
2018-07-06,241.23,243.62,240.85,243.25,66493700,SPY
2018-07-06,5.97,6.12,5.95,6.11,296352000,NVDA
2018-07-06,43.65,44.36,43.6,44.25,69940800,AAPL
2018-07-06,92.12,93.54,91.92,93.29,19234600,MSFT
2018-07-06,20.33,20.8,20.13,20.59,132982500,TSLA
2018-07-09,244.24,245.49,244.2,245.44,50550400,SPY
2018-07-09,6.18,6.19,6.08,6.16,303880000,NVDA
2018-07-09,44.61,44.89,44.56,44.86,79026400,AAPL
2018-07-09,93.74,94.29,93.37,93.93,18212000,MSFT
2018-07-09,20.8,21.23,20.53,21.23,113952000,TSLA
2018-07-10,245.89,246.42,245.6,246.32,51966800,SPY
2018-07-10,6.17,6.28,6.13,6.25,360016000,NVDA
2018-07-10,44.9,45.03,44.77,44.81,63756400,AAPL
2018-07-10,94.06,94.53,93.94,94.18,19293100,MSFT
2018-07-10,21.64,21.85,21.28,21.5,142072500,TSLA
2018-07-11,244.77,245.56,244.22,244.52,77054700,SPY
2018-07-11,6.16,6.2,6.1,6.11,367508000,NVDA
2018-07-11,44.38,44.68,44.17,44.23,75326000,AAPL
2018-07-11,93.28,94.38,93.23,94.05,19644600,MSFT
2018-07-11,21.05,21.46,21.0,21.26,73261500,TSLA
2018-07-12,245.77,246.79,245.17,246.74,60124700,SPY
2018-07-12,6.16,6.25,6.15,6.2,345508000,NVDA
2018-07-12,44.62,45.06,44.57,44.97,72164400,AAPL
2018-07-12,94.77,96.29,94.74,96.08,24335900,MSFT
2018-07-12,21.43,21.55,20.85,21.11,85818000,TSLA
2018-07-13,246.56,247.23,246.11,246.93,48216000,SPY
2018-07-13,6.22,6.22,6.12,6.16,246988000,NVDA
2018-07-13,44.98,45.16,44.94,45.04,50055600,AAPL
2018-07-13,96.25,97.38,95.99,97.23,24635200,MSFT
2018-07-13,21.04,21.31,20.62,21.26,88047000,TSLA
2018-07-16,246.97,247.12,246.27,246.71,48201000,SPY
2018-07-16,6.13,6.18,6.12,6.13,197036000,NVDA
2018-07-16,45.09,45.35,44.83,44.94,60172400,AAPL
2018-07-16,97.2,97.59,96.39,96.75,21786900,MSFT
2018-07-16,20.78,21.01,20.42,20.67,117280500,TSLA
2018-07-17,245.94,248.1,245.89,247.71,52315500,SPY
2018-07-17,6.08,6.28,6.05,6.27,362136000,NVDA
2018-07-17,44.67,45.17,44.54,45.07,62138000,AAPL
2018-07-17,96.47,98.21,96.2,97.71,25901700,MSFT
2018-07-17,20.59,21.65,20.57,21.51,104943000,TSLA
2018-07-18,247.79,248.33,247.34,248.23,44593500,SPY
2018-07-18,6.26,6.27,6.17,6.22,277640000,NVDA
2018-07-18,45.15,45.15,44.71,44.82,65573600,AAPL
2018-07-18,97.7,97.8,96.57,96.94,29493900,MSFT
2018-07-18,21.67,21.7,21.08,21.59,84363000,TSLA
2018-07-19,247.57,247.95,246.81,247.29,61412100,SPY
2018-07-19,6.2,6.26,6.18,6.22,235752000,NVDA
2018-07-19,44.66,45.33,44.66,45.17,81147200,AAPL
2018-07-19,96.77,97.12,95.81,96.28,40171600,MSFT
2018-07-19,21.09,21.57,20.93,21.35,88729500,TSLA
2018-07-20,247.09,247.72,246.85,247.01,82337700,SPY
2018-07-20,6.22,6.26,6.19,6.2,222352000,NVDA
2018-07-20,45.15,45.3,44.77,45.07,82704800,AAPL
2018-07-20,99.67,99.78,97.83,98.0,56004000,MSFT
2018-07-20,21.42,21.55,20.78,20.91,77433000,TSLA
2018-07-23,246.81,247.67,246.46,247.47,47047600,SPY
2018-07-23,6.17,6.17,6.01,6.16,301584000,NVDA
2018-07-23,44.89,45.19,44.62,45.11,63957600,AAPL
2018-07-23,98.03,99.73,97.87,99.57,29707000,MSFT
2018-07-23,20.12,20.37,19.52,20.21,164893500,TSLA
2018-07-24,248.87,249.55,247.85,248.71,68026900,SPY
2018-07-24,6.21,6.29,6.12,6.14,354620000,NVDA
2018-07-24,45.31,45.59,45.21,45.43,74791600,AAPL
2018-07-24,100.12,100.35,98.92,99.28,26316600,MSFT
2018-07-24,20.29,20.51,19.5,19.83,143862000,TSLA
2018-07-25,248.47,251.15,248.42,250.83,78882900,SPY
2018-07-25,6.15,6.23,6.09,6.22,319112000,NVDA
2018-07-25,45.45,45.87,45.3,45.86,66839600,AAPL
2018-07-25,99.56,102.5,99.23,102.21,30702100,MSFT
2018-07-25,19.78,20.64,19.63,20.58,106131000,TSLA
2018-07-26,250.12,250.92,250.02,250.24,57919500,SPY
2018-07-26,6.2,6.33,6.18,6.29,325124000,NVDA
2018-07-26,45.81,46.13,45.58,45.72,76304000,AAPL
2018-07-26,102.12,102.36,100.98,101.09,31372100,MSFT
2018-07-26,20.32,20.71,20.24,20.44,69457500,TSLA
2018-07-27,250.57,250.67,247.63,248.55,76768700,SPY
2018-07-27,6.33,6.34,6.17,6.22,295420000,NVDA
2018-07-27,45.9,45.95,44.75,44.96,96096000,AAPL
2018-07-27,101.61,101.61,97.88,99.3,37005300,MSFT
2018-07-27,20.48,20.51,19.69,19.81,85549500,TSLA
2018-07-30,248.63,248.78,246.73,247.25,63742500,SPY
2018-07-30,6.24,6.24,5.99,6.03,340340000,NVDA
2018-07-30,45.18,45.25,44.51,44.71,84118000,AAPL
2018-07-30,98.85,99.16,96.61,97.17,34668300,MSFT
2018-07-30,19.73,19.74,19.08,19.34,102211500,TSLA
2018-07-31,248.01,249.08,247.63,248.47,68570500,SPY
2018-07-31,6.02,6.12,5.98,6.05,283988000,NVDA
2018-07-31,44.8,45.23,44.57,44.8,157492000,AAPL
2018-07-31,98.21,98.42,97.18,97.83,27655200,MSFT
2018-07-31,19.48,19.89,19.27,19.88,76153500,TSLA
2018-08-01,248.67,249.17,247.41,248.05,53853300,SPY
2018-08-01,6.08,6.13,6.02,6.09,283556000,NVDA
2018-08-01,46.88,47.5,46.45,47.44,271742800,AAPL
2018-08-01,97.78,98.17,97.22,98.01,23628700,MSFT
2018-08-01,19.87,20.2,19.53,20.06,151941000,TSLA
2018-08-02,246.75,249.57,246.55,249.4,63426400,SPY
2018-08-02,6.02,6.19,5.96,6.19,269668000,NVDA
2018-08-02,47.22,49.06,47.16,48.82,249616000,AAPL
2018-08-02,97.2,99.68,96.68,99.2,26104300,MSFT
2018-08-02,21.9,23.33,21.54,23.3,348225000,TSLA
2018-08-03,249.53,250.52,249.35,250.47,53935400,SPY
2018-08-03,6.21,6.25,6.2,6.23,214288000,NVDA
2018-08-03,48.74,49.14,48.37,48.96,133789600,AAPL
2018-08-03,99.41,99.64,98.51,99.63,18659600,MSFT
2018-08-03,23.19,23.67,22.84,23.21,204847500,TSLA
2018-08-06,250.51,251.7,250.12,251.39,39400900,SPY
2018-08-06,6.21,6.28,6.17,6.27,207508000,NVDA
2018-08-06,48.97,49.26,48.75,49.22,101701600,AAPL
2018-08-06,99.71,99.98,99.19,99.72,20265900,MSFT
2018-08-06,23.03,23.67,22.79,22.8,128464500,TSLA
2018-08-07,252.05,252.6,251.92,252.22,43196600,SPY
2018-08-07,6.32,6.36,6.3,6.35,258132000,NVDA
2018-08-07,49.28,49.32,48.67,48.76,102349600,AAPL
2018-08-07,100.11,100.61,99.75,100.41,16080200,MSFT
2018-08-07,22.92,25.83,22.61,25.3,463137000,TSLA
2018-08-08,252.05,252.51,251.65,252.11,42114600,SPY
2018-08-08,6.35,6.43,6.31,6.38,262100000,NVDA
2018-08-08,48.51,48.92,48.15,48.79,90102000,AAPL
2018-08-08,100.82,101.21,100.3,100.97,15487500,MSFT
2018-08-08,24.61,25.51,24.47,24.69,368568000,TSLA
2018-08-09,252.18,252.56,251.64,251.77,35717000,SPY
2018-08-09,6.4,6.4,6.33,6.33,204280000,NVDA
2018-08-09,49.33,49.38,48.78,49.17,93970400,AAPL
2018-08-09,101.17,101.59,101.07,101.14,13677200,MSFT
2018-08-09,24.37,24.47,23.05,23.5,257757000,TSLA
2018-08-10,250.34,250.88,249.38,250.08,77076000,SPY
2018-08-10,6.25,6.32,6.24,6.29,256396000,NVDA
2018-08-10,48.99,49.4,48.82,49.03,98444800,AAPL
2018-08-10,100.91,101.16,99.95,100.52,18183700,MSFT
2018-08-10,23.6,24.0,23.07,23.7,173280000,TSLA
2018-08-13,250.36,250.97,248.85,249.15,65732900,SPY
2018-08-13,6.3,6.45,6.3,6.33,375208000,NVDA
2018-08-13,49.45,49.83,49.07,49.34,103563600,AAPL
2018-08-13,100.74,101.05,99.69,99.79,18472500,MSFT
2018-08-13,24.08,24.21,23.27,23.76,156958500,TSLA
2018-08-14,249.87,250.97,249.48,250.74,43842000,SPY
2018-08-14,6.43,6.47,6.35,6.46,466220000,NVDA
2018-08-14,49.65,49.74,49.2,49.55,82992000,AAPL
2018-08-14,100.11,101.21,99.63,101.04,16788300,MSFT
2018-08-14,23.9,23.95,23.14,23.18,104796000,TSLA
2018-08-15,249.39,249.54,247.43,248.86,102925400,SPY
2018-08-15,6.48,6.51,6.32,6.4,591136000,NVDA
2018-08-15,49.43,49.78,49.22,49.67,115230400,AAPL
2018-08-15,100.43,100.9,98.89,99.67,29982800,MSFT
2018-08-15,22.79,22.97,22.14,22.58,136519500,TSLA
2018-08-16,250.29,251.74,250.26,250.88,69967900,SPY
2018-08-16,6.47,6.47,6.3,6.36,801260000,NVDA
2018-08-16,50.02,50.51,49.96,50.39,114001600,AAPL
2018-08-16,100.26,100.78,99.33,99.65,21384300,MSFT
2018-08-16,22.66,22.82,22.25,22.36,90960000,TSLA
2018-08-17,250.67,252.2,250.27,251.76,65618500,SPY
2018-08-17,6.25,6.25,6.02,6.05,1143188000,NVDA
2018-08-17,50.42,51.49,50.36,51.4,141708000,AAPL
2018-08-17,99.39,99.89,98.77,99.59,18061500,MSFT
2018-08-17,21.57,21.78,20.24,20.37,284379000,TSLA
2018-08-20,252.21,252.56,251.76,252.3,39807500,SPY
2018-08-20,6.01,6.25,5.9,6.12,854388000,NVDA
2018-08-20,51.52,51.78,50.82,50.9,121150800,AAPL
2018-08-20,99.53,99.89,98.57,98.93,17914200,MSFT
2018-08-20,19.45,20.57,19.21,20.56,261034500,TSLA
2018-08-21,252.81,253.75,252.33,252.89,67272000,SPY
2018-08-21,6.14,6.26,6.12,6.26,673988000,NVDA
2018-08-21,51.22,51.31,50.56,50.8,104639200,AAPL
2018-08-21,98.98,99.38,97.99,98.11,22881900,MSFT
2018-08-21,20.71,21.65,20.6,21.46,197583000,TSLA
2018-08-22,252.48,253.26,252.22,252.74,44993300,SPY
2018-08-22,6.22,6.5,6.22,6.49,749856000,NVDA
2018-08-22,50.58,51.11,50.52,50.8,76072400,AAPL
2018-08-22,97.99,99.37,97.93,99.11,18000600,MSFT
2018-08-22,21.39,21.59,20.98,21.44,89190000,TSLA
2018-08-23,252.56,253.42,252.09,252.41,49204900,SPY
2018-08-23,6.45,6.66,6.44,6.59,720684000,NVDA
2018-08-23,50.71,51.28,50.7,50.91,75532800,AAPL
2018-08-23,99.19,100.15,98.93,99.57,18167700,MSFT
2018-08-23,21.28,21.82,21.21,21.34,77209500,TSLA
2018-08-24,252.98,254.07,252.93,253.92,57487400,SPY
2018-08-24,6.6,6.74,6.59,6.72,531512000,NVDA
2018-08-24,51.17,51.24,50.82,51.07,73905600,AAPL
2018-08-24,99.68,100.5,99.57,100.35,17234000,MSFT
2018-08-24,21.38,21.59,21.29,21.52,54039000,TSLA
2018-08-27,255.12,256.04,254.96,255.93,57072400,SPY
2018-08-27,6.75,6.89,6.72,6.81,505776000,NVDA
2018-08-27,51.3,51.67,51.11,51.49,82100400,AAPL
2018-08-27,101.16,101.5,100.45,101.46,19662300,MSFT
2018-08-27,21.2,21.5,20.59,21.28,196189500,TSLA
2018-08-28,256.39,256.49,255.59,256.05,46943500,SPY
2018-08-28,6.81,6.83,6.66,6.78,475384000,NVDA
2018-08-28,51.74,52.1,51.72,51.9,91107200,AAPL
2018-08-28,101.78,102.3,101.64,102.07,19151500,MSFT
2018-08-28,21.23,21.26,20.75,20.79,114736500,TSLA
2018-08-29,256.26,257.66,256.03,257.43,61485500,SPY
2018-08-29,6.77,6.91,6.75,6.88,420108000,NVDA
2018-08-29,52.01,52.8,51.83,52.68,109019200,AAPL
2018-08-29,102.25,103.71,102.08,103.7,20818000,MSFT
2018-08-29,20.68,20.79,20.25,20.33,111711000,TSLA
2018-08-30,256.95,257.32,255.8,256.39,61229500,SPY
2018-08-30,6.85,6.96,6.83,6.86,346608000,NVDA
2018-08-30,52.74,53.92,52.54,53.16,195175200,AAPL
2018-08-30,103.38,104.25,103.17,103.64,22798700,MSFT
2018-08-30,20.15,20.31,19.85,20.21,108250500,TSLA
2018-08-31,255.98,256.84,255.5,256.4,66140800,SPY
2018-08-31,6.84,6.95,6.83,6.94,306592000,NVDA
2018-08-31,53.51,54.07,53.39,53.77,173360400,AAPL
2018-08-31,103.4,104.41,103.24,103.99,23222700,MSFT
2018-08-31,20.13,20.35,19.91,20.11,80626500,TSLA
2018-09-04,255.98,256.31,254.96,255.96,57594400,SPY
2018-09-04,6.92,7.05,6.89,7.01,391720000,NVDA
2018-09-04,53.96,54.14,53.54,53.95,109560400,AAPL
2018-09-04,102.62,103.65,102.04,103.42,22634600,MSFT
2018-09-04,19.8,19.88,19.2,19.26,125257500,TSLA
2018-09-05,255.6,255.81,254.26,255.27,72452400,SPY
2018-09-05,6.99,7.03,6.8,6.88,393156000,NVDA
2018-09-05,54.1,54.26,53.18,53.6,133332000,AAPL
2018-09-05,102.77,103.15,100.07,100.43,32872400,MSFT
2018-09-05,19.0,19.12,18.48,18.72,115812000,TSLA
2018-09-06,255.37,255.67,253.47,254.5,65909900,SPY
2018-09-06,6.86,6.87,6.71,6.74,322796000,NVDA
2018-09-06,53.44,53.71,52.28,52.7,137160000,AAPL
2018-09-06,100.21,100.9,99.53,100.67,23477600,MSFT
2018-09-06,18.99,19.41,18.59,18.73,112212000,TSLA
2018-09-07,253.46,254.98,253.22,254.0,73524800,SPY
2018-09-07,6.65,6.84,6.6,6.72,295420000,NVDA
2018-09-07,52.41,53.24,52.14,52.28,150479200,AAPL
2018-09-07,100.19,100.65,99.27,100.18,22498600,MSFT
2018-09-07,17.34,17.89,16.82,17.55,337378500,TSLA
2018-09-10,255.01,255.28,254.25,254.45,50210900,SPY
2018-09-10,6.74,6.82,6.7,6.79,220140000,NVDA
2018-09-10,52.2,52.41,51.14,51.58,158066000,AAPL
2018-09-10,100.76,101.5,100.31,101.26,20727900,MSFT
2018-09-10,18.22,19.07,18.07,19.03,214252500,TSLA
2018-09-11,253.8,255.73,253.46,255.28,50530500,SPY
2018-09-11,6.74,6.83,6.72,6.74,243112000,NVDA
2018-09-11,51.5,52.99,51.16,52.88,142996000,AAPL
2018-09-11,100.81,103.3,100.8,102.98,24301800,MSFT
2018-09-11,18.63,18.8,18.24,18.63,137550000,TSLA
2018-09-12,255.29,255.95,254.56,255.35,59810800,SPY
2018-09-12,6.7,6.72,6.47,6.63,419092000,NVDA
2018-09-12,53.14,53.15,51.93,52.23,197114800,AAPL
2018-09-12,103.16,103.55,102.3,103.42,18891100,MSFT
2018-09-12,18.76,19.5,18.58,19.37,150231000,TSLA
2018-09-13,256.41,257.04,256.12,256.86,51034200,SPY
2018-09-13,6.69,6.8,6.68,6.7,305536000,NVDA
2018-09-13,52.8,53.95,52.58,53.49,166825600,AAPL
2018-09-13,103.79,105.29,103.79,104.53,26055600,MSFT
2018-09-13,19.2,19.67,19.01,19.3,95104500,TSLA
2018-09-14,257.06,257.25,256.12,256.9,55079900,SPY
2018-09-14,6.79,6.9,6.76,6.83,386936000,NVDA
2018-09-14,53.33,53.59,52.57,52.88,127997200,AAPL
2018-09-14,104.94,105.29,104.09,104.95,19122300,MSFT
2018-09-14,19.25,19.82,19.1,19.68,101484000,TSLA
2018-09-17,256.85,256.88,255.27,255.54,68244000,SPY
2018-09-17,6.8,6.85,6.75,6.77,205528000,NVDA
2018-09-17,52.48,52.67,51.33,51.47,148780400,AAPL
2018-09-17,105.25,105.26,103.55,103.81,20736500,MSFT
2018-09-17,19.34,20.06,19.21,19.66,103314000,TSLA
2018-09-18,255.75,257.52,255.73,256.93,61930400,SPY
2018-09-18,6.77,6.88,6.69,6.7,299520000,NVDA
2018-09-18,51.45,52.41,51.29,51.56,126286800,AAPL
2018-09-18,103.86,105.26,103.42,104.8,22170900,MSFT
2018-09-18,19.78,20.18,18.37,19.0,248212500,TSLA
2018-09-19,256.98,257.62,256.86,257.2,49080600,SPY
2018-09-19,6.68,6.74,6.63,6.72,224860000,NVDA
2018-09-19,51.62,51.88,50.86,51.59,108495200,AAPL
2018-09-19,104.66,104.91,102.8,103.41,21728400,MSFT
2018-09-19,18.7,20.0,18.7,19.93,124423500,TSLA
2018-09-20,258.46,259.6,257.22,259.29,100360600,SPY
2018-09-20,6.6,6.64,6.53,6.58,430584000,NVDA
2018-09-20,52.03,52.51,51.77,51.98,106435200,AAPL
2018-09-20,103.94,105.35,103.62,105.14,23714500,MSFT
2018-09-20,20.24,20.4,19.56,19.89,110241000,TSLA
2018-09-21,260.02,260.14,258.89,259.05,105479700,SPY
2018-09-21,6.59,6.64,6.48,6.51,435128000,NVDA
2018-09-21,52.16,52.29,51.33,51.42,384986800,AAPL
2018-09-21,105.54,106.73,105.08,105.78,71229700,MSFT
2018-09-21,19.85,20.04,19.69,19.94,75757500,TSLA
2018-09-24,258.47,258.61,257.61,258.19,53409600,SPY
2018-09-24,6.48,6.57,6.39,6.57,293912000,NVDA
2018-09-24,51.22,52.27,51.18,52.16,110773600,AAPL
2018-09-24,104.64,106.37,103.89,106.16,27334500,MSFT
2018-09-24,19.9,20.2,19.57,19.98,72645000,TSLA
2018-09-25,258.64,258.75,257.71,257.95,44370000,SPY
2018-09-25,6.63,6.66,6.55,6.63,280388000,NVDA
2018-09-25,51.91,52.64,51.9,52.49,98217600,AAPL
2018-09-25,106.28,106.55,105.3,105.95,22668000,MSFT
2018-09-25,20.0,20.31,19.77,20.07,67225500,TSLA
2018-09-26,258.09,259.27,256.76,257.18,79739700,SPY
2018-09-26,6.64,6.68,6.58,6.6,268548000,NVDA
2018-09-26,52.21,52.86,51.92,52.07,95938800,AAPL
2018-09-26,105.97,106.52,105.29,105.52,19352000,MSFT
2018-09-26,20.13,20.93,20.07,20.64,117648000,TSLA
2018-09-27,257.65,258.98,257.37,257.9,59249500,SPY
2018-09-27,6.63,6.65,6.58,6.61,214428000,NVDA
2018-09-27,52.87,53.49,52.81,53.14,120724800,AAPL
2018-09-27,106.26,106.38,105.72,105.91,19091300,MSFT
2018-09-27,20.86,21.0,20.46,20.5,127636500,TSLA
2018-09-28,257.27,258.42,257.24,257.92,70091400,SPY
2018-09-28,6.74,6.97,6.71,6.94,709396000,NVDA
2018-09-28,53.1,53.35,52.92,53.33,91717600,AAPL
2018-09-28,105.71,106.06,105.24,105.88,21647800,MSFT
2018-09-28,18.02,18.53,17.37,17.65,504745500,TSLA
2018-10-01,259.15,259.88,258.15,258.82,62078900,SPY
2018-10-01,7.02,7.22,6.98,7.15,622060000,NVDA
2018-10-01,53.85,54.2,53.47,53.69,94403200,AAPL
2018-10-01,106.23,107.09,106.21,107.03,18883100,MSFT
2018-10-01,20.38,20.76,20.07,20.71,326664000,TSLA
2018-10-02,258.67,259.38,258.29,258.67,47258200,SPY
2018-10-02,7.12,7.23,7.06,7.08,383964000,NVDA
2018-10-02,53.69,54.33,53.54,54.16,99152800,AAPL
2018-10-02,106.74,107.24,105.94,106.6,20787200,MSFT
2018-10-02,20.93,21.12,19.94,20.07,176152500,TSLA
2018-10-03,259.71,260.13,258.45,258.81,64694600,SPY
2018-10-03,7.15,7.16,6.98,7.08,320552000,NVDA
2018-10-03,54.35,55.15,54.28,54.82,114619200,AAPL
2018-10-03,106.85,107.55,106.4,106.62,16648000,MSFT
2018-10-03,20.22,20.31,19.44,19.65,119925000,TSLA
2018-10-04,258.33,258.38,255.21,256.79,111545900,SPY
2018-10-04,7.05,7.07,6.82,6.9,391220000,NVDA
2018-10-04,54.52,54.89,53.56,53.86,128168000,AAPL
2018-10-04,106.1,106.24,103.34,104.42,34821700,MSFT
2018-10-04,19.6,19.6,18.51,18.79,147213000,TSLA
2018-10-05,257.01,257.52,253.93,255.35,105951700,SPY
2018-10-05,6.88,6.94,6.61,6.67,426636000,NVDA
2018-10-05,53.85,53.96,52.11,52.99,134322000,AAPL
2018-10-05,104.27,104.77,102.42,103.8,29068900,MSFT
2018-10-05,18.31,18.33,17.33,17.46,269167500,TSLA
2018-10-08,254.67,255.7,253.29,255.35,87742200,SPY
2018-10-08,6.59,6.7,6.43,6.57,408612000,NVDA
2018-10-08,52.49,53.11,52.02,52.86,118655600,AAPL
2018-10-08,103.37,103.71,101.22,102.62,29640600,MSFT
2018-10-08,17.63,17.85,16.6,16.7,202090500,TSLA
2018-10-09,254.97,256.27,254.42,254.98,74339000,SPY
2018-10-09,6.55,6.64,6.49,6.56,273500000,NVDA
2018-10-09,52.83,53.69,52.5,53.6,107564000,AAPL
2018-10-09,102.89,104.68,102.57,103.92,26198600,MSFT
2018-10-09,17.02,17.78,16.89,17.52,180909000,TSLA
2018-10-10,254.47,254.54,246.53,246.9,214731000,SPY
2018-10-10,6.46,6.5,6.07,6.07,684940000,NVDA
2018-10-10,53.26,53.47,51.04,51.11,167962400,AAPL
2018-10-10,102.98,103.22,97.93,98.28,61376300,MSFT
2018-10-10,17.64,17.7,16.52,17.13,192229500,TSLA
2018-10-11,245.82,247.44,239.86,241.46,274840500,SPY
2018-10-11,5.98,6.12,5.79,5.81,725436000,NVDA
2018-10-11,50.68,51.85,50.16,50.66,212497600,AAPL
2018-10-11,97.53,100.84,96.46,98.05,63904300,MSFT
2018-10-11,17.17,17.48,16.6,16.82,122515500,TSLA
2018-10-12,245.55,245.83,241.64,244.82,183186500,SPY
2018-10-12,6.07,6.17,5.92,6.09,608236000,NVDA
2018-10-12,52.07,52.65,51.23,52.47,161351600,AAPL
2018-10-12,100.92,102.98,99.17,101.43,47742100,MSFT
2018-10-12,17.4,17.47,16.8,17.25,108021000,TSLA
2018-10-15,244.46,245.79,243.35,243.44,102263700,SPY
2018-10-15,6.08,6.08,5.82,5.82,449760000,NVDA
2018-10-15,52.25,52.4,51.33,51.35,123164000,AAPL
2018-10-15,100.82,101.35,99.01,99.61,32068100,MSFT
2018-10-15,17.27,17.55,16.97,17.31,93000000,TSLA
2018-10-16,245.39,249.14,244.92,248.77,118255800,SPY
2018-10-16,5.93,6.09,5.88,6.07,408712000,NVDA
2018-10-16,51.72,52.68,51.21,52.48,116736000,AAPL
2018-10-16,101.41,103.14,100.86,102.76,31610200,MSFT
2018-10-16,17.71,18.49,17.48,18.44,142896000,TSLA
2018-10-17,248.8,249.43,246.25,248.81,110626000,SPY
2018-10-17,6.14,6.17,5.96,6.01,329668000,NVDA
2018-10-17,52.52,52.6,51.82,52.25,91541600,AAPL
2018-10-17,103.39,103.51,101.42,102.49,26548200,MSFT
2018-10-17,18.83,18.85,17.72,18.12,129832500,TSLA
2018-10-18,247.88,248.47,243.95,245.22,134557500,SPY
2018-10-18,6.08,6.11,5.86,5.92,524020000,NVDA
2018-10-18,51.47,51.91,50.32,51.03,130325200,AAPL
2018-10-18,101.92,102.32,99.82,100.44,32506200,MSFT
2018-10-18,17.95,18.07,17.53,17.59,81318000,TSLA
2018-10-19,245.87,247.79,244.39,245.08,139901600,SPY
2018-10-19,5.97,5.99,5.63,5.66,613608000,NVDA
2018-10-19,51.51,52.27,51.37,51.81,132314800,AAPL
2018-10-19,100.84,102.63,100.18,100.59,32785500,MSFT
2018-10-19,17.83,17.98,16.9,17.33,140632500,TSLA
2018-10-22,245.75,246.07,243.45,243.98,82415800,SPY
2018-10-22,5.71,5.81,5.61,5.71,368844000,NVDA
2018-10-22,51.92,52.77,51.72,52.13,115168400,AAPL
2018-10-22,101.2,102.33,100.2,101.49,26545600,MSFT
2018-10-22,17.38,17.46,16.84,17.4,84004500,TSLA
2018-10-23,240.38,243.86,238.31,242.74,146352700,SPY
2018-10-23,5.45,5.54,5.35,5.46,626436000,NVDA
2018-10-23,50.99,52.74,50.72,52.62,155071200,AAPL
2018-10-23,99.77,100.88,97.31,100.07,43770400,MSFT
2018-10-23,17.59,19.86,17.47,19.61,285417000,TSLA
2018-10-24,242.49,242.88,234.84,235.39,177806700,SPY
2018-10-24,5.42,5.47,4.91,4.93,884288000,NVDA
2018-10-24,52.59,52.97,50.68,50.81,163702000,AAPL
2018-10-24,100.36,100.43,94.05,94.72,63897800,MSFT
2018-10-24,20.07,20.3,19.05,19.23,300874500,TSLA
2018-10-25,237.22,241.15,236.19,239.61,138061500,SPY
2018-10-25,4.83,5.18,4.79,5.14,951720000,NVDA
2018-10-25,51.43,52.3,51.2,51.93,119423200,AAPL
2018-10-25,98.64,101.16,98.27,100.26,61646800,MSFT
2018-10-25,21.15,21.4,20.07,20.99,312610500,TSLA
2018-10-26,235.92,240.43,232.7,235.4,201574600,SPY
2018-10-26,4.9,5.06,4.77,4.9,664784000,NVDA
2018-10-26,51.0,52.02,50.24,51.1,189033600,AAPL
2018-10-26,97.84,100.68,96.98,99.02,55523100,MSFT
2018-10-26,20.55,22.66,20.44,22.06,411382500,TSLA
2018-10-29,238.47,239.76,230.53,234.09,160749100,SPY
2018-10-29,5.04,5.04,4.35,4.59,758016000,NVDA
2018-10-29,51.78,51.9,48.69,50.14,183742000,AAPL
2018-10-29,100.08,100.63,94.08,96.14,55162000,MSFT
2018-10-29,22.5,23.14,21.77,22.32,217290000,TSLA
2018-10-30,233.92,237.87,233.44,237.56,157116000,SPY
2018-10-30,4.61,5.03,4.59,5.02,807192000,NVDA
2018-10-30,49.88,50.83,49.44,50.39,146640000,AAPL
2018-10-30,95.96,96.63,92.68,96.03,65350900,MSFT
2018-10-30,21.89,22.53,21.48,21.99,136900500,TSLA
2018-10-31,240.12,242.41,239.65,240.1,128296300,SPY
2018-10-31,5.18,5.25,5.04,5.21,745772000,NVDA
2018-10-31,51.24,52.08,51.17,51.7,153435600,AAPL
2018-10-31,97.61,100.11,97.56,98.88,51062400,MSFT
2018-10-31,22.17,22.8,21.94,22.49,114364500,TSLA
2018-11-01,240.96,242.85,239.88,242.65,99495000,SPY
2018-11-01,5.25,5.4,5.12,5.39,566528000,NVDA
2018-11-01,51.75,52.53,51.22,52.5,233292800,AAPL
2018-11-01,99.1,99.35,97.69,98.06,33384200,MSFT
2018-11-01,22.55,23.19,22.32,22.95,120001500,TSLA
2018-11-02,243.75,244.18,239.18,241.22,122634100,SPY
2018-11-02,5.38,5.49,5.19,5.31,452960000,NVDA
2018-11-02,49.5,50.47,48.53,49.01,365314800,AAPL
2018-11-02,98.57,99.35,97.19,98.28,37680200,MSFT
2018-11-02,22.92,23.28,22.73,23.09,117120000,TSLA
2018-11-05,241.7,243.1,240.74,242.55,65622500,SPY
2018-11-05,5.3,5.32,5.07,5.23,379332000,NVDA
2018-11-05,48.26,48.28,46.82,47.62,264654800,AAPL
2018-11-05,98.47,99.74,98.04,99.53,27922100,MSFT
2018-11-05,22.7,22.93,22.01,22.76,117465000,TSLA
2018-11-06,242.48,244.24,242.42,244.08,60085900,SPY
2018-11-06,5.22,5.31,5.18,5.22,299012000,NVDA
2018-11-06,47.7,48.36,47.65,48.14,127531600,AAPL
2018-11-06,99.41,100.76,98.39,99.72,24340200,MSFT
2018-11-06,22.6,23.25,22.41,22.74,101443500,TSLA
2018-11-07,246.25,249.39,245.82,249.31,102752100,SPY
2018-11-07,5.28,5.37,5.22,5.28,483812000,NVDA
2018-11-07,48.66,49.62,48.22,49.6,133697600,AAPL
2018-11-07,101.31,103.91,101.28,103.65,37901700,MSFT
2018-11-07,22.89,23.41,22.72,23.21,110617500,TSLA
2018-11-08,248.51,249.49,247.72,248.85,65584900,SPY
2018-11-08,5.22,5.22,5.04,5.09,511352000,NVDA
2018-11-08,49.78,49.81,49.01,49.43,101450400,AAPL
2018-11-08,103.5,103.88,102.67,103.45,25644100,MSFT
2018-11-08,23.23,23.84,23.23,23.43,106360500,TSLA
2018-11-09,247.55,247.74,245.02,246.42,98812600,SPY
2018-11-09,5.0,5.17,4.97,5.08,413240000,NVDA
2018-11-09,48.73,48.84,47.95,48.47,137463200,AAPL
2018-11-09,102.62,103.17,100.68,101.43,32039200,MSFT
2018-11-09,23.27,23.6,23.02,23.37,76482000,TSLA
2018-11-12,245.92,246.16,241.3,241.82,99673600,SPY
2018-11-12,4.99,5.01,4.66,4.68,617116000,NVDA
2018-11-12,47.18,47.38,45.94,46.03,204542000,AAPL
2018-11-12,101.3,101.8,98.22,98.93,33621800,MSFT
2018-11-12,23.22,23.32,22.02,22.09,104122500,TSLA
2018-11-13,242.28,244.27,240.65,241.37,98176600,SPY
2018-11-13,4.78,5.05,4.77,4.92,644712000,NVDA
2018-11-13,45.43,46.74,45.39,45.57,187531600,AAPL
2018-11-13,99.56,100.67,98.72,99.0,35374600,MSFT
2018-11-13,22.21,22.98,22.15,22.58,81729000,TSLA
2018-11-14,243.23,243.63,238.16,239.72,125335900,SPY
2018-11-14,5.1,5.11,4.76,4.87,526580000,NVDA
2018-11-14,45.97,46.1,44.08,44.28,243204000,AAPL
2018-11-14,100.51,100.65,97.13,97.6,39495100,MSFT
2018-11-14,22.85,23.14,22.48,22.93,75604500,TSLA
2018-11-15,238.46,242.68,236.89,242.22,135101400,SPY
2018-11-15,4.87,5.07,4.83,5.0,840708000,NVDA
2018-11-15,44.66,45.51,44.31,45.38,185915200,AAPL
2018-11-15,97.61,100.23,96.61,99.74,38505200,MSFT
2018-11-15,22.82,23.24,22.6,23.23,69385500,TSLA
2018-11-16,241.13,243.75,240.61,242.85,126668000,SPY
2018-11-16,4.04,4.22,3.99,4.06,1963520000,NVDA
2018-11-16,45.16,46.22,44.91,45.88,147713200,AAPL
2018-11-16,99.56,101.23,99.3,100.68,33502100,MSFT
2018-11-16,23.01,23.71,23.01,23.62,108093000,TSLA
2018-11-19,242.25,242.54,237.83,238.74,103061700,SPY
2018-11-19,4.0,4.0,3.57,3.58,1697820000,NVDA
2018-11-19,45.04,45.21,43.85,44.06,167701200,AAPL
2018-11-19,100.66,100.93,96.28,97.27,44773900,MSFT
2018-11-19,23.76,24.45,23.53,23.56,145633500,TSLA
2018-11-20,235.42,236.88,233.46,234.32,136021300,SPY
2018-11-20,3.31,3.81,3.29,3.68,1692032000,NVDA
2018-11-20,42.28,43.02,41.61,41.96,271300800,AAPL
2018-11-20,94.65,95.74,92.37,94.56,64052500,MSFT
2018-11-20,22.78,23.32,22.24,23.17,120070500,TSLA
2018-11-21,235.87,237.01,235.11,235.12,75563700,SPY
2018-11-21,3.82,3.84,3.55,3.58,1025496000,NVDA
2018-11-21,42.61,42.74,41.85,41.91,124496800,AAPL
2018-11-21,96.32,97.09,95.06,95.87,28130600,MSFT
2018-11-21,23.47,23.54,22.49,22.55,70302000,TSLA
2018-11-23,233.49,234.94,233.39,233.55,42807900,SPY
2018-11-23,3.54,3.7,3.53,3.58,411968000,NVDA
2018-11-23,41.47,41.87,40.8,40.84,94496000,AAPL
2018-11-23,94.99,96.52,94.83,95.83,13823100,MSFT
2018-11-23,22.29,22.5,21.7,21.72,63039000,TSLA
2018-11-26,235.8,237.54,235.41,237.32,79981400,SPY
2018-11-26,3.7,3.79,3.62,3.78,814832000,NVDA
2018-11-26,41.31,41.47,40.36,41.4,179994000,AAPL
2018-11-26,97.43,99.14,97.23,98.99,32336200,MSFT
2018-11-26,21.67,23.08,21.67,23.07,119881500,TSLA
2018-11-27,236.29,238.12,235.69,238.12,75502400,SPY
2018-11-27,3.76,3.88,3.72,3.8,738060000,NVDA
2018-11-27,40.66,41.43,40.51,41.31,165549600,AAPL
2018-11-27,98.8,99.79,97.96,99.61,29124500,MSFT
2018-11-27,22.67,23.13,22.37,22.93,95374500,TSLA
2018-11-28,239.18,243.6,238.06,243.6,127629600,SPY
2018-11-28,3.92,3.96,3.78,3.96,804524000,NVDA
2018-11-28,41.9,42.98,41.47,42.89,184250000,AAPL
2018-11-28,100.31,103.51,100.28,103.31,46788500,MSFT
2018-11-28,23.07,23.22,22.81,23.19,61914000,TSLA
2018-11-29,242.83,244.46,241.7,243.07,82346400,SPY
2018-11-29,3.96,3.99,3.86,3.89,549172000,NVDA
2018-11-29,43.3,43.34,42.13,42.56,167080000,AAPL
2018-11-29,102.58,103.31,101.37,102.45,28123200,MSFT
2018-11-29,23.13,23.17,22.64,22.74,46210500,TSLA
2018-11-30,242.92,245.11,242.6,244.55,98204200,SPY
2018-11-30,3.9,4.05,3.85,4.04,729564000,NVDA
2018-11-30,42.74,42.75,41.97,42.33,158126000,AAPL
2018-11-30,102.92,103.17,101.68,103.1,33665600,MSFT
2018-11-30,22.79,23.44,22.55,23.37,84436500,TSLA
2018-12-03,248.66,248.77,246.2,247.79,103176300,SPY
2018-12-03,4.27,4.32,4.14,4.21,890804000,NVDA
2018-12-03,43.73,43.84,42.96,43.81,163210000,AAPL
2018-12-03,105.06,105.45,102.95,104.22,34732800,MSFT
2018-12-03,24.0,24.4,23.47,23.9,124597500,TSLA
2018-12-04,246.97,247.39,239.45,239.76,177986000,SPY
2018-12-04,4.16,4.17,3.87,3.89,812112000,NVDA
2018-12-04,42.9,43.24,41.79,41.89,165377200,AAPL
2018-12-04,104.08,104.73,100.61,100.9,45197000,MSFT
2018-12-04,23.74,24.58,23.47,23.98,126928500,TSLA
2018-12-06,235.92,239.51,232.83,239.4,204185400,SPY
2018-12-06,3.75,3.92,3.73,3.92,692308000,NVDA
2018-12-06,40.72,41.43,40.4,41.42,172393600,AAPL
2018-12-06,98.39,101.57,97.62,101.52,49107400,MSFT
2018-12-06,23.73,24.49,23.38,24.2,117637500,TSLA
2018-12-07,239.06,240.62,233.0,233.83,161018900,SPY
2018-12-07,3.92,3.93,3.6,3.65,681676000,NVDA
2018-12-07,41.13,41.37,39.9,39.94,169126400,AAPL
2018-12-07,100.77,101.76,96.97,97.46,45044900,MSFT
2018-12-07,24.6,25.3,23.84,23.86,172668000,TSLA
2018-12-10,233.66,235.25,229.44,234.28,151445900,SPY
2018-12-10,3.61,3.78,3.6,3.76,629472000,NVDA
2018-12-10,39.12,40.32,38.72,40.21,248104000,AAPL
2018-12-10,97.44,100.39,96.59,100.03,40801500,MSFT
2018-12-10,24.0,24.4,23.54,24.34,99202500,TSLA
2018-12-11,237.46,237.65,232.87,234.33,121504400,SPY
2018-12-11,3.85,3.86,3.59,3.67,671912000,NVDA
2018-12-11,40.69,40.72,39.59,39.98,189126800,AAPL
2018-12-11,102.09,103.16,99.89,100.96,42381900,MSFT
2018-12-11,24.66,24.81,24.02,24.45,94632000,TSLA
2018-12-12,237.29,238.65,235.43,235.51,97976700,SPY
2018-12-12,3.67,3.78,3.58,3.68,654136000,NVDA
2018-12-12,40.4,40.76,40.07,40.09,142510800,AAPL
2018-12-12,103.1,103.45,101.38,101.42,36183000,MSFT
2018-12-12,24.63,24.79,24.34,24.44,75405000,TSLA
2018-12-13,236.45,237.31,234.32,235.43,96662700,SPY
2018-12-13,3.73,3.79,3.65,3.68,471384000,NVDA
2018-12-13,40.42,40.91,40.19,40.53,127594400,AAPL
2018-12-13,101.88,103.08,101.0,101.76,31333400,MSFT
2018-12-13,24.68,25.16,24.45,25.12,110488500,TSLA
2018-12-14,233.29,234.24,230.53,231.08,116961100,SPY
2018-12-14,3.64,3.72,3.6,3.62,471820000,NVDA
2018-12-14,40.06,40.08,39.18,39.23,162814800,AAPL
2018-12-14,100.65,101.58,98.09,98.58,47043100,MSFT
2018-12-14,25.0,25.19,24.29,24.38,95064000,TSLA
2018-12-17,230.14,231.24,224.93,226.55,165492300,SPY
2018-12-17,3.59,3.66,3.49,3.55,662868000,NVDA
2018-12-17,39.22,39.91,38.58,38.86,177151600,AAPL
2018-12-17,98.0,98.37,94.56,95.66,56957300,MSFT
2018-12-17,24.13,24.38,22.93,23.23,115110000,TSLA
2018-12-18,228.18,228.85,224.71,226.3,134515100,SPY
2018-12-18,3.6,3.72,3.57,3.63,564372000,NVDA
2018-12-18,39.21,39.72,38.97,39.37,135366000,AAPL
2018-12-18,96.46,97.17,95.32,96.67,49319200,MSFT
2018-12-18,23.37,23.44,22.25,22.47,106500000,TSLA
2018-12-19,226.38,230.14,221.22,222.91,214992800,SPY
2018-12-19,3.6,3.65,3.37,3.43,745364000,NVDA
2018-12-19,39.35,39.7,37.71,38.14,196189200,AAPL
2018-12-19,96.37,99.37,94.23,96.41,68198200,MSFT
2018-12-19,22.51,23.13,21.98,22.2,124113000,TSLA
2018-12-20,221.67,223.23,217.05,219.28,252053400,SPY
2018-12-20,3.42,3.51,3.28,3.34,749588000,NVDA
2018-12-20,38.02,38.43,36.82,37.18,259092000,AAPL
2018-12-20,95.81,96.98,91.84,94.38,70334200,MSFT
2018-12-20,21.8,22.02,20.79,21.03,136078500,TSLA
2018-12-21,220.18,222.83,214.15,214.79,255345600,SPY
2018-12-21,3.37,3.4,3.18,3.2,863740000,NVDA
2018-12-21,37.19,37.49,35.47,35.73,382978400,AAPL
2018-12-21,94.49,95.76,90.61,91.33,111242100,MSFT
2018-12-21,21.16,21.56,20.83,21.32,120252000,TSLA
2018-12-24,213.31,214.92,209.05,209.12,147311600,SPY
2018-12-24,3.13,3.21,3.08,3.14,463840000,NVDA
2018-12-24,35.12,35.93,34.75,34.81,148676800,AAPL
2018-12-24,90.82,91.09,87.38,87.52,43935200,MSFT
2018-12-24,20.9,20.97,19.68,19.69,83398500,TSLA
2018-12-26,210.57,219.68,208.6,219.68,218485400,SPY
2018-12-26,3.19,3.29,3.08,3.29,695100000,NVDA
2018-12-26,35.16,37.27,34.78,37.26,234330000,AAPL
2018-12-26,88.46,93.62,87.36,93.5,51634800,MSFT
2018-12-26,20.0,21.8,19.61,21.74,122446500,TSLA
2018-12-27,216.46,221.56,213.24,221.37,186267300,SPY
2018-12-27,3.24,3.27,3.1,3.24,637044000,NVDA
2018-12-27,36.94,37.16,35.58,37.02,212468400,AAPL
2018-12-27,92.32,94.08,89.63,94.07,49498500,MSFT
2018-12-27,21.32,21.48,20.1,21.08,128626500,TSLA
2018-12-28,222.72,224.34,219.92,221.08,153100200,SPY
2018-12-28,3.26,3.4,3.22,3.31,628728000,NVDA
2018-12-28,37.34,37.58,36.64,37.04,169165600,AAPL
2018-12-28,94.92,95.22,92.53,93.34,38196300,MSFT
2018-12-28,21.54,22.42,21.23,22.26,149085000,TSLA
2018-12-31,222.7,223.26,220.83,223.02,144299400,SPY
2018-12-31,3.35,3.38,3.27,3.3,465140000,NVDA
2018-12-31,37.58,37.78,37.1,37.39,140014000,AAPL
2018-12-31,94.17,95.21,93.38,94.43,33173800,MSFT
2018-12-31,22.52,22.61,21.68,22.19,94534500,TSLA
2019-01-02,219.5,224.17,219.48,223.25,126925200,SPY
2019-01-02,3.23,3.43,3.22,3.37,508752000,NVDA
2019-01-02,36.72,37.66,36.56,37.44,148158800,AAPL
2019-01-02,92.56,94.6,91.99,94.02,35329300,MSFT
2019-01-02,20.41,21.01,19.92,20.67,174879000,TSLA
2019-01-03,221.51,221.81,217.44,217.92,144140700,SPY
2019-01-03,3.31,3.34,3.16,3.17,705552000,NVDA
2019-01-03,34.13,34.54,33.66,33.71,365248800,AAPL
2019-01-03,93.07,93.15,90.37,90.56,42579100,MSFT
2019-01-03,20.47,20.63,19.83,20.02,104478000,TSLA
2019-01-04,220.94,225.87,220.57,225.22,142628800,SPY
2019-01-04,3.24,3.41,3.21,3.37,585620000,NVDA
2019-01-04,34.26,35.22,34.09,35.15,234428400,AAPL
2019-01-04,92.71,95.31,91.98,94.77,44060600,MSFT
2019-01-04,20.4,21.2,20.18,21.18,110911500,TSLA
2019-01-07,225.49,228.4,224.6,227.0,103139100,SPY
2019-01-07,3.43,3.58,3.37,3.55,709160000,NVDA
2019-01-07,35.25,35.28,34.59,35.07,219111200,AAPL
2019-01-07,94.5,96.02,93.89,94.89,35656100,MSFT
2019-01-07,21.45,22.45,21.18,22.33,113268000,TSLA
2019-01-08,229.18,229.61,226.66,229.13,102512600,SPY
2019-01-08,3.63,3.63,3.39,3.46,786016000,NVDA
2019-01-08,35.46,35.99,35.21,35.74,164101200,AAPL
2019-01-08,95.8,96.67,94.56,95.58,31514400,MSFT
2019-01-08,22.8,22.93,21.8,22.36,105127500,TSLA
2019-01-09,229.84,231.04,228.61,230.2,95006600,SPY
2019-01-09,3.51,3.57,3.46,3.53,617260000,NVDA
2019-01-09,35.87,36.63,35.47,36.34,180396400,AAPL
2019-01-09,96.56,97.51,95.99,96.94,32280800,MSFT
2019-01-09,22.37,22.9,22.1,22.57,81493500,TSLA
2019-01-10,228.68,231.26,228.0,231.02,96823900,SPY
2019-01-10,3.51,3.6,3.45,3.59,523156000,NVDA
2019-01-10,36.15,36.5,35.76,36.46,143122800,AAPL
2019-01-10,95.97,96.46,95.19,96.32,30067600,MSFT
2019-01-10,22.29,23.03,22.12,23.0,90846000,TSLA
2019-01-11,229.94,231.13,229.36,231.1,73858100,SPY
2019-01-11,3.57,3.7,3.54,3.68,874764000,NVDA
2019-01-11,36.24,36.44,35.92,36.1,108092800,AAPL
2019-01-11,95.94,96.17,94.5,95.58,28314200,MSFT
2019-01-11,22.81,23.23,22.58,23.15,75586500,TSLA
2019-01-14,229.21,230.5,228.81,229.69,70908200,SPY
2019-01-14,3.63,3.75,3.61,3.72,730168000,NVDA
2019-01-14,35.76,35.86,35.37,35.56,129756800,AAPL
2019-01-14,94.74,95.64,94.15,94.88,28437100,MSFT
2019-01-14,22.83,22.83,22.27,22.29,78709500,TSLA
2019-01-15,230.07,232.64,230.06,232.33,85208300,SPY
2019-01-15,3.75,3.79,3.69,3.71,617012000,NVDA
2019-01-15,35.62,36.36,35.57,36.29,114843600,AAPL
2019-01-15,95.31,97.67,94.72,97.63,31587600,MSFT
2019-01-15,22.33,23.25,22.3,22.96,90849000,TSLA
2019-01-16,232.76,233.77,232.55,232.89,77636700,SPY
2019-01-16,3.73,3.77,3.68,3.68,470104000,NVDA
2019-01-16,36.29,36.95,36.27,36.73,122278800,AAPL
2019-01-16,97.87,98.8,97.59,97.98,29853900,MSFT
2019-01-16,22.99,23.47,22.9,23.07,70375500,TSLA
2019-01-17,232.02,235.51,231.98,234.66,96118400,SPY
2019-01-17,3.65,3.79,3.62,3.75,493436000,NVDA
2019-01-17,36.56,37.38,36.33,36.95,119284800,AAPL
2019-01-17,97.62,99.14,97.4,98.66,28393000,MSFT
2019-01-17,23.08,23.43,22.94,23.15,55150500,TSLA
2019-01-18,236.46,238.24,234.69,237.78,127900300,SPY
2019-01-18,3.8,3.91,3.75,3.88,651336000,NVDA
2019-01-18,37.34,37.43,36.98,37.18,135004000,AAPL
2019-01-18,99.91,100.32,98.47,100.14,37427600,MSFT
2019-01-18,21.53,21.81,19.98,20.15,362262000,TSLA
2019-01-22,236.32,236.53,232.96,234.57,115531200,SPY
2019-01-22,3.85,3.86,3.65,3.68,661552000,NVDA
2019-01-22,37.08,37.15,36.18,36.34,121576000,AAPL
2019-01-22,99.25,99.58,97.49,98.26,32371300,MSFT
2019-01-22,20.32,20.53,19.7,19.93,181000500,TSLA
2019-01-23,235.59,236.29,232.6,235.06,86030300,SPY
2019-01-23,3.73,3.82,3.66,3.69,591020000,NVDA
2019-01-23,36.54,36.78,35.96,36.49,92522400,AAPL
2019-01-23,98.66,99.52,97.94,99.21,25874300,MSFT
2019-01-23,19.5,19.63,18.78,19.17,187950000,TSLA
2019-01-24,234.88,235.76,233.87,235.18,59204100,SPY
2019-01-24,3.78,3.92,3.77,3.9,708972000,NVDA
2019-01-24,36.53,36.62,35.97,36.2,101766000,AAPL
2019-01-24,99.35,99.48,97.94,98.74,23164800,MSFT
2019-01-24,18.87,19.58,18.62,19.43,120183000,TSLA
2019-01-25,237.02,237.99,235.28,237.17,96883400,SPY
2019-01-25,3.84,3.98,3.74,3.96,1154572000,NVDA
2019-01-25,36.86,37.49,36.58,37.4,134142000,AAPL
2019-01-25,99.71,100.3,98.74,99.64,31225600,MSFT
2019-01-25,19.63,19.9,19.3,19.8,108744000,TSLA
2019-01-28,235.04,235.43,233.61,235.37,85613700,SPY
2019-01-28,3.38,3.5,3.24,3.41,2511528000,NVDA
2019-01-28,36.93,37.06,36.43,37.05,104768400,AAPL
2019-01-28,98.8,99.0,97.31,97.7,29476700,MSFT
2019-01-28,19.53,19.83,19.18,19.76,96349500,TSLA
2019-01-29,235.51,236.07,234.23,235.06,66136300,SPY
2019-01-29,3.37,3.42,3.24,3.26,1153932000,NVDA
2019-01-29,37.04,37.49,36.53,36.67,166348800,AAPL
2019-01-29,97.51,97.6,94.99,95.71,31490500,MSFT
2019-01-29,19.68,19.9,19.45,19.83,69325500,TSLA
2019-01-30,236.57,239.62,235.81,238.78,92473700,SPY
2019-01-30,3.33,3.41,3.25,3.4,974228000,NVDA
2019-01-30,38.7,39.39,37.98,39.17,244439200,AAPL
2019-01-30,97.27,98.91,97.0,98.91,49471900,MSFT
2019-01-30,20.03,20.6,19.9,20.58,168754500,TSLA
2019-01-31,238.72,241.36,238.5,240.88,104012100,SPY
2019-01-31,3.4,3.59,3.37,3.56,842852000,NVDA
2019-01-31,39.38,40.06,39.01,39.46,162958400,AAPL
2019-01-31,96.51,97.83,95.93,97.09,55636400,MSFT
2019-01-31,20.07,20.77,19.6,20.47,188538000,TSLA
2019-02-01,241.07,242.01,240.21,240.99,85782500,SPY
2019-02-01,3.57,3.63,3.53,3.58,625048000,NVDA
2019-02-01,39.58,40.06,39.34,39.48,130672400,AAPL
2019-02-01,96.49,96.79,95.16,95.56,35535700,MSFT
2019-02-01,20.36,21.07,20.23,20.81,109251000,TSLA
2019-02-04,241.04,242.75,240.37,242.69,60744800,SPY
2019-02-04,3.6,3.73,3.57,3.69,528592000,NVDA
2019-02-04,39.69,40.69,39.66,40.6,125982000,AAPL
2019-02-04,95.64,98.37,95.55,98.31,31315100,MSFT
2019-02-04,20.87,21.02,20.13,20.86,110281500,TSLA
2019-02-05,243.12,244.01,242.62,243.7,79552800,SPY
2019-02-05,3.7,3.75,3.67,3.71,542424000,NVDA
2019-02-05,40.98,41.5,40.86,41.29,144406400,AAPL
2019-02-05,98.61,99.73,98.52,99.69,27325400,MSFT
2019-02-05,20.83,21.5,20.82,21.42,101142000,TSLA
2019-02-06,243.43,243.92,242.65,243.38,58347800,SPY
2019-02-06,3.74,3.85,3.74,3.78,702464000,NVDA
2019-02-06,41.4,41.62,40.98,41.31,112958400,AAPL
2019-02-06,99.48,99.48,98.12,98.58,20609800,MSFT
2019-02-06,21.31,21.62,21.04,21.15,75577500,TSLA
2019-02-07,241.78,242.32,239.41,241.06,95482000,SPY
2019-02-07,3.74,3.74,3.6,3.65,637120000,NVDA
2019-02-07,40.87,41.23,40.38,40.52,126966800,AAPL
2019-02-07,97.8,98.17,96.96,97.87,29760700,MSFT
2019-02-07,20.89,20.98,20.2,20.5,97809000,TSLA
2019-02-08,239.82,241.46,239.0,241.36,75788900,SPY
2019-02-08,3.58,3.68,3.56,3.66,461604000,NVDA
2019-02-08,40.23,40.63,40.1,40.57,95280000,AAPL
2019-02-08,97.06,98.35,96.94,98.25,21461100,MSFT
2019-02-08,20.46,20.5,19.9,20.39,87663000,TSLA
2019-02-11,242.01,242.27,240.96,241.49,68021400,SPY
2019-02-11,3.62,3.67,3.57,3.62,495180000,NVDA
2019-02-11,40.72,40.76,40.29,40.34,83973600,AAPL
2019-02-11,98.74,99.09,97.6,97.86,18914100,MSFT
2019-02-11,20.77,21.24,20.7,20.86,106945500,TSLA
2019-02-12,243.1,244.97,243.03,244.6,72270200,SPY
2019-02-12,3.66,3.75,3.65,3.74,591060000,NVDA
2019-02-12,40.5,40.71,40.4,40.69,89134000,AAPL
2019-02-12,98.68,99.61,98.07,99.38,25056600,MSFT
2019-02-12,21.08,21.21,20.64,20.79,82764000,TSLA
2019-02-13,245.43,246.23,245.01,245.39,65277200,SPY
2019-02-13,3.77,3.85,3.75,3.78,605372000,NVDA
2019-02-13,40.8,41.06,40.45,40.52,89960800,AAPL
2019-02-13,99.95,100.21,99.21,99.31,18394900,MSFT
2019-02-13,20.82,20.85,20.37,20.54,77124000,TSLA
2019-02-14,244.31,245.97,243.5,244.85,83234400,SPY
2019-02-14,3.78,3.85,3.74,3.82,827264000,NVDA
2019-02-14,40.4,40.77,40.33,40.66,87342800,AAPL
2019-02-14,98.84,99.75,98.24,99.39,21784700,MSFT
2019-02-14,20.23,20.45,20.07,20.25,78012000,TSLA
2019-02-15,246.61,247.55,246.41,247.51,97088700,SPY
2019-02-15,4.03,4.05,3.87,3.89,1516748000,NVDA
2019-02-15,40.77,40.88,40.41,40.57,98507200,AAPL
2019-02-15,100.33,100.69,99.82,100.62,26606900,MSFT
2019-02-15,20.3,20.53,20.26,20.53,58573500,TSLA
2019-02-19,246.72,248.59,246.71,247.94,59120800,SPY
2019-02-19,3.88,3.95,3.86,3.87,551892000,NVDA
2019-02-19,40.4,40.82,40.35,40.69,75891200,AAPL
2019-02-19,100.22,101.03,100.21,100.57,18038500,MSFT
2019-02-19,20.44,20.77,20.36,20.38,62526000,TSLA
2019-02-20,247.91,248.9,247.41,248.44,76610800,SPY
2019-02-20,3.9,3.99,3.89,3.92,540988000,NVDA
2019-02-20,40.76,41.26,40.71,40.96,104457600,AAPL
2019-02-20,100.71,100.79,99.25,100.05,21607700,MSFT
2019-02-20,20.29,20.42,19.93,20.17,107131500,TSLA
2019-02-21,247.81,248.17,246.6,247.56,64214700,SPY
2019-02-21,3.93,3.96,3.84,3.85,448548000,NVDA
2019-02-21,40.9,41.04,40.54,40.73,68998800,AAPL
2019-02-21,99.81,102.22,99.79,102.16,29063200,MSFT
2019-02-21,20.12,20.22,19.37,19.42,133638000,TSLA
2019-02-22,248.18,249.29,247.54,249.09,78114600,SPY
2019-02-22,3.9,3.96,3.89,3.94,401740000,NVDA
2019-02-22,40.85,41.19,40.8,41.18,75652800,AAPL
2019-02-22,102.76,103.83,102.54,103.61,27763200,MSFT
2019-02-22,19.63,19.77,19.47,19.65,86109000,TSLA
2019-02-25,250.51,251.03,249.35,249.43,69030700,SPY
2019-02-25,4.02,4.09,3.92,3.93,656020000,NVDA
2019-02-25,41.46,41.87,41.41,41.48,87493600,AAPL
2019-02-25,104.35,104.74,103.89,104.19,23750600,MSFT
2019-02-25,19.86,20.19,19.8,19.92,99397500,TSLA
2019-02-26,249.09,250.13,248.88,249.26,56844100,SPY
2019-02-26,3.92,3.98,3.85,3.89,488464000,NVDA
2019-02-26,41.36,41.74,41.23,41.5,68280800,AAPL
2019-02-26,103.89,105.73,103.8,104.91,21536700,MSFT
2019-02-26,19.48,20.13,19.25,19.86,128737500,TSLA
2019-02-27,248.54,249.5,247.61,249.15,56921600,SPY
2019-02-27,3.87,3.9,3.79,3.84,500256000,NVDA
2019-02-27,41.24,41.66,41.12,41.63,111341600,AAPL
2019-02-27,104.29,104.91,103.53,104.74,21487100,MSFT
2019-02-27,20.12,21.09,20.04,20.98,167758500,TSLA
2019-02-28,248.93,249.37,248.36,248.68,69268300,SPY
2019-02-28,3.84,3.86,3.8,3.82,324944000,NVDA
2019-02-28,41.5,41.64,41.17,41.22,112861600,AAPL
2019-02-28,104.61,105.4,104.32,104.6,29083900,MSFT
2019-02-28,21.26,21.33,20.72,21.33,157810500,TSLA
2019-03-01,250.25,250.65,248.81,250.24,78880500,SPY
2019-03-01,3.87,3.92,3.81,3.87,357188000,NVDA
2019-03-01,41.49,41.7,41.16,41.66,103544800,AAPL
2019-03-01,105.41,105.53,104.27,105.07,23501200,MSFT
2019-03-01,20.46,20.48,19.46,19.65,343671000,TSLA
2019-03-04,251.29,251.53,247.04,249.33,106494600,SPY
2019-03-04,3.91,3.93,3.83,3.88,409992000,NVDA
2019-03-04,41.83,42.32,41.42,41.87,109744800,AAPL
2019-03-04,105.53,105.74,103.46,104.82,26608000,MSFT
2019-03-04,19.87,19.93,18.85,19.02,256452000,TSLA
2019-03-05,249.45,249.65,248.44,248.99,59114600,SPY
2019-03-05,3.87,3.91,3.81,3.88,362924000,NVDA
2019-03-05,41.89,41.9,41.55,41.79,78949600,AAPL
2019-03-05,104.81,104.94,103.86,104.3,19538300,MSFT
2019-03-05,18.8,18.93,18.01,18.44,281470500,TSLA
2019-03-06,249.1,249.11,247.16,247.48,75039800,SPY
2019-03-06,3.87,3.87,3.76,3.76,403524000,NVDA
2019-03-06,41.59,41.78,41.41,41.55,83241600,AAPL
2019-03-06,104.46,105.19,104.04,104.34,17687000,MSFT
2019-03-06,18.43,18.77,18.29,18.42,155032500,TSLA
2019-03-07,247.03,247.18,244.57,245.41,94885100,SPY
2019-03-07,3.74,3.75,3.65,3.7,450104000,NVDA
2019-03-07,41.39,41.53,40.95,41.07,99185600,AAPL
2019-03-07,104.02,104.16,102.59,103.07,25339000,MSFT
2019-03-07,18.59,18.98,18.28,18.44,141637500,TSLA
2019-03-08,243.56,245.09,243.1,244.92,85795800,SPY
2019-03-08,3.61,3.74,3.59,3.73,422416000,NVDA
2019-03-08,40.55,41.2,40.35,41.17,95997600,AAPL
2019-03-08,101.92,103.37,101.59,103.19,22818400,MSFT
2019-03-08,18.46,19.04,18.39,18.94,132294000,TSLA
2019-03-11,245.63,248.63,245.61,248.47,65098900,SPY
2019-03-11,3.75,4.01,3.71,3.99,859728000,NVDA
2019-03-11,41.78,42.64,41.75,42.59,128044000,AAPL
2019-03-11,103.63,105.46,103.62,105.35,26491600,MSFT
2019-03-11,18.9,19.42,18.7,19.39,110884500,TSLA
2019-03-12,249.02,249.92,248.84,249.41,79667500,SPY
2019-03-12,4.02,4.07,3.94,4.02,579576000,NVDA
2019-03-12,42.85,43.49,42.7,43.07,129870400,AAPL
2019-03-12,105.34,106.43,105.18,106.09,26132700,MSFT
2019-03-12,19.1,19.2,18.74,18.89,112561500,TSLA
2019-03-13,250.29,251.99,250.13,251.06,80639200,SPY
2019-03-13,4.06,4.2,4.05,4.17,768900000,NVDA
2019-03-13,43.39,43.64,43.07,43.26,124130000,AAPL
2019-03-13,106.57,107.38,106.24,106.91,35513800,MSFT
2019-03-13,18.93,19.47,18.85,19.26,102670500,TSLA
2019-03-14,251.08,251.5,250.46,250.9,67518400,SPY
2019-03-14,4.18,4.2,4.09,4.1,519384000,NVDA
2019-03-14,43.78,43.83,43.46,43.74,94318000,AAPL
2019-03-14,106.95,107.56,106.75,106.99,30763400,MSFT
2019-03-14,19.5,19.69,19.22,19.33,106551000,TSLA
2019-03-15,251.45,252.94,251.26,252.14,81309000,SPY
2019-03-15,4.14,4.25,4.14,4.2,661484000,NVDA
2019-03-15,44.01,44.6,43.74,44.31,156171600,AAPL
2019-03-15,107.7,109.48,106.99,108.23,54681100,MSFT
2019-03-15,18.9,18.91,18.29,18.36,221782500,TSLA
2019-03-18,252.35,253.35,252.13,253.05,62199800,SPY
2019-03-18,4.24,4.29,4.16,4.18,486992000,NVDA
2019-03-18,44.24,44.85,44.23,44.76,104879200,AAPL
2019-03-18,108.47,109.81,108.36,109.78,31207600,MSFT
2019-03-18,18.4,18.54,17.82,17.97,154215000,TSLA
2019-03-19,254.11,254.87,252.23,253.11,90268100,SPY
2019-03-19,4.28,4.39,4.26,4.35,854972000,NVDA
2019-03-19,44.84,44.99,44.26,44.41,126585600,AAPL
2019-03-19,110.26,110.59,109.24,109.85,37588700,MSFT
2019-03-19,17.83,18.22,17.56,17.83,177009000,TSLA
2019-03-20,252.9,254.1,251.25,252.35,84609200,SPY
2019-03-20,4.38,4.43,4.28,4.32,719148000,NVDA
2019-03-20,44.34,45.11,43.98,44.8,124140800,AAPL
2019-03-20,109.61,110.88,108.97,109.73,28113300,MSFT
2019-03-20,17.98,18.33,17.75,18.24,103623000,TSLA
2019-03-21,251.54,255.61,251.49,255.2,79550400,SPY
2019-03-21,4.34,4.58,4.34,4.55,824312000,NVDA
2019-03-21,45.24,46.74,45.19,46.45,204136800,AAPL
2019-03-21,109.38,112.81,109.33,112.25,29854400,MSFT
2019-03-21,18.17,18.43,17.9,18.27,89206500,TSLA
2019-03-22,253.85,254.37,250.23,250.29,122659300,SPY
2019-03-22,4.53,4.58,4.38,4.39,747644000,NVDA
2019-03-22,46.51,47.07,45.42,45.49,169630800,AAPL
2019-03-22,111.58,111.66,109.28,109.29,33624500,MSFT
2019-03-22,18.17,18.19,17.6,17.64,131184000,TSLA
2019-03-25,249.95,251.13,248.85,250.1,85575200,SPY
2019-03-25,4.35,4.42,4.24,4.3,525212000,NVDA
2019-03-25,45.59,45.71,44.43,44.94,175381200,AAPL
2019-03-25,108.83,110.19,108.61,109.86,27067100,MSFT
2019-03-25,17.31,17.55,16.96,17.36,153225000,TSLA
2019-03-26,251.85,252.92,250.57,251.97,68125900,SPY
2019-03-26,4.44,4.5,4.32,4.38,703508000,NVDA
2019-03-26,45.63,45.92,43.94,44.47,199202000,AAPL
2019-03-26,110.76,110.84,109.11,110.09,26097700,MSFT
2019-03-26,17.63,18.02,17.63,17.85,110263500,TSLA
2019-03-27,251.96,252.54,249.11,250.65,72224700,SPY
2019-03-27,4.4,4.45,4.3,4.37,474372000,NVDA
2019-03-27,44.94,45.18,44.41,44.87,119393600,AAPL
2019-03-27,110.07,110.37,107.86,109.03,22733400,MSFT
2019-03-27,17.92,18.36,17.88,18.32,131688000,TSLA
2019-03-28,251.28,252.05,250.13,251.6,56238500,SPY
2019-03-28,4.4,4.45,4.34,4.39,480264000,NVDA
2019-03-28,44.99,45.13,44.65,44.93,83121600,AAPL
2019-03-28,109.66,109.79,108.43,109.18,18334800,MSFT
2019-03-28,18.48,18.69,18.34,18.57,101611500,TSLA
2019-03-29,253.1,253.51,251.98,253.19,82186800,SPY
2019-03-29,4.46,4.47,4.4,4.45,456896000,NVDA
2019-03-29,45.19,45.25,44.89,45.22,94256000,AAPL
2019-03-29,110.24,110.48,109.21,110.12,25399800,MSFT
2019-03-29,18.58,18.68,18.3,18.66,89869500,TSLA
2019-04-01,255.18,256.48,254.91,256.19,77617900,SPY
2019-04-01,4.54,4.54,4.47,4.51,483824000,NVDA
2019-04-01,45.63,45.64,44.85,45.53,111448000,AAPL
2019-04-01,111.07,111.22,110.27,111.13,22789100,MSFT
2019-04-01,18.84,19.28,18.75,19.28,121656000,TSLA
2019-04-02,256.38,256.55,255.52,256.31,40070400,SPY
2019-04-02,4.54,4.58,4.49,4.53,440920000,NVDA
2019-04-02,45.49,46.3,45.49,46.19,91062800,AAPL
2019-04-02,111.17,111.56,110.66,111.29,18142300,MSFT
2019-04-02,19.22,19.3,18.93,19.06,82183500,TSLA
2019-04-03,257.52,257.92,256.12,256.72,68243200,SPY
2019-04-03,4.58,4.73,4.58,4.67,783504000,NVDA
2019-04-03,46.01,46.78,45.99,46.51,93087200,AAPL
2019-04-03,111.92,112.45,111.25,112.02,22860700,MSFT
2019-04-03,19.15,19.74,19.14,19.45,118791000,TSLA
2019-04-04,257.04,257.65,256.35,257.4,48997500,SPY
2019-04-04,4.65,4.7,4.6,4.66,457376000,NVDA
2019-04-04,46.38,46.75,45.98,46.59,76457200,AAPL
2019-04-04,112.14,112.26,110.53,111.45,20112800,MSFT
2019-04-04,17.46,18.08,17.37,17.85,355810500,TSLA
2019-04-05,258.06,258.7,257.77,258.64,58621700,SPY
2019-04-05,4.7,4.75,4.67,4.73,481744000,NVDA
2019-04-05,46.77,46.93,46.65,46.9,74106400,AAPL
2019-04-05,111.48,112.26,111.46,111.94,15826200,MSFT
2019-04-05,17.99,18.41,17.74,18.33,195574500,TSLA
2019-04-08,258.22,258.95,257.57,258.84,53566300,SPY
2019-04-08,4.7,4.77,4.67,4.75,424192000,NVDA
2019-04-08,46.76,47.67,46.74,47.64,103526800,AAPL
2019-04-08,111.87,112.06,110.78,111.98,15116200,MSFT
2019-04-08,18.51,18.74,18.03,18.21,156156000,TSLA
2019-04-09,257.88,258.2,256.97,257.51,66142300,SPY
2019-04-09,4.72,4.73,4.64,4.69,439972000,NVDA
2019-04-09,47.69,48.29,47.43,47.5,143072800,AAPL
2019-04-09,110.77,111.62,110.72,111.37,17612000,MSFT
2019-04-09,18.11,18.33,17.97,18.15,88560000,TSLA
2019-04-10,257.93,258.48,257.51,258.39,52601500,SPY
2019-04-10,4.69,4.78,4.68,4.76,444772000,NVDA
2019-04-10,47.3,47.79,47.18,47.76,86781200,AAPL
2019-04-10,111.82,112.37,111.62,112.22,16477200,MSFT
2019-04-10,18.45,18.56,18.19,18.4,105919500,TSLA
2019-04-11,258.88,258.89,257.76,258.32,55093100,SPY
2019-04-11,4.76,4.79,4.69,4.74,374600000,NVDA
2019-04-11,47.82,47.85,47.24,47.37,83603200,AAPL
2019-04-11,112.55,112.84,111.97,112.35,14209100,MSFT
2019-04-11,17.89,18.03,17.71,17.89,147538500,TSLA
2019-04-12,259.93,260.35,258.37,260.07,69727800,SPY
2019-04-12,4.78,4.79,4.7,4.7,471708000,NVDA
2019-04-12,47.43,47.65,46.71,47.35,111042800,AAPL
2019-04-12,112.64,112.96,112.39,112.93,19745100,MSFT
2019-04-12,18.01,18.13,17.79,17.85,101190000,TSLA
2019-04-15,260.14,260.24,259.1,259.9,49596700,SPY
2019-04-15,4.7,4.7,4.53,4.57,440092000,NVDA
2019-04-15,47.28,47.58,47.14,47.43,70146400,AAPL
2019-04-15,112.92,113.52,112.58,113.03,15792600,MSFT
2019-04-15,17.91,17.93,17.24,17.76,150579000,TSLA
2019-04-16,260.78,260.83,259.48,260.07,52153200,SPY
2019-04-16,4.61,4.68,4.58,4.66,394964000,NVDA
2019-04-16,47.49,47.94,47.27,47.44,102785600,AAPL
2019-04-16,113.58,113.59,112.14,112.77,14071800,MSFT
2019-04-16,17.72,18.33,17.65,18.22,109093500,TSLA
2019-04-17,261.18,261.21,259.02,259.43,58268300,SPY
2019-04-17,4.69,4.72,4.61,4.64,351004000,NVDA
2019-04-17,47.51,48.42,47.28,48.36,115627200,AAPL
2019-04-17,113.2,113.77,112.55,113.7,19300900,MSFT
2019-04-17,18.32,18.32,17.9,18.08,76897500,TSLA
2019-04-18,260.01,260.21,258.72,259.94,68708500,SPY
2019-04-18,4.64,4.68,4.58,4.61,380988000,NVDA
2019-04-18,48.36,48.6,48.22,48.53,96783200,AAPL
2019-04-18,114.09,115.33,113.26,115.19,27991000,MSFT
2019-04-18,18.08,18.32,17.98,18.22,88144500,TSLA
2019-04-22,259.18,260.32,259.09,260.17,40160100,SPY
2019-04-22,4.59,4.68,4.56,4.67,279936000,NVDA
2019-04-22,48.29,48.79,48.17,48.69,77758000,AAPL
2019-04-22,114.49,115.78,114.45,115.56,15648700,MSFT
2019-04-22,17.93,17.98,17.5,17.52,182206500,TSLA
2019-04-23,260.53,262.74,260.3,262.51,52246600,SPY
2019-04-23,4.68,4.75,4.67,4.72,346856000,NVDA
2019-04-23,48.67,49.46,48.54,49.4,93292000,AAPL
2019-04-23,115.87,117.26,115.62,117.13,24025500,MSFT
2019-04-23,17.34,17.71,17.05,17.59,164158500,TSLA
2019-04-24,262.43,262.76,261.78,261.92,50392900,SPY
2019-04-24,4.73,4.77,4.67,4.73,318204000,NVDA
2019-04-24,49.37,49.63,49.29,49.32,70162400,AAPL
2019-04-24,117.45,117.51,116.27,116.72,31257000,MSFT
2019-04-24,17.59,17.69,17.2,17.24,160912500,TSLA
2019-04-25,261.83,262.42,260.58,261.76,57770900,SPY
2019-04-25,4.69,4.72,4.55,4.63,499296000,NVDA
2019-04-25,49.24,49.46,48.83,48.87,74172800,AAPL
2019-04-25,121.44,122.66,120.29,120.59,38033900,MSFT
2019-04-25,17.0,17.27,16.4,16.51,327741000,TSLA
2019-04-26,261.81,263.05,261.04,262.98,50916400,SPY
2019-04-26,4.47,4.48,4.29,4.41,868988000,NVDA
2019-04-26,48.78,48.81,48.12,48.64,74596400,AAPL
2019-04-26,121.1,121.87,120.47,121.28,23654900,MSFT
2019-04-26,16.43,16.45,15.41,15.68,335410500,TSLA
2019-04-29,263.07,263.91,262.98,263.39,57197700,SPY
2019-04-29,4.42,4.47,4.35,4.44,391920000,NVDA
2019-04-29,48.66,49.04,48.53,48.71,88818800,AAPL
2019-04-29,121.29,121.55,120.78,121.17,16324200,MSFT
2019-04-29,15.72,16.27,15.48,16.1,250717500,TSLA
2019-04-30,263.05,263.82,261.65,263.53,81111700,SPY
2019-04-30,4.41,4.51,4.39,4.48,362920000,NVDA
2019-04-30,48.34,48.43,47.4,47.78,186139600,AAPL
2019-04-30,121.21,122.04,120.81,121.94,24166500,MSFT
2019-04-30,16.14,16.28,15.8,15.91,141969000,TSLA
2019-05-01,264.16,264.36,261.54,261.55,71671900,SPY
2019-05-01,4.53,4.58,4.47,4.47,354280000,NVDA
2019-05-01,49.97,51.26,49.81,50.12,259309200,AAPL
2019-05-01,121.88,121.99,119.24,119.4,26821700,MSFT
2019-05-01,15.92,16.0,15.43,15.6,160566000,TSLA
2019-05-02,261.43,262.35,259.5,260.98,65030200,SPY
2019-05-02,4.48,4.58,4.43,4.54,394684000,NVDA
2019-05-02,49.96,50.63,49.55,49.79,127985200,AAPL
2019-05-02,119.5,119.52,117.2,117.84,27350200,MSFT
2019-05-02,16.37,16.48,15.85,16.27,272389500,TSLA
2019-05-03,262.45,263.82,261.09,263.54,56543700,SPY
2019-05-03,4.54,4.55,4.47,4.53,336824000,NVDA
2019-05-03,50.21,50.43,50.05,50.41,83569600,AAPL
2019-05-03,118.92,120.85,118.82,120.36,24911100,MSFT
2019-05-03,16.26,17.11,16.23,17.0,355602000,TSLA
2019-05-06,259.25,262.89,258.94,262.45,107198100,SPY
2019-05-06,4.35,4.47,4.31,4.45,422176000,NVDA
2019-05-06,48.64,49.72,48.45,49.63,129772400,AAPL
2019-05-06,118.01,120.04,117.75,119.66,24239800,MSFT
2019-05-06,16.67,17.22,16.57,17.02,162508500,TSLA
2019-05-07,260.06,260.65,256.17,258.07,144729900,SPY
2019-05-07,4.4,4.4,4.24,4.29,555220000,NVDA
2019-05-07,49.02,49.38,47.81,48.3,155054800,AAPL
2019-05-07,118.08,118.75,115.99,117.2,36017700,MSFT
2019-05-07,17.12,17.15,16.34,16.47,151971000,TSLA
2019-05-08,257.71,259.41,257.12,257.71,91568300,SPY
2019-05-08,4.26,4.39,4.25,4.31,419168000,NVDA
2019-05-08,48.07,48.89,48.03,48.31,105358000,AAPL
2019-05-08,117.13,117.99,116.48,117.19,28419000,MSFT
2019-05-08,16.46,16.71,16.28,16.32,92646000,TSLA
2019-05-09,255.65,257.53,253.92,256.93,103471100,SPY
2019-05-09,4.24,4.25,4.1,4.21,660248000,NVDA
2019-05-09,47.71,48.02,46.82,47.79,139634400,AAPL
2019-05-09,116.05,117.45,115.38,117.18,27235800,MSFT
2019-05-09,16.13,16.25,15.8,16.13,100671000,TSLA
2019-05-10,256.0,258.98,253.02,258.22,112429300,SPY
2019-05-10,4.18,4.25,4.06,4.18,569500000,NVDA
2019-05-10,47.18,47.52,46.07,47.13,164834800,AAPL
2019-05-10,116.63,119.45,115.61,118.7,30915100,MSFT
2019-05-10,15.98,16.13,15.73,15.97,105124500,TSLA
2019-05-13,253.13,254.09,250.9,251.73,127290500,SPY
2019-05-13,4.05,4.07,3.91,3.92,656912000,NVDA
2019-05-13,44.86,45.28,43.7,44.39,229722400,AAPL
2019-05-13,115.88,117.23,114.88,115.17,33944900,MSFT
2019-05-13,15.47,15.5,14.97,15.13,162522000,TSLA
2019-05-14,252.75,255.53,252.62,254.01,77003200,SPY
2019-05-14,3.96,4.05,3.92,4.01,524880000,NVDA
2019-05-14,44.55,45.34,44.31,45.09,146118800,AAPL
2019-05-14,115.66,117.54,115.5,116.46,25266300,MSFT
2019-05-14,15.29,15.63,15.2,15.49,108786000,TSLA
2019-05-15,252.39,256.13,252.18,255.5,73956400,SPY
2019-05-15,3.96,3.99,3.9,3.95,502320000,NVDA
2019-05-15,44.52,45.83,44.46,45.63,106178800,AAPL
2019-05-15,116.45,118.75,115.93,118.1,24722700,MSFT
2019-05-15,15.29,15.5,15.02,15.46,109440000,TSLA
2019-05-16,256.2,259.22,256.13,257.86,76749600,SPY
2019-05-16,3.95,4.01,3.9,3.97,781088000,NVDA
2019-05-16,45.39,46.0,45.13,45.43,132125600,AAPL
2019-05-16,118.79,121.25,118.52,120.83,30112200,MSFT
2019-05-16,15.3,15.4,15.1,15.22,112249500,TSLA
2019-05-17,255.57,258.67,255.55,256.2,100353000,SPY
2019-05-17,3.92,4.05,3.84,3.88,1022068000,NVDA
2019-05-17,44.68,45.62,44.63,45.17,131516400,AAPL
2019-05-17,120.25,122.26,119.88,120.02,25770500,MSFT
2019-05-17,14.8,14.82,13.93,14.07,266800500,TSLA
2019-05-20,254.6,256.3,253.76,254.5,62877600,SPY
2019-05-20,3.78,3.83,3.73,3.76,572064000,NVDA
2019-05-20,43.86,44.06,43.09,43.76,154449200,AAPL
2019-05-20,118.57,119.57,117.86,118.29,23706900,MSFT
2019-05-20,13.52,13.73,13.02,13.69,307893000,TSLA
2019-05-21,256.19,257.17,255.94,256.8,46847100,SPY
2019-05-21,3.82,3.86,3.78,3.84,361848000,NVDA
2019-05-21,44.27,44.93,44.14,44.6,113459200,AAPL
2019-05-21,119.42,119.52,118.63,118.93,15293300,MSFT
2019-05-21,13.18,13.83,13.07,13.67,270058500,TSLA
2019-05-22,255.85,256.96,255.53,256.01,49482500,SPY
2019-05-22,3.8,3.83,3.76,3.77,325868000,NVDA
2019-05-22,44.13,44.38,43.63,43.68,118994400,AAPL
2019-05-22,118.67,120.18,118.57,119.65,15396500,MSFT
2019-05-22,13.27,13.6,12.79,12.85,280278000,TSLA
2019-05-23,253.79,253.84,251.47,252.88,98733800,SPY
2019-05-23,3.71,3.71,3.59,3.65,591844000,NVDA
2019-05-23,42.97,43.15,42.5,42.94,146118800,AAPL
2019-05-23,118.27,118.36,116.9,118.25,23603800,MSFT
2019-05-23,12.96,13.3,12.41,13.03,398206500,TSLA
2019-05-24,254.31,254.73,252.84,253.45,55268100,SPY
2019-05-24,3.67,3.7,3.59,3.59,357584000,NVDA
2019-05-24,43.07,43.53,42.69,42.77,94858800,AAPL
2019-05-24,118.94,119.41,118.06,118.31,14123400,MSFT
2019-05-24,13.32,13.33,12.58,12.71,212049000,TSLA
2019-05-28,253.73,254.68,251.08,251.1,70029400,SPY
2019-05-28,3.61,3.64,3.55,3.55,428356000,NVDA
2019-05-28,42.76,43.16,42.52,42.6,111792800,AAPL
2019-05-28,119.0,119.96,118.13,118.23,23128400,MSFT
2019-05-28,12.75,13.0,12.52,12.58,154693500,TSLA
2019-05-29,249.99,250.39,248.01,249.41,104972900,SPY
2019-05-29,3.5,3.54,3.44,3.47,559800000,NVDA
2019-05-29,42.16,42.86,42.06,42.39,113924800,AAPL
2019-05-29,117.5,117.51,116.25,117.09,22763100,MSFT
2019-05-29,12.47,12.83,12.34,12.66,179529000,TSLA
2019-05-30,250.16,251.0,249.0,250.09,62523800,SPY
2019-05-30,3.48,3.51,3.41,3.45,394300000,NVDA
2019-05-30,42.53,42.84,42.22,42.61,84873600,AAPL
2019-05-30,117.39,117.86,116.94,117.83,16829600,MSFT
2019-05-30,12.58,12.82,12.47,12.55,118897500,TSLA
2019-05-31,247.56,248.38,246.7,246.72,86862800,SPY
2019-05-31,3.4,3.47,3.36,3.36,389720000,NVDA
2019-05-31,42.12,42.54,41.82,41.84,108174400,AAPL
2019-05-31,116.43,116.79,115.57,115.91,26646800,MSFT
2019-05-31,12.34,12.66,12.27,12.34,156100500,TSLA
2019-06-03,246.76,247.87,244.77,246.1,96428000,SPY
2019-06-03,3.37,3.41,3.29,3.32,478644000,NVDA
2019-06-03,41.97,42.52,40.69,41.42,161584400,AAPL
2019-06-03,116.07,116.56,111.53,112.31,37983600,MSFT
2019-06-03,12.37,12.45,11.8,11.93,195966000,TSLA
2019-06-04,248.38,251.57,247.93,251.44,77231900,SPY
2019-06-04,3.38,3.55,3.36,3.54,641836000,NVDA
2019-06-04,41.93,42.98,41.71,42.93,123872000,AAPL
2019-06-04,113.66,115.53,113.07,115.42,29382600,MSFT
2019-06-04,12.07,12.93,11.97,12.91,207112500,TSLA
2019-06-05,253.05,253.64,251.25,253.62,71169700,SPY
2019-06-05,3.62,3.62,3.47,3.5,511616000,NVDA
2019-06-05,44.04,44.21,43.29,43.63,119093600,AAPL
2019-06-05,117.1,117.96,116.41,117.92,24926100,MSFT
2019-06-05,13.25,13.42,12.79,13.11,202662000,TSLA
2019-06-06,253.91,255.94,253.27,255.26,69430400,SPY
2019-06-06,3.51,3.59,3.5,3.56,408140000,NVDA
2019-06-06,43.76,44.33,43.53,44.27,90105200,AAPL
2019-06-06,118.5,119.93,117.71,119.79,21459000,MSFT
2019-06-06,13.63,14.07,13.45,13.73,303633000,TSLA
2019-06-07,256.28,258.89,256.11,257.82,74272200,SPY
2019-06-07,3.57,3.64,3.55,3.61,348856000,NVDA
2019-06-07,44.58,45.87,44.4,45.45,122737600,AAPL
2019-06-07,121.07,123.94,120.2,123.14,33885600,MSFT
2019-06-07,13.67,14.06,13.57,13.63,240052500,TSLA
2019-06-10,259.36,260.66,258.91,259.0,60799100,SPY
2019-06-10,3.66,3.75,3.66,3.68,402780000,NVDA
2019-06-10,45.84,46.69,45.8,46.03,104883600,AAPL
2019-06-10,124.08,125.66,123.71,124.27,26477100,MSFT
2019-06-10,14.02,14.46,13.93,14.19,158775000,TSLA
2019-06-11,260.81,261.18,258.29,258.94,58641300,SPY
2019-06-11,3.74,3.78,3.7,3.74,383872000,NVDA
2019-06-11,46.57,46.84,46.27,46.56,107731600,AAPL
2019-06-11,125.47,125.81,123.03,123.8,23913700,MSFT
2019-06-11,14.61,14.73,14.23,14.47,174802500,TSLA
2019-06-12,258.71,259.26,257.97,258.48,47096300,SPY
2019-06-12,3.69,3.7,3.61,3.62,358892000,NVDA
2019-06-12,46.35,46.84,46.22,46.41,73012800,AAPL
2019-06-12,123.14,123.68,122.5,123.23,17092500,MSFT
2019-06-12,14.86,14.89,13.93,13.95,227962500,TSLA
2019-06-13,259.39,259.91,258.69,259.55,48945200,SPY
2019-06-13,3.65,3.69,3.63,3.68,308080000,NVDA
2019-06-13,46.53,47.03,46.27,46.4,86698400,AAPL
2019-06-13,123.69,124.64,123.29,124.01,17200800,MSFT
2019-06-13,14.03,14.33,13.83,14.26,122524500,TSLA
2019-06-14,259.26,259.86,258.5,259.26,52324700,SPY
2019-06-14,3.58,3.61,3.54,3.59,394428000,NVDA
2019-06-14,45.78,46.27,45.48,46.06,75046000,AAPL
2019-06-14,123.95,125.38,123.37,124.13,17821700,MSFT
2019-06-14,14.08,14.44,14.03,14.33,111501000,TSLA
2019-06-17,259.5,260.12,259.19,259.36,39205700,SPY
2019-06-17,3.58,3.63,3.56,3.59,276040000,NVDA
2019-06-17,46.1,46.59,45.93,46.34,58676400,AAPL
2019-06-17,124.3,125.33,124.2,124.5,14517800,MSFT
2019-06-17,14.37,15.13,14.28,15.0,184752000,TSLA
2019-06-18,261.17,263.13,260.81,262.08,85434800,SPY
2019-06-18,3.66,3.84,3.65,3.79,581920000,NVDA
2019-06-18,46.86,47.87,46.65,47.43,106204000,AAPL
2019-06-18,125.76,126.74,125.18,126.67,25934500,MSFT
2019-06-18,15.25,15.65,14.84,14.98,190737000,TSLA
2019-06-19,262.21,263.2,261.24,262.67,78674400,SPY
2019-06-19,3.82,3.84,3.77,3.8,331644000,NVDA
2019-06-19,47.72,47.77,47.16,47.29,84496800,AAPL
2019-06-19,126.52,127.39,125.4,127.17,23744400,MSFT
2019-06-19,15.01,15.18,14.74,15.1,98626500,TSLA
2019-06-20,265.34,265.58,262.73,265.18,116570000,SPY
2019-06-20,3.89,3.9,3.81,3.82,350168000,NVDA
2019-06-20,47.89,47.95,47.33,47.67,86056000,AAPL
2019-06-20,128.81,129.01,127.19,128.35,33042600,MSFT
2019-06-20,14.87,15.13,14.42,14.64,177952500,TSLA
2019-06-21,264.91,266.16,264.58,264.79,83309500,SPY
2019-06-21,3.8,3.85,3.76,3.76,434428000,NVDA
2019-06-21,47.51,48.0,47.36,47.51,191202400,AAPL
2019-06-21,128.0,129.08,127.89,128.36,36727900,MSFT
2019-06-21,14.41,14.81,14.37,14.79,123031500,TSLA
2019-06-24,265.0,265.31,264.31,264.47,47582700,SPY
2019-06-24,3.78,3.81,3.74,3.78,282948000,NVDA
2019-06-24,47.45,47.84,47.36,47.46,72881600,AAPL
2019-06-24,128.39,129.71,128.39,129.12,20628800,MSFT
2019-06-24,14.88,15.06,14.73,14.91,86262000,TSLA
2019-06-25,264.52,264.55,261.77,261.87,82028700,SPY
2019-06-25,3.79,3.86,3.75,3.75,311868000,NVDA
2019-06-25,47.42,47.62,46.67,46.74,84281200,AAPL
2019-06-25,128.63,128.95,124.39,125.05,33327400,MSFT
2019-06-25,14.96,15.02,14.63,14.65,92731500,TSLA
2019-06-26,262.77,263.27,261.5,261.61,51584900,SPY
2019-06-26,3.88,4.01,3.87,3.95,584072000,NVDA
2019-06-26,47.27,48.04,47.17,47.75,104270000,AAPL
2019-06-26,125.91,127.21,125.21,125.52,23657700,MSFT
2019-06-26,14.69,15.15,14.54,14.62,127608000,TSLA
2019-06-27,262.37,263.04,261.99,262.54,40355200,SPY
2019-06-27,4.03,4.07,4.0,4.05,445440000,NVDA
2019-06-27,47.87,48.17,47.7,47.74,83598800,AAPL
2019-06-27,125.71,126.25,125.12,125.72,16557500,MSFT
2019-06-27,14.63,14.86,14.49,14.86,95095500,TSLA
2019-06-28,263.51,264.39,263.0,263.89,59350900,SPY
2019-06-28,4.09,4.1,4.02,4.07,397668000,NVDA
2019-06-28,47.48,47.68,47.09,47.3,124442400,AAPL
2019-06-28,126.12,126.14,124.79,125.54,30043000,MSFT
2019-06-28,14.73,15.01,14.72,14.9,102771000,TSLA
2019-07-01,267.21,267.42,265.09,266.29,78705600,SPY
2019-07-01,4.28,4.31,4.08,4.12,709756000,NVDA
2019-07-01,48.56,48.87,47.95,48.17,109012000,AAPL
2019-07-01,128.05,128.11,126.49,127.16,22613500,MSFT
2019-07-01,15.35,15.54,15.09,15.14,123201000,TSLA
2019-07-02,266.24,267.03,265.4,266.98,61504500,SPY
2019-07-02,4.1,4.12,4.01,4.02,400228000,NVDA
2019-07-02,48.14,48.55,48.12,48.45,67740800,AAPL
2019-07-02,127.57,128.01,126.84,128.0,15237800,MSFT
2019-07-02,15.26,15.28,14.81,14.97,138885000,TSLA
2019-07-03,267.66,269.13,267.51,269.12,40898900,SPY
2019-07-03,4.04,4.05,3.97,4.03,246636000,NVDA
2019-07-03,48.58,48.86,48.44,48.85,45448000,AAPL
2019-07-03,128.21,129.09,127.73,128.82,13629300,MSFT
2019-07-03,15.96,16.1,15.63,15.66,213016500,TSLA
2019-07-05,267.89,268.97,266.6,268.81,51677300,SPY
2019-07-05,3.98,3.98,3.91,3.97,396552000,NVDA
2019-07-05,48.6,49.01,48.49,48.81,69062000,AAPL
2019-07-05,127.4,128.7,127.19,128.45,18141100,MSFT
2019-07-05,15.64,15.7,15.39,15.54,105985500,TSLA
2019-07-08,267.5,268.63,266.79,267.33,45841800,SPY
2019-07-08,3.91,3.93,3.87,3.9,329788000,NVDA
2019-07-08,47.99,48.13,47.42,47.8,101354400,AAPL
2019-07-08,127.83,128.49,126.87,128.36,16779700,MSFT
2019-07-08,15.42,15.48,15.24,15.36,88207500,TSLA
2019-07-09,266.18,267.96,266.13,267.67,41101300,SPY
2019-07-09,3.85,3.93,3.84,3.9,342860000,NVDA
2019-07-09,47.61,48.16,47.51,48.1,82312000,AAPL
2019-07-09,127.46,128.36,127.27,127.89,19953100,MSFT
2019-07-09,15.26,15.4,15.15,15.34,92862000,TSLA
2019-07-10,268.73,269.89,268.2,268.94,58448500,SPY
2019-07-10,3.94,4.02,3.93,3.97,452076000,NVDA
2019-07-10,48.24,48.69,48.17,48.57,71588400,AAPL
2019-07-10,128.51,129.87,128.41,129.19,24204400,MSFT
2019-07-10,15.61,15.93,15.54,15.93,137185500,TSLA
2019-07-11,269.58,269.82,268.57,269.57,50826100,SPY
2019-07-11,4.04,4.16,4.0,4.12,682560000,NVDA
2019-07-11,48.59,48.85,48.21,48.22,80767200,AAPL
2019-07-11,129.52,130.47,129.21,129.71,22327900,MSFT
2019-07-11,15.88,16.1,15.72,15.91,112716000,TSLA
2019-07-12,270.06,270.85,269.75,270.78,40326000,SPY
2019-07-12,4.15,4.23,4.15,4.15,506392000,NVDA
2019-07-12,48.38,48.76,48.33,48.59,70380800,AAPL
2019-07-12,130.13,130.39,129.34,130.17,18936800,MSFT
2019-07-12,15.98,16.36,15.98,16.34,138007500,TSLA
2019-07-15,271.21,271.21,270.37,270.87,33900000,SPY
2019-07-15,4.18,4.19,4.12,4.15,289840000,NVDA
2019-07-15,48.78,49.2,48.76,49.04,67789600,AAPL
2019-07-15,130.68,130.77,129.76,130.17,16651500,MSFT
2019-07-15,16.53,16.96,16.32,16.9,165001500,TSLA
2019-07-16,270.78,270.99,269.69,270.0,36650100,SPY
2019-07-16,4.13,4.17,4.09,4.14,341444000,NVDA
2019-07-16,48.9,49.26,48.64,48.87,67467200,AAPL
2019-07-16,130.23,130.31,127.94,128.47,22726100,MSFT
2019-07-16,16.62,16.9,16.53,16.83,122235000,TSLA
2019-07-17,269.97,270.13,268.16,268.16,36036300,SPY
2019-07-17,4.14,4.21,4.11,4.21,348204000,NVDA
2019-07-17,48.77,49.02,48.58,48.6,56430000,AAPL
2019-07-17,129.05,129.26,127.66,127.71,20211000,MSFT
2019-07-17,17.04,17.22,16.89,16.99,146470500,TSLA
2019-07-18,267.67,269.52,267.22,269.14,51392600,SPY
2019-07-18,4.22,4.28,4.16,4.22,442192000,NVDA
2019-07-18,48.76,49.2,48.68,49.15,74162400,AAPL
2019-07-18,127.03,128.04,126.21,127.85,30381800,MSFT
2019-07-18,17.0,17.05,16.79,16.9,71379000,TSLA
2019-07-19,270.23,270.26,267.48,267.65,58678600,SPY
2019-07-19,4.26,4.26,4.17,4.18,344896000,NVDA
2019-07-19,49.18,49.35,48.36,48.42,83717200,AAPL
2019-07-19,131.41,131.83,127.88,128.04,48992400,MSFT
2019-07-19,17.05,17.33,16.97,17.21,105726000,TSLA
2019-07-22,268.04,268.85,267.53,268.3,43638100,SPY
2019-07-22,4.2,4.26,4.19,4.25,315940000,NVDA
2019-07-22,48.67,49.53,48.66,49.52,89111600,AAPL
2019-07-22,128.78,130.45,128.7,129.73,25074900,MSFT
2019-07-22,17.25,17.48,16.95,17.05,102636000,TSLA
2019-07-23,269.42,270.22,268.59,270.22,44564500,SPY
2019-07-23,4.29,4.36,4.27,4.35,428176000,NVDA
2019-07-23,49.82,49.93,49.54,49.91,73420800,AAPL
2019-07-23,130.98,131.2,129.36,130.54,18034600,MSFT
2019-07-23,17.11,17.37,16.97,17.34,75346500,TSLA
2019-07-24,269.47,271.49,269.38,271.49,47213200,SPY
2019-07-24,4.4,4.43,4.32,4.43,366236000,NVDA
2019-07-24,49.63,49.99,49.51,49.87,59966400,AAPL
2019-07-24,130.17,131.9,130.13,131.88,20738300,MSFT
2019-07-24,17.28,17.74,17.21,17.66,166092000,TSLA
2019-07-25,271.04,271.1,269.39,270.2,55394100,SPY
2019-07-25,4.39,4.4,4.27,4.3,392700000,NVDA
2019-07-25,49.92,50.01,49.41,49.48,55638400,AAPL
2019-07-25,131.61,131.78,130.57,131.38,18356900,MSFT
2019-07-25,15.57,15.63,15.04,15.25,336274500,TSLA
2019-07-26,270.88,272.2,270.75,272.01,45084100,SPY
2019-07-26,4.32,4.39,4.32,4.34,274160000,NVDA
2019-07-26,49.59,50.12,49.51,49.65,70475600,AAPL
2019-07-26,131.55,132.78,131.49,132.46,19037600,MSFT
2019-07-26,15.13,15.35,14.82,15.2,150415500,TSLA
2019-07-29,271.89,272.01,270.96,271.51,38126500,SPY
2019-07-29,4.33,4.35,4.25,4.33,248160000,NVDA
2019-07-29,49.82,50.34,49.82,50.11,86693600,AAPL
2019-07-29,132.61,132.62,130.61,132.17,16605900,MSFT
2019-07-29,15.14,15.73,15.07,15.72,139099500,TSLA
2019-07-30,270.12,271.25,269.74,270.84,45849000,SPY
2019-07-30,4.29,4.36,4.27,4.35,197772000,NVDA
2019-07-30,49.89,50.23,49.55,49.9,135742800,AAPL
2019-07-30,131.34,132.35,131.02,131.53,16846500,MSFT
2019-07-30,15.53,16.22,15.48,16.15,121635000,TSLA
2019-07-31,271.09,271.28,265.87,267.88,104245200,SPY
2019-07-31,4.32,4.32,4.14,4.18,359416000,NVDA
2019-07-31,51.72,52.91,50.5,50.92,277125600,AAPL
2019-07-31,131.51,131.66,126.59,127.71,38598800,MSFT
2019-07-31,16.2,16.45,15.78,16.11,137673000,TSLA
2019-08-01,268.03,270.98,264.76,265.55,142646600,SPY
2019-08-01,4.19,4.28,4.04,4.09,421212000,NVDA
2019-08-01,51.12,52.11,49.41,49.81,216071600,AAPL
2019-08-01,128.39,132.09,128.33,129.39,40557500,MSFT
2019-08-01,16.18,16.3,15.45,15.59,123892500,TSLA
2019-08-02,264.66,264.9,262.0,263.55,116749700,SPY
2019-08-02,4.0,4.06,3.95,4.0,428348000,NVDA
2019-08-02,49.12,49.34,48.19,48.76,163448400,AAPL
2019-08-02,129.41,129.63,126.76,128.3,30791600,MSFT
2019-08-02,15.42,15.75,15.28,15.62,92047500,TSLA
2019-08-05,259.47,259.58,253.73,255.62,178745400,SPY
2019-08-05,3.81,3.81,3.69,3.74,589156000,NVDA
2019-08-05,47.32,47.48,46.03,46.21,209572000,AAPL
2019-08-05,124.93,125.52,122.56,123.9,42749600,MSFT
2019-08-05,15.31,15.42,15.05,15.22,105424500,TSLA
2019-08-06,257.51,259.42,256.04,259.21,120711700,SPY
2019-08-06,3.81,3.86,3.73,3.78,361272000,NVDA
2019-08-06,46.92,47.34,46.37,47.08,143299200,AAPL
2019-08-06,125.39,127.16,124.84,126.23,32696700,MSFT
2019-08-06,15.46,15.5,15.05,15.38,83463000,TSLA
2019-08-07,256.15,260.13,254.02,259.36,140572300,SPY
2019-08-07,3.72,3.83,3.7,3.81,372560000,NVDA
2019-08-07,46.7,47.69,46.32,47.57,133457600,AAPL
2019-08-07,125.38,127.13,123.55,126.78,33414500,MSFT
2019-08-07,15.1,15.57,15.05,15.56,71647500,TSLA
2019-08-08,260.85,264.45,260.3,264.45,87713900,SPY
2019-08-08,3.87,3.92,3.81,3.92,309300000,NVDA
2019-08-08,47.85,48.64,47.65,48.62,108038000,AAPL
2019-08-08,128.02,130.26,127.39,130.16,27496500,MSFT
2019-08-08,15.63,15.99,15.51,15.89,79114500,TSLA
2019-08-09,263.51,264.11,260.87,262.65,93730000,SPY
2019-08-09,3.88,3.89,3.77,3.82,341816000,NVDA
2019-08-09,48.29,48.64,47.81,48.22,98478800,AAPL
2019-08-09,129.9,130.62,127.89,129.06,23466700,MSFT
2019-08-09,15.74,15.93,15.59,15.67,58473000,TSLA
2019-08-12,261.15,262.64,258.51,259.45,65527600,SPY
2019-08-12,3.77,3.82,3.73,3.75,279200000,NVDA
2019-08-12,47.89,48.47,47.78,48.1,89927600,AAPL
2019-08-12,128.46,129.2,126.74,127.26,20484300,MSFT
2019-08-12,15.53,15.72,15.25,15.27,69958500,TSLA
2019-08-13,259.15,264.93,258.81,263.49,94299800,SPY
2019-08-13,3.75,3.91,3.71,3.87,351956000,NVDA
2019-08-13,48.23,50.89,48.1,50.13,188874000,AAPL
2019-08-13,127.5,130.08,126.52,129.89,25154600,MSFT
2019-08-13,15.25,15.73,15.17,15.67,72721500,TSLA
2019-08-14,259.45,260.05,255.57,255.7,135622100,SPY
2019-08-14,3.78,3.79,3.68,3.72,419880000,NVDA
2019-08-14,48.74,49.53,48.6,48.64,146189600,AAPL
2019-08-14,128.22,128.75,125.69,125.98,32527300,MSFT
2019-08-14,15.41,15.43,14.45,14.64,143439000,TSLA
2019-08-15,256.58,257.26,254.34,256.37,99556600,SPY
2019-08-15,3.74,3.76,3.65,3.69,477200000,NVDA
2019-08-15,48.81,49.21,47.9,48.4,108909600,AAPL
2019-08-15,126.37,126.55,124.35,125.7,28074400,MSFT
2019-08-15,14.72,14.77,14.1,14.38,122394000,TSLA
2019-08-16,258.02,260.59,256.42,260.15,83018300,SPY
2019-08-16,3.95,4.0,3.89,3.96,1007960000,NVDA
2019-08-16,49.01,49.7,48.9,49.54,110481600,AAPL
2019-08-16,126.83,128.31,126.68,128.0,24449100,MSFT
2019-08-16,14.44,14.82,14.4,14.66,76477500,TSLA
2019-08-19,263.16,263.96,262.49,263.29,53571800,SPY
2019-08-19,4.07,4.25,4.05,4.23,815112000,NVDA
2019-08-19,50.53,51.03,50.39,50.46,97654400,AAPL
2019-08-19,129.62,130.28,128.72,130.15,24355700,MSFT
2019-08-19,14.95,15.19,14.78,15.12,79644000,TSLA
2019-08-20,262.78,263.32,261.14,261.27,51596400,SPY
2019-08-20,4.23,4.23,4.14,4.16,463188000,NVDA
2019-08-20,50.59,51.18,50.46,50.47,107537200,AAPL
2019-08-20,129.96,130.43,129.05,129.07,21170800,MSFT
2019-08-20,15.17,15.27,14.97,15.06,61878000,TSLA
2019-08-21,263.42,263.77,262.74,263.4,49524700,SPY
2019-08-21,4.23,4.3,4.21,4.24,427244000,NVDA
2019-08-21,51.1,51.26,50.76,51.01,86141600,AAPL
2019-08-21,130.28,131.16,129.76,130.5,14970300,MSFT
2019-08-21,14.8,14.88,14.51,14.72,116914500,TSLA
2019-08-22,264.1,264.73,261.55,263.32,51666400,SPY
2019-08-22,4.25,4.3,4.21,4.25,303488000,NVDA
2019-08-22,51.15,51.45,50.56,50.97,89014800,AAPL
2019-08-22,130.38,130.89,128.15,129.55,18697000,MSFT
2019-08-22,14.85,15.03,14.55,14.81,98385000,TSLA
2019-08-23,262.02,263.68,255.31,256.55,149161500,SPY
2019-08-23,4.17,4.23,4.01,4.03,568056000,NVDA
2019-08-23,50.24,50.87,48.22,48.61,187272000,AAPL
2019-08-23,129.0,130.09,124.87,125.43,38508600,MSFT
2019-08-23,14.66,14.74,14.07,14.09,128079000,TSLA
2019-08-26,258.73,259.39,257.21,259.39,72423800,SPY
2019-08-26,4.11,4.13,4.06,4.1,318208000,NVDA
2019-08-26,49.39,49.71,49.19,49.54,104174400,AAPL
2019-08-26,126.93,127.47,125.91,127.36,20312600,MSFT
2019-08-26,14.24,14.33,14.1,14.33,75778500,TSLA
2019-08-27,260.78,261.14,257.61,258.37,66668900,SPY
2019-08-27,4.14,4.14,3.98,4.01,290968000,NVDA
2019-08-27,49.87,50.03,48.83,48.98,103493200,AAPL
2019-08-27,128.25,128.56,126.62,127.64,23102100,MSFT
2019-08-27,14.38,14.59,14.14,14.27,81243000,TSLA
2019-08-28,257.71,260.35,256.91,260.19,59696700,SPY
2019-08-28,3.98,4.05,3.95,4.0,255612000,NVDA
2019-08-28,48.96,49.35,48.78,49.31,63755200,AAPL
2019-08-28,126.83,127.65,125.58,127.47,17393300,MSFT
2019-08-28,14.25,14.48,14.15,14.37,48382500,TSLA
2019-08-29,262.74,264.04,261.74,263.51,57899400,SPY
2019-08-29,4.09,4.18,4.09,4.14,357976000,NVDA
2019-08-29,50.02,50.22,49.58,50.14,83962000,AAPL
2019-08-29,129.06,130.17,128.74,129.87,20168700,MSFT
2019-08-29,14.6,14.89,14.53,14.78,77692500,TSLA
2019-08-30,264.99,265.01,262.47,263.4,62901200,SPY
2019-08-30,4.19,4.24,4.14,4.16,290616000,NVDA
2019-08-30,50.42,50.49,49.71,50.08,84573600,AAPL
2019-08-30,130.84,130.87,128.13,129.63,23940100,MSFT
2019-08-30,15.28,15.5,14.95,15.04,139809000,TSLA
2019-09-03,261.7,262.61,260.53,261.86,69101400,SPY
2019-09-03,4.08,4.12,4.05,4.07,296140000,NVDA
2019-09-03,49.52,49.66,48.99,49.35,80092000,AAPL
2019-09-03,128.45,129.01,127.6,127.92,18869300,MSFT
2019-09-03,14.94,15.26,14.88,15.0,80311500,TSLA
2019-09-04,264.02,264.85,263.27,264.83,46887300,SPY
2019-09-04,4.13,4.19,4.13,4.19,227728000,NVDA
2019-09-04,49.99,50.26,49.74,50.19,76752400,AAPL
2019-09-04,129.1,129.47,128.33,129.41,17995900,MSFT
2019-09-04,15.13,15.23,14.61,14.71,86415000,TSLA
2019-09-05,267.3,269.14,264.79,268.23,83258100,SPY
2019-09-05,4.29,4.47,4.29,4.46,695676000,NVDA
2019-09-05,50.86,51.33,50.74,51.17,95654800,AAPL
2019-09-05,130.8,132.0,130.48,131.69,26101800,MSFT
2019-09-05,14.83,15.32,14.72,15.31,110929500,TSLA
2019-09-06,268.55,269.08,267.87,268.44,49584300,SPY
2019-09-06,4.44,4.49,4.39,4.43,376976000,NVDA
2019-09-06,51.35,51.44,50.98,51.16,77449200,AAPL
2019-09-06,131.67,131.81,129.95,130.8,20824500,MSFT
2019-09-06,15.15,15.31,15.01,15.16,62841000,TSLA
2019-09-09,269.42,269.51,267.64,268.57,51260300,SPY
2019-09-09,4.46,4.56,4.46,4.48,417524000,NVDA
2019-09-09,51.54,51.92,50.64,51.38,109237600,AAPL
2019-09-09,131.26,131.41,128.31,129.31,25773900,MSFT
2019-09-09,15.33,15.58,15.28,15.45,72040500,TSLA
2019-09-10,267.82,268.57,266.57,268.51,57947100,SPY
2019-09-10,4.45,4.57,4.44,4.55,352812000,NVDA
2019-09-10,51.31,52.01,50.79,51.99,127111600,AAPL
2019-09-10,128.63,128.72,126.48,127.96,28903400,MSFT
2019-09-10,15.39,15.7,15.26,15.7,73255500,TSLA
2019-09-11,268.82,270.5,268.17,270.42,68821100,SPY
2019-09-11,4.56,4.62,4.53,4.57,361512000,NVDA
2019-09-11,52.32,53.67,52.23,53.64,177158400,AAPL
2019-09-11,127.8,128.13,127.02,127.99,24726100,MSFT
2019-09-11,15.83,16.54,15.73,16.47,150642000,TSLA
2019-09-12,271.32,272.41,270.57,271.36,72908700,SPY
2019-09-12,4.62,4.67,4.56,4.57,327840000,NVDA
2019-09-12,53.93,54.32,53.47,53.52,128906800,AAPL
2019-09-12,129.62,130.16,128.7,129.31,27010000,MSFT
2019-09-12,16.51,16.9,16.29,16.39,128718000,TSLA
2019-09-13,271.8,272.15,270.81,271.18,62104800,SPY
2019-09-13,4.51,4.54,4.47,4.51,324592000,NVDA
2019-09-13,52.78,52.97,52.06,52.48,159053200,AAPL
2019-09-13,129.55,129.82,128.42,129.12,23363100,MSFT
2019-09-13,16.46,16.56,16.32,16.35,79696500,TSLA
2019-09-16,270.05,271.22,269.7,270.34,58191200,SPY
2019-09-16,4.44,4.51,4.43,4.47,231832000,NVDA
2019-09-16,52.23,52.81,52.19,52.75,84632400,AAPL
2019-09-16,127.72,128.54,127.56,128.19,16731400,MSFT
2019-09-16,16.4,16.5,16.08,16.19,70921500,TSLA
2019-09-17,270.14,271.11,269.97,271.02,41475500,SPY
2019-09-17,4.48,4.5,4.43,4.49,223048000,NVDA
2019-09-17,52.77,52.98,52.57,52.95,73274800,AAPL
2019-09-17,128.78,129.31,128.28,129.19,17814200,MSFT
2019-09-17,16.16,16.37,16.02,16.32,57981000,TSLA
2019-09-18,270.64,271.29,268.61,271.19,73375800,SPY
2019-09-18,4.49,4.5,4.38,4.47,258152000,NVDA
2019-09-18,53.03,53.46,52.64,53.44,101360000,AAPL
2019-09-18,129.16,130.39,128.38,130.25,23982100,MSFT
2019-09-18,16.33,16.54,16.16,16.23,62553000,TSLA
2019-09-19,271.57,272.56,270.84,271.17,76560500,SPY
2019-09-19,4.47,4.49,4.38,4.39,245476000,NVDA
2019-09-19,53.26,53.68,52.87,53.01,88242400,AAPL
2019-09-19,131.92,133.87,131.71,132.65,35772100,MSFT
2019-09-19,16.4,16.53,16.32,16.44,71937000,TSLA
2019-09-20,271.77,272.05,269.1,269.89,89565000,SPY
2019-09-20,4.39,4.41,4.27,4.28,350244000,NVDA
2019-09-20,53.11,53.39,52.17,52.23,221652400,AAPL
2019-09-20,132.59,133.19,130.0,131.11,39167300,MSFT
2019-09-20,16.43,16.46,15.88,16.04,95295000,TSLA
2019-09-23,269.23,270.54,268.97,269.82,43476800,SPY
2019-09-23,4.29,4.38,4.28,4.34,249712000,NVDA
2019-09-23,52.53,52.74,52.22,52.47,76662000,AAPL
2019-09-23,130.92,131.29,130.17,130.83,17139300,MSFT
2019-09-23,16.0,16.35,15.95,16.08,65103000,TSLA
2019-09-24,270.91,271.3,266.75,267.71,94869400,SPY
2019-09-24,4.37,4.4,4.25,4.28,317268000,NVDA
2019-09-24,53.03,53.38,52.1,52.22,124763200,AAPL
2019-09-24,131.98,132.29,128.71,129.18,29773200,MSFT
2019-09-24,16.1,16.13,14.84,14.88,193372500,TSLA
2019-09-25,267.79,269.73,266.31,269.29,71854000,SPY
2019-09-25,4.28,4.44,4.24,4.42,308432000,NVDA
2019-09-25,52.43,53.14,52.09,53.03,87613600,AAPL
2019-09-25,129.29,131.6,127.91,131.04,21382000,MSFT
2019-09-25,14.97,15.27,14.56,15.25,141406500,TSLA
2019-09-26,269.3,269.51,267.33,268.73,56179700,SPY
2019-09-26,4.41,4.42,4.35,4.4,234564000,NVDA
2019-09-26,52.78,53.0,52.5,52.75,75334000,AAPL
2019-09-26,131.11,131.81,130.17,131.21,17456600,MSFT
2019-09-26,15.38,16.22,15.16,16.17,178267500,TSLA
2019-09-27,269.48,269.59,265.73,267.28,84746600,SPY
2019-09-27,4.36,4.41,4.2,4.26,362056000,NVDA
2019-09-27,52.91,53.01,52.13,52.5,101408000,AAPL
2019-09-27,131.78,131.98,128.49,129.51,22477700,MSFT
2019-09-27,16.15,16.58,15.92,16.14,166746000,TSLA
2019-09-30,267.8,269.23,267.75,268.52,51662400,SPY
2019-09-30,4.29,4.33,4.26,4.32,186184000,NVDA
2019-09-30,52.99,53.88,52.97,53.73,103909600,AAPL
2019-09-30,129.81,130.91,129.55,130.73,17280900,MSFT
2019-09-30,16.2,16.27,15.74,16.06,88197000,TSLA
2019-10-01,269.4,270.05,265.11,265.33,88242400,SPY
2019-10-01,4.34,4.49,4.31,4.32,366008000,NVDA
2019-10-01,54.0,54.75,53.79,53.88,139223200,AAPL
2019-10-01,131.32,131.88,128.82,128.89,21466600,MSFT
2019-10-01,16.1,16.4,15.94,16.31,92439000,TSLA
2019-10-02,263.75,263.76,259.36,260.64,122539500,SPY
2019-10-02,4.3,4.31,4.22,4.29,293372000,NVDA
2019-10-02,53.51,53.64,52.28,52.53,138449200,AAPL
2019-10-02,128.12,128.23,125.6,126.61,30521700,MSFT
2019-10-02,16.22,16.31,15.96,16.21,84471000,TSLA
2019-10-03,260.41,262.8,257.71,262.78,85278800,SPY
2019-10-03,4.3,4.5,4.27,4.5,450588000,NVDA
2019-10-03,52.4,53.01,51.61,52.98,114426000,AAPL
2019-10-03,126.89,128.59,125.27,128.14,24132900,MSFT
2019-10-03,15.46,15.63,14.95,15.54,226267500,TSLA
2019-10-04,263.43,266.58,263.37,266.33,65091200,SPY
2019-10-04,4.5,4.54,4.44,4.52,265524000,NVDA
2019-10-04,54.13,54.58,53.71,54.46,138478800,AAPL
2019-10-04,128.59,130.0,128.28,129.87,22897700,MSFT
2019-10-04,15.44,15.65,15.2,15.43,119925000,TSLA
2019-10-07,265.54,267.16,264.9,265.18,59610500,SPY
2019-10-07,4.58,4.67,4.57,4.57,480984000,NVDA
2019-10-07,54.28,55.16,54.18,54.47,122306000,AAPL
2019-10-07,128.95,129.93,128.84,128.93,15303700,MSFT
2019-10-07,15.32,15.9,15.24,15.85,120963000,TSLA
2019-10-08,263.34,264.07,261.03,261.07,95708100,SPY
2019-10-08,4.48,4.48,4.38,4.4,444436000,NVDA
2019-10-08,54.18,54.71,53.82,53.83,111820000,AAPL
2019-10-08,128.9,129.54,127.52,127.57,25550500,MSFT
2019-10-08,15.72,16.26,15.63,16.0,130173000,TSLA
2019-10-09,263.07,264.48,262.45,263.54,62359400,SPY
2019-10-09,4.47,4.53,4.45,4.48,292412000,NVDA
2019-10-09,54.47,54.65,54.13,54.47,74770400,AAPL
2019-10-09,129.25,130.42,128.79,129.99,19749900,MSFT
2019-10-09,16.09,16.49,16.04,16.3,103416000,TSLA
2019-10-10,263.46,266.21,263.3,265.33,55296300,SPY
2019-10-10,4.48,4.59,4.48,4.54,309124000,NVDA
2019-10-10,54.68,55.28,54.53,55.2,113013600,AAPL
2019-10-10,130.22,131.33,130.0,130.8,17654600,MSFT
2019-10-10,16.35,16.62,16.11,16.32,94249500,TSLA
2019-10-11,268.07,270.3,267.95,268.08,98720400,SPY
2019-10-11,4.63,4.7,4.61,4.61,446404000,NVDA
2019-10-11,55.89,57.01,55.73,56.67,166795600,AAPL
2019-10-11,131.75,132.61,131.17,131.34,25446000,MSFT
2019-10-11,16.48,16.74,16.45,16.53,127131000,TSLA
2019-10-14,267.76,268.43,267.44,267.78,40394800,SPY
2019-10-14,4.61,4.65,4.58,4.63,200040000,NVDA
2019-10-14,56.35,57.13,56.3,56.59,96427600,AAPL
2019-10-14,131.35,131.91,131.19,131.22,13304300,MSFT
2019-10-14,16.53,17.24,16.48,17.13,153075000,TSLA
2019-10-15,268.82,271.17,268.7,270.43,46754500,SPY
2019-10-15,4.72,4.94,4.7,4.87,664124000,NVDA
2019-10-15,56.71,57.01,56.35,56.45,87360000,AAPL
2019-10-15,131.7,133.32,131.46,133.12,19695700,MSFT
2019-10-15,17.18,17.33,16.94,17.19,96492000,TSLA
2019-10-16,269.97,270.68,269.56,270.0,48928200,SPY
2019-10-16,4.84,4.94,4.81,4.82,428944000,NVDA
2019-10-16,55.99,56.44,55.95,56.23,73903200,AAPL
2019-10-16,132.38,132.57,131.2,132.03,20751600,MSFT
2019-10-16,17.16,17.47,17.13,17.32,100261500,TSLA
2019-10-17,271.15,271.66,270.1,270.79,45736600,SPY
2019-10-17,4.86,4.91,4.77,4.82,263436000,NVDA
2019-10-17,56.4,56.65,56.02,56.44,67585200,AAPL
2019-10-17,132.53,132.98,130.72,131.35,21460600,MSFT
2019-10-17,17.5,17.65,17.34,17.46,71539500,TSLA
2019-10-18,270.26,270.9,268.76,269.61,64304000,SPY
2019-10-18,4.82,4.85,4.65,4.73,307440000,NVDA
2019-10-18,56.28,57.0,56.21,56.72,97433600,AAPL
2019-10-18,131.42,131.64,128.41,129.21,32273500,MSFT
2019-10-18,17.38,17.52,17.01,17.13,86247000,TSLA
2019-10-21,270.92,271.63,270.48,271.43,39048600,SPY
2019-10-21,4.79,4.88,4.77,4.86,261868000,NVDA
2019-10-21,56.98,57.81,56.93,57.7,87247200,AAPL
2019-10-21,130.18,130.23,128.83,130.17,20078200,MSFT
2019-10-21,17.22,17.3,16.68,16.9,75304500,TSLA
2019-10-22,271.97,272.26,270.46,270.55,48594700,SPY
2019-10-22,4.92,5.03,4.85,4.85,328720000,NVDA
2019-10-22,57.86,58.1,57.49,57.57,82293600,AAPL
2019-10-22,130.67,131.65,128.12,128.23,27431000,MSFT
2019-10-22,16.95,17.22,16.72,17.04,69012000,TSLA
2019-10-23,270.29,271.39,270.09,271.34,34352200,SPY
2019-10-23,4.77,4.85,4.74,4.84,279916000,NVDA
2019-10-23,58.08,58.35,57.87,58.34,75828800,AAPL
2019-10-23,128.71,129.24,127.51,129.05,29844600,MSFT
2019-10-23,16.97,17.08,16.76,16.98,78916500,TSLA
2019-10-24,272.27,272.41,270.96,271.78,35453100,SPY
2019-10-24,4.88,4.92,4.85,4.88,232020000,NVDA
2019-10-24,58.66,58.73,58.01,58.44,69275200,AAPL
2019-10-24,131.07,132.04,130.39,131.59,37029300,MSFT
2019-10-24,19.89,20.33,19.28,19.98,445813500,TSLA
2019-10-25,271.21,273.43,271.15,272.89,45205400,SPY
2019-10-25,4.96,5.1,4.96,5.08,423092000,NVDA
2019-10-25,58.34,59.19,58.27,59.16,73477200,AAPL
2019-10-25,131.02,132.71,130.89,132.33,25959700,MSFT
2019-10-25,19.85,22.0,19.74,21.88,450091500,TSLA
2019-10-28,274.1,274.93,274.08,274.43,42147000,SPY
2019-10-28,5.12,5.18,5.09,5.13,330792000,NVDA
2019-10-28,59.36,59.8,59.19,59.75,96572800,AAPL
2019-10-28,135.78,136.97,134.94,135.58,35280100,MSFT
2019-10-28,21.84,22.72,21.51,21.85,283054500,TSLA
2019-10-29,274.16,275.27,274.03,274.35,44284900,SPY
2019-10-29,5.12,5.12,5.02,5.03,211236000,NVDA
2019-10-29,59.73,59.92,58.19,58.37,142839600,AAPL
2019-10-29,135.48,135.87,134.13,134.3,20589500,MSFT
2019-10-29,21.33,21.62,20.98,21.08,190264500,TSLA
2019-10-30,274.55,275.56,273.24,275.19,49643900,SPY
2019-10-30,5.06,5.07,4.97,5.04,205960000,NVDA
2019-10-30,58.72,58.85,57.87,58.36,124522000,AAPL
2019-10-30,134.95,136.34,134.26,135.98,18496600,MSFT
2019-10-30,20.87,21.25,20.66,21.0,144627000,TSLA
2019-10-31,275.18,275.18,273.01,274.46,69053800,SPY
2019-10-31,5.02,5.04,4.91,4.99,209732000,NVDA
2019-10-31,59.31,59.78,56.92,59.68,139162000,AAPL
2019-10-31,136.25,136.28,134.45,134.81,24605100,MSFT
2019-10-31,20.87,21.27,20.87,20.99,76005000,TSLA
2019-11-01,275.9,277.04,275.73,277.0,71141500,SPY
2019-11-01,4.95,5.06,4.93,5.03,283640000,NVDA
2019-11-01,59.87,61.4,59.77,61.37,151125200,AAPL
2019-11-01,135.65,135.8,134.43,135.14,33128400,MSFT
2019-11-01,21.09,21.1,20.65,20.89,95758500,TSLA
2019-11-04,278.55,278.68,277.74,278.11,60606900,SPY
2019-11-04,5.11,5.24,5.08,5.22,376716000,NVDA
2019-11-04,61.73,61.86,61.27,61.78,103272000,AAPL
2019-11-04,136.18,136.34,135.55,135.92,16912000,MSFT
2019-11-04,20.99,21.46,20.62,21.16,131805000,TSLA
2019-11-05,278.31,278.61,277.52,277.8,42933200,SPY
2019-11-05,5.22,5.25,5.15,5.2,300868000,NVDA
2019-11-05,61.67,61.94,61.49,61.69,79897600,AAPL
2019-11-05,136.31,136.36,135.32,135.84,18250200,MSFT
2019-11-05,21.31,21.57,21.07,21.15,104151000,TSLA
2019-11-06,277.8,278.14,276.93,277.87,46487100,SPY
2019-11-06,5.18,5.2,5.06,5.15,269012000,NVDA
2019-11-06,61.6,61.77,61.26,61.71,75864400,AAPL
2019-11-06,135.75,135.89,134.65,135.46,16575800,MSFT
2019-11-06,21.2,21.78,20.97,21.77,119113500,TSLA
2019-11-07,279.2,280.18,278.37,278.85,54272300,SPY
2019-11-07,5.24,5.25,5.12,5.17,280340000,NVDA
2019-11-07,62.26,62.65,62.11,62.43,94940400,AAPL
2019-11-07,135.25,136.23,135.19,135.65,17786700,MSFT
2019-11-07,21.94,22.77,21.87,22.37,217009500,TSLA
2019-11-08,278.5,279.59,277.8,279.53,49032100,SPY
2019-11-08,5.15,5.19,5.12,5.16,189100000,NVDA
2019-11-08,62.25,62.67,61.8,62.6,69986400,AAPL
2019-11-08,135.38,137.27,135.18,137.25,16732700,MSFT
2019-11-08,22.3,22.5,22.17,22.48,91038000,TSLA
2019-11-11,278.16,279.17,278.02,279.0,35797300,SPY
2019-11-11,5.15,5.19,5.07,5.17,243436000,NVDA
2019-11-11,62.15,63.16,62.15,63.09,81821200,AAPL
2019-11-11,136.66,137.68,136.09,137.39,14362600,MSFT
2019-11-11,22.93,23.28,22.8,23.01,149800500,TSLA
2019-11-12,279.36,280.48,278.82,279.59,46484600,SPY
2019-11-12,5.2,5.26,5.17,5.2,283504000,NVDA
2019-11-12,62.94,63.23,62.78,63.03,87388800,AAPL
2019-11-12,137.55,138.76,137.34,138.29,18641600,MSFT
2019-11-12,23.13,23.36,22.94,23.33,110391000,TSLA
2019-11-13,278.6,280.08,278.37,279.68,53917700,SPY
2019-11-13,5.17,5.2,5.11,5.18,300188000,NVDA
2019-11-13,62.83,63.71,62.82,63.64,102734400,AAPL
2019-11-13,137.98,138.66,137.55,138.52,16919200,MSFT
2019-11-13,23.67,23.76,23.01,23.07,126301500,TSLA
2019-11-14,279.4,280.17,278.76,280.08,51219900,SPY
2019-11-14,5.18,5.21,5.12,5.21,518080000,NVDA
2019-11-14,63.46,63.74,63.07,63.2,89182800,AAPL
2019-11-14,138.24,139.55,138.22,139.22,19729800,MSFT
2019-11-14,23.07,23.59,22.86,23.29,96973500,TSLA
2019-11-15,281.41,282.16,280.73,282.11,62023600,SPY
2019-11-15,5.2,5.25,4.98,5.07,1053628000,NVDA
2019-11-15,63.45,63.95,63.29,63.95,100206400,AAPL
2019-11-15,140.04,141.03,139.42,141.02,23485700,MSFT
2019-11-15,23.38,23.52,23.22,23.48,72135000,TSLA
2019-11-18,281.88,282.55,281.42,282.32,49228000,SPY
2019-11-18,5.06,5.29,5.06,5.27,574588000,NVDA
2019-11-18,63.96,64.35,63.58,64.27,86703200,AAPL
2019-11-18,141.11,141.56,140.09,141.36,21534000,MSFT
2019-11-18,23.53,23.54,23.07,23.33,66006000,TSLA
2019-11-19,282.92,282.93,281.6,282.24,67804700,SPY
2019-11-19,5.24,5.26,5.1,5.16,414564000,NVDA
2019-11-19,64.46,64.49,63.86,64.08,76167200,AAPL
2019-11-19,141.87,142.3,141.23,141.41,23935700,MSFT
2019-11-19,23.45,24.0,23.19,23.97,115872000,TSLA
2019-11-20,281.65,282.17,279.64,281.19,79406200,SPY
2019-11-20,5.14,5.32,5.13,5.24,472588000,NVDA
2019-11-20,63.9,64.03,62.66,63.33,106234400,AAPL
2019-11-20,141.82,142.32,140.07,141.17,25696800,MSFT
2019-11-20,24.0,24.08,23.3,23.48,100876500,TSLA
2019-11-21,281.3,281.41,279.94,280.74,54664700,SPY
2019-11-21,5.24,5.29,5.19,5.22,288388000,NVDA
2019-11-21,63.45,63.53,62.85,63.05,121395200,AAPL
2019-11-21,140.96,141.34,140.11,141.03,18576100,MSFT
2019-11-21,23.63,24.06,23.6,23.66,91650000,TSLA
2019-11-22,281.48,281.61,280.36,281.36,44850200,SPY
2019-11-22,5.24,5.28,5.21,5.23,224100000,NVDA
2019-11-22,63.19,63.33,62.76,62.99,65325200,AAPL
2019-11-22,141.59,141.81,140.41,141.14,15901800,MSFT
2019-11-22,22.68,22.73,22.0,22.2,253059000,TSLA
2019-11-25,282.28,283.54,282.28,283.54,48647200,SPY
2019-11-25,5.36,5.49,5.35,5.49,506476000,NVDA
2019-11-25,63.21,64.11,63.17,64.1,84020400,AAPL
2019-11-25,141.52,142.8,141.45,142.68,22420900,MSFT
2019-11-25,22.95,22.97,22.3,22.42,185092500,TSLA
2019-11-26,283.58,284.36,283.26,284.18,37569000,SPY
2019-11-26,5.47,5.48,5.38,5.38,385244000,NVDA
2019-11-26,64.23,64.29,63.16,63.59,105207600,AAPL
2019-11-26,142.81,143.81,142.77,143.44,24620100,MSFT
2019-11-26,22.35,22.37,21.81,21.93,119211000,TSLA
2019-11-27,284.66,285.45,284.45,285.45,44444600,SPY
2019-11-27,5.43,5.46,5.39,5.42,215784000,NVDA
2019-11-27,63.91,64.48,63.84,64.45,65235600,AAPL
2019-11-27,143.72,143.88,142.96,143.71,15184400,MSFT
2019-11-27,22.07,22.26,21.9,22.09,83334000,TSLA
2019-11-29,284.89,285.13,284.17,284.39,36592700,SPY
2019-11-29,5.39,5.42,5.36,5.38,141556000,NVDA
2019-11-29,64.15,64.49,63.98,64.31,46617600,AAPL
2019-11-29,143.51,143.69,142.73,142.83,11977300,MSFT
2019-11-29,22.07,22.08,21.83,22.0,36984000,TSLA
2019-12-02,284.65,284.71,281.55,281.98,75767800,SPY
2019-12-02,5.37,5.39,5.18,5.2,372036000,NVDA
2019-12-02,64.31,64.55,63.39,63.56,94487200,AAPL
2019-12-02,143.23,143.25,139.94,141.1,27418400,MSFT
2019-12-02,21.96,22.43,21.91,22.32,91117500,TSLA
2019-12-03,279.27,280.17,277.9,280.08,73941700,SPY
2019-12-03,5.01,5.16,4.98,5.16,465232000,NVDA
2019-12-03,62.16,62.45,61.67,62.43,114430400,AAPL
2019-12-03,139.16,140.99,138.36,140.87,24066000,MSFT
2019-12-03,22.17,22.53,22.15,22.41,98605500,TSLA
2019-12-04,281.13,282.41,280.78,281.81,49080000,SPY
2019-12-04,5.24,5.26,5.17,5.2,273424000,NVDA
2019-12-04,62.82,63.36,62.73,62.98,67181600,AAPL
2019-12-04,141.66,141.69,140.77,141.38,17574700,MSFT
2019-12-04,22.52,22.52,22.19,22.2,82995000,TSLA
2019-12-05,282.51,282.53,281.02,282.32,40709000,SPY
2019-12-05,5.22,5.24,5.15,5.18,184884000,NVDA
2019-12-05,63.47,63.98,63.22,63.91,74424400,AAPL
2019-12-05,141.57,141.83,141.03,141.46,17869100,MSFT
2019-12-05,22.19,22.29,21.82,22.02,55869000,TSLA
2019-12-06,284.22,285.3,284.21,284.9,48927000,SPY
2019-12-06,5.25,5.3,5.24,5.27,232236000,NVDA
2019-12-06,64.36,65.21,64.32,65.14,106075600,AAPL
2019-12-06,142.46,143.29,141.78,143.18,16403500,MSFT
2019-12-06,22.33,22.59,22.32,22.39,114186000,TSLA
2019-12-09,284.51,285.18,283.93,284.0,34838500,SPY
2019-12-09,5.25,5.32,5.24,5.27,211880000,NVDA
2019-12-09,64.97,65.16,63.74,64.23,128042400,AAPL
2019-12-09,142.53,143.61,142.38,142.81,16687400,MSFT
2019-12-09,22.44,22.96,22.34,22.64,135346500,TSLA
2019-12-10,283.95,284.61,283.03,283.69,52649800,SPY
2019-12-10,5.3,5.36,5.25,5.31,256388000,NVDA
2019-12-10,64.63,64.99,63.97,64.6,90420400,AAPL
2019-12-10,142.74,143.31,142.24,142.59,16476100,MSFT
2019-12-10,22.66,23.38,22.62,23.26,132424500,TSLA
2019-12-11,284.14,284.74,283.6,284.49,53429100,SPY
2019-12-11,5.32,5.4,5.32,5.4,233796000,NVDA
2019-12-11,64.68,65.23,64.61,65.15,78756800,AAPL
2019-12-11,142.98,143.29,141.84,143.13,18856600,MSFT
2019-12-11,23.46,23.81,23.41,23.51,103467000,TSLA
2019-12-12,284.5,287.72,284.27,286.94,96389600,SPY
2019-12-12,5.37,5.58,5.36,5.56,404348000,NVDA
2019-12-12,64.43,65.58,64.32,65.32,137310400,AAPL
2019-12-12,143.08,144.77,142.49,144.58,24612100,MSFT
2019-12-12,23.66,24.18,23.55,23.98,116458500,TSLA
2019-12-13,286.71,288.34,285.94,287.12,81503900,SPY
2019-12-13,5.57,5.69,5.51,5.56,454704000,NVDA
2019-12-13,65.32,66.24,65.19,66.21,133587600,AAPL
2019-12-13,144.35,146.14,144.19,145.8,23845400,MSFT
2019-12-13,24.07,24.35,23.64,23.89,98563500,TSLA
2019-12-16,288.83,289.68,287.05,289.09,82749700,SPY
2019-12-16,5.61,5.66,5.58,5.59,320976000,NVDA
2019-12-16,66.65,67.56,66.65,67.34,128186000,AAPL
2019-12-16,146.35,147.09,146.07,146.74,24144200,MSFT
2019-12-16,24.17,25.57,24.17,25.43,272613000,TSLA
2019-12-17,289.47,289.77,289.07,289.15,61097700,SPY
2019-12-17,5.61,5.69,5.6,5.67,321196000,NVDA
2019-12-17,67.27,67.8,67.09,67.47,114158400,AAPL
2019-12-17,146.67,146.91,145.72,145.95,25425600,MSFT
2019-12-17,25.27,25.7,25.06,25.27,127452000,TSLA
2019-12-18,289.54,289.77,289.11,289.17,48133000,SPY
2019-12-18,5.7,5.76,5.69,5.7,343548000,NVDA
2019-12-18,67.33,67.83,67.16,67.31,116028400,AAPL
2019-12-18,145.58,146.69,145.47,145.65,24129200,MSFT
2019-12-18,25.38,26.35,25.37,26.21,211815000,TSLA
2019-12-19,289.36,290.43,289.11,290.35,85310500,SPY
2019-12-19,5.73,5.86,5.73,5.85,445360000,NVDA
2019-12-19,67.25,67.66,67.12,67.38,98369200,AAPL
2019-12-19,145.3,146.97,145.06,146.91,24958900,MSFT
2019-12-19,26.49,27.12,26.43,26.94,271606500,TSLA
2019-12-20,291.38,292.75,290.41,291.63,147142100,SPY
2019-12-20,5.91,5.97,5.89,5.94,603044000,NVDA
2019-12-20,67.91,68.01,67.03,67.24,275978000,AAPL
2019-12-20,148.46,149.53,147.46,148.52,53477500,MSFT
2019-12-20,27.35,27.53,26.68,27.04,221290500,TSLA
2019-12-23,292.41,292.46,291.93,292.07,52990000,SPY
2019-12-23,5.97,6.0,5.92,5.93,355060000,NVDA
2019-12-23,67.5,68.4,67.46,68.34,98572000,AAPL
2019-12-23,149.19,149.19,148.38,148.52,17718200,MSFT
2019-12-23,27.45,28.13,27.33,27.95,199794000,TSLA
2019-12-24,292.3,292.35,291.78,292.08,20270000,SPY
2019-12-24,5.91,5.94,5.88,5.93,138864000,NVDA
2019-12-24,68.5,68.55,68.08,68.4,48478800,AAPL
2019-12-24,148.58,148.8,148.24,148.49,8989200,MSFT
2019-12-24,27.89,28.36,27.51,28.35,120820500,TSLA
2019-12-26,292.46,293.65,292.45,293.64,30911200,SPY
2019-12-26,5.93,5.97,5.91,5.94,182852000,NVDA
2019-12-26,68.53,69.78,68.51,69.76,93121200,AAPL
2019-12-26,148.66,149.76,148.51,149.7,14520600,MSFT
2019-12-26,28.53,28.9,28.42,28.73,159508500,TSLA
2019-12-27,294.36,294.42,293.04,293.56,42528800,SPY
2019-12-27,5.95,5.97,5.86,5.88,254644000,NVDA
2019-12-27,70.05,70.74,69.33,69.73,146266000,AAPL
2019-12-27,150.44,150.53,149.28,149.98,18412800,MSFT
2019-12-27,29.0,29.02,28.41,28.69,149185500,TSLA
2019-12-30,293.65,293.78,291.46,291.95,49729100,SPY
2019-12-30,5.86,5.87,5.74,5.77,258056000,NVDA
2019-12-30,69.65,70.43,68.63,70.15,144114400,AAPL
2019-12-30,150.01,150.03,147.87,148.69,16348400,MSFT
2019-12-30,28.59,28.6,27.28,27.65,188796000,TSLA
2019-12-31,291.45,292.9,291.1,292.65,57077300,SPY
2019-12-31,5.73,5.85,5.71,5.84,231004000,NVDA
2019-12-31,69.76,70.67,69.67,70.66,100805600,AAPL
2019-12-31,147.91,148.86,147.61,148.79,18369400,MSFT
2019-12-31,27.0,28.09,26.81,27.89,154285500,TSLA
2020-01-02,294.18,295.41,293.26,295.39,59151200,SPY
2020-01-02,5.93,5.96,5.88,5.96,237536000,NVDA
2020-01-02,71.28,72.33,71.03,72.27,135480400,AAPL
2020-01-02,149.81,151.65,149.38,151.54,22622100,MSFT
2020-01-02,28.3,28.71,28.11,28.68,142981500,TSLA
2020-01-03,292.02,294.27,291.96,293.15,77709700,SPY
2020-01-03,5.84,5.91,5.81,5.86,205384000,NVDA
2020-01-03,71.5,72.33,71.35,71.57,146322800,AAPL
2020-01-03,149.37,150.91,149.13,149.66,21116200,MSFT
2020-01-03,29.37,30.27,29.13,29.53,266677500,TSLA
2020-01-06,291.41,294.36,291.29,294.27,55653900,SPY
2020-01-06,5.77,5.89,5.74,5.89,262636000,NVDA
2020-01-06,70.69,72.18,70.44,72.14,118387200,AAPL
2020-01-06,148.2,150.11,147.67,150.04,20813700,MSFT
2020-01-06,29.36,30.1,29.33,30.1,151995000,TSLA
2020-01-07,293.71,294.18,293.0,293.45,40496400,SPY
2020-01-07,5.91,6.0,5.87,5.96,314856000,NVDA
2020-01-07,72.15,72.4,71.58,71.8,108872000,AAPL
2020-01-07,150.32,150.65,148.43,148.68,21634100,MSFT
2020-01-07,30.76,31.44,30.22,31.27,268231500,TSLA
2020-01-08,293.64,296.22,293.39,295.01,68296000,SPY
2020-01-08,5.95,6.01,5.91,5.97,277108000,NVDA
2020-01-08,71.5,73.26,71.5,72.95,132079200,AAPL
2020-01-08,149.95,151.71,149.03,151.04,27746500,MSFT
2020-01-08,31.58,33.23,31.22,32.81,467164500,TSLA
2020-01-09,296.56,297.08,295.98,297.01,48473300,SPY
2020-01-09,6.05,6.11,5.98,6.03,255112000,NVDA
2020-01-09,73.93,74.7,73.68,74.5,170108400,AAPL
2020-01-09,152.7,153.05,151.93,152.93,21385000,MSFT
2020-01-09,33.14,33.25,31.52,32.09,426606000,TSLA
2020-01-10,297.59,297.75,295.69,296.16,53029300,SPY
2020-01-10,6.14,6.17,6.05,6.07,316296000,NVDA
2020-01-10,74.74,75.24,74.17,74.67,140644800,AAPL
2020-01-10,153.62,154.0,152.07,152.22,20725900,MSFT
2020-01-10,32.12,32.33,31.58,31.88,194392500,TSLA
2020-01-13,296.77,298.2,296.35,298.19,47086800,SPY
2020-01-13,6.15,6.28,6.13,6.26,319840000,NVDA
2020-01-13,74.99,76.29,74.87,76.27,121532000,AAPL
2020-01-13,152.62,154.08,152.15,154.05,21626500,MSFT
2020-01-13,32.9,35.04,32.8,34.99,397764000,TSLA
2020-01-14,297.76,298.8,297.18,297.74,62832800,SPY
2020-01-14,6.21,6.24,6.13,6.14,359088000,NVDA
2020-01-14,76.21,76.42,75.12,75.24,161954400,AAPL
2020-01-14,154.16,154.36,152.58,152.97,23477400,MSFT
2020-01-14,36.28,36.49,34.99,35.86,434943000,TSLA
2020-01-15,297.65,299.17,297.56,298.41,72056600,SPY
2020-01-15,6.15,6.18,6.07,6.1,263104000,NVDA
2020-01-15,75.04,75.92,74.49,74.92,121923600,AAPL
2020-01-15,153.43,154.68,153.38,153.96,21417900,MSFT
2020-01-15,35.32,35.86,34.45,34.57,260532000,TSLA
2020-01-16,299.78,300.89,299.56,300.89,54050300,SPY
2020-01-16,6.15,6.19,6.13,6.18,284192000,NVDA
2020-01-16,75.46,75.97,75.1,75.85,108829200,AAPL
2020-01-16,155.06,156.85,154.76,156.78,23865400,MSFT
2020-01-16,32.92,34.3,32.81,34.23,326050500,TSLA
2020-01-17,301.6,302.04,300.83,301.83,95846000,SPY
2020-01-17,6.2,6.21,6.14,6.19,253792000,NVDA
2020-01-17,76.1,76.7,75.8,76.69,137816400,AAPL
2020-01-17,157.96,158.01,156.08,157.66,34371700,MSFT
2020-01-17,33.84,34.38,33.54,34.03,204436500,TSLA
2020-01-21,300.87,302.04,300.8,301.24,77742400,SPY
2020-01-21,6.15,6.19,6.12,6.16,217916000,NVDA
2020-01-21,76.32,76.76,76.04,76.17,110843200,AAPL
2020-01-21,157.26,158.69,157.03,157.09,29517200,MSFT
2020-01-21,35.35,36.57,35.23,36.48,267052500,TSLA
2020-01-22,302.09,302.74,301.12,301.27,48914900,SPY
2020-01-22,6.2,6.3,6.18,6.21,239240000,NVDA
2020-01-22,76.66,77.0,76.35,76.45,101832400,AAPL
2020-01-22,157.94,158.03,156.32,156.34,24138800,MSFT
2020-01-22,38.13,39.63,37.27,37.97,470535000,TSLA
2020-01-23,300.63,302.03,299.52,301.62,51963000,SPY
2020-01-23,6.25,6.29,6.16,6.28,244516000,NVDA
2020-01-23,76.5,76.89,75.95,76.81,104472000,AAPL
2020-01-23,156.8,157.38,155.93,157.3,19680800,MSFT
2020-01-23,37.62,38.8,37.04,38.15,294765000,TSLA
2020-01-24,302.27,302.36,297.66,298.94,87578400,SPY
2020-01-24,6.39,6.44,6.17,6.22,373512000,NVDA
2020-01-24,77.06,77.8,76.4,76.59,146537600,AAPL
2020-01-24,158.04,158.06,155.16,155.71,24918100,MSFT
2020-01-24,38.04,38.26,36.95,37.65,215304000,TSLA
2020-01-27,293.72,295.62,293.38,294.15,84062500,SPY
2020-01-27,5.92,6.02,5.77,5.96,470536000,NVDA
2020-01-27,74.61,75.02,73.36,74.34,161940000,AAPL
2020-01-27,152.04,154.15,151.15,153.11,32078100,MSFT
2020-01-27,36.13,37.63,35.95,37.2,204121500,TSLA
2020-01-28,295.56,298.1,294.24,297.23,63834000,SPY
2020-01-28,6.03,6.19,5.98,6.16,310976000,NVDA
2020-01-28,75.22,76.61,75.12,76.44,162234000,AAPL
2020-01-28,154.53,156.39,153.86,156.11,24899900,MSFT
2020-01-28,37.9,38.45,37.21,37.79,176827500,TSLA
2020-01-29,298.58,298.81,296.78,296.98,53888900,SPY
2020-01-29,6.14,6.18,6.06,6.1,258848000,NVDA
2020-01-29,78.07,78.89,77.33,78.04,216229200,AAPL
2020-01-29,158.36,159.21,156.33,158.55,34754500,MSFT
2020-01-29,38.38,39.32,37.83,38.73,267022500,TSLA
2020-01-30,294.93,298.16,294.18,297.95,75491800,SPY
2020-01-30,6.0,6.12,5.94,6.1,290504000,NVDA
2020-01-30,77.13,77.98,76.7,77.93,126743200,AAPL
2020-01-30,164.22,164.22,161.14,163.02,51597500,MSFT
2020-01-30,42.16,43.39,41.2,42.72,435085500,TSLA
2020-01-31,297.33,297.48,291.63,292.54,113845600,SPY
2020-01-31,6.06,6.07,5.83,5.87,370420000,NVDA
2020-01-31,77.22,77.64,74.18,74.48,199588400,AAPL
2020-01-31,162.48,162.66,160.0,160.61,36142700,MSFT
2020-01-31,42.67,43.53,42.17,43.37,235789500,TSLA
2020-02-03,294.01,296.56,293.89,294.71,69083000,SPY
2020-02-03,5.85,5.99,5.85,5.97,255564000,NVDA
2020-02-03,73.22,75.43,72.72,74.27,173788400,AAPL
2020-02-03,160.8,164.64,160.77,164.53,30107000,MSFT
2020-02-03,44.91,52.41,44.9,52.0,705975000,TSLA
2020-02-04,298.3,300.07,297.98,299.2,62573200,SPY
2020-02-04,6.11,6.16,6.06,6.14,271544000,NVDA
2020-02-04,75.87,76.91,75.47,76.72,136616400,AAPL
2020-02-04,167.13,170.43,166.35,169.94,36433300,MSFT
2020-02-04,58.86,64.6,55.59,59.14,914082000,TSLA
2020-02-05,302.12,302.87,300.67,302.66,65951100,SPY
2020-02-05,6.26,6.27,6.14,6.23,208220000,NVDA
2020-02-05,77.85,78.15,76.75,77.35,118826800,AAPL
2020-02-05,173.63,173.79,168.33,169.73,39186300,MSFT
2020-02-05,54.88,56.4,46.94,48.98,726357000,TSLA
2020-02-06,303.61,303.87,302.6,303.68,50359700,SPY
2020-02-06,6.26,6.31,6.18,6.31,218284000,NVDA
2020-02-06,77.62,78.26,77.06,78.25,105425600,AAPL
2020-02-06,170.74,173.43,169.89,173.25,27751400,MSFT
2020-02-06,46.66,53.06,45.8,49.93,598212000,TSLA
2020-02-07,302.62,303.68,301.51,302.06,64139400,SPY
2020-02-07,6.27,6.3,6.22,6.25,189752000,NVDA
2020-02-07,77.75,78.0,76.7,77.19,117684000,AAPL
2020-02-07,172.52,175.14,172.17,173.5,33529100,MSFT
2020-02-07,48.7,51.32,48.67,49.87,255952500,TSLA
2020-02-10,301.17,304.38,301.14,304.31,42070000,SPY
2020-02-10,6.27,6.53,6.26,6.53,529608000,NVDA
2020-02-10,75.78,77.56,75.7,77.56,109348800,AAPL
2020-02-10,173.21,178.17,172.9,178.04,35844300,MSFT
2020-02-10,53.33,54.67,50.16,51.42,370338000,TSLA
2020-02-11,305.66,306.44,304.31,304.84,54864500,SPY
2020-02-11,6.64,6.77,6.58,6.65,638556000,NVDA
2020-02-11,78.05,78.12,76.87,77.09,94323200,AAPL
2020-02-11,179.88,179.92,173.13,174.02,53159900,MSFT
2020-02-11,51.25,52.23,50.53,51.63,175462500,TSLA
2020-02-12,306.27,307.01,305.9,306.8,43992700,SPY
2020-02-12,6.7,6.77,6.67,6.77,374644000,NVDA
2020-02-12,77.54,78.92,77.54,78.92,113730400,AAPL
2020-02-12,175.09,175.35,171.57,174.27,47062900,MSFT
2020-02-12,51.86,52.65,50.89,51.15,180337500,TSLA
2020-02-13,305.38,307.44,305.11,306.48,54501900,SPY
2020-02-13,6.71,6.79,6.68,6.72,528016000,NVDA
2020-02-13,78.19,78.68,77.99,78.36,94747600,AAPL
2020-02-13,172.74,175.71,172.54,173.33,35295800,MSFT
2020-02-13,49.46,54.53,49.0,53.6,394339500,TSLA
2020-02-14,306.88,307.08,305.69,306.97,64582200,SPY
2020-02-14,7.13,7.32,7.1,7.2,1041924000,NVDA
2020-02-14,78.33,78.62,77.87,78.38,80113600,AAPL
2020-02-14,172.9,174.93,172.33,174.88,23149500,MSFT
2020-02-14,52.48,54.2,52.37,53.34,235405500,TSLA
2020-02-18,305.98,307.03,304.79,306.18,57226200,SPY
2020-02-18,7.09,7.38,7.07,7.36,620164000,NVDA
2020-02-18,76.06,77.12,75.88,76.94,152531200,AAPL
2020-02-18,175.12,177.09,175.02,176.65,27792200,MSFT
2020-02-18,56.11,57.33,55.49,57.23,245725500,TSLA
2020-02-19,307.14,308.31,306.86,307.64,48814700,SPY
2020-02-19,7.49,7.83,7.49,7.81,694332000,NVDA
2020-02-19,77.18,78.28,77.18,78.06,93984000,AAPL
2020-02-19,177.92,178.03,176.41,177.18,29997500,MSFT
2020-02-19,61.57,62.99,60.07,61.16,381345000,TSLA
2020-02-20,307.09,307.91,303.4,306.38,74163400,SPY
2020-02-20,7.77,7.85,7.36,7.67,810052000,NVDA
2020-02-20,77.82,78.3,76.75,77.25,100566000,AAPL
2020-02-20,176.87,177.15,171.33,174.47,36862400,MSFT
2020-02-20,60.8,60.8,57.33,59.96,264523500,TSLA
2020-02-21,305.03,305.34,302.4,303.22,113788200,SPY
2020-02-21,7.55,7.58,7.22,7.3,768180000,NVDA
2020-02-21,76.85,77.29,74.89,75.51,129554000,AAPL
2020-02-21,173.29,173.6,167.69,168.96,48572600,MSFT
2020-02-21,60.47,60.87,58.7,60.07,214722000,TSLA
2020-02-24,293.82,303.29,292.09,293.16,161088400,SPY
2020-02-24,6.71,7.0,6.65,6.79,856916000,NVDA
2020-02-24,71.7,73.37,69.76,71.92,222195200,AAPL
2020-02-24,158.72,165.14,154.43,161.67,68311100,MSFT
2020-02-24,55.93,57.57,54.81,55.59,227883000,TSLA
2020-02-25,294.55,295.16,283.41,284.28,218913200,SPY
2020-02-25,6.86,6.92,6.41,6.51,1055496000,NVDA
2020-02-25,72.59,72.97,69.01,69.48,230673600,AAPL
2020-02-25,164.81,165.41,158.61,159.01,68073300,MSFT
2020-02-25,56.6,57.11,52.47,53.33,259357500,TSLA
2020-02-26,285.67,289.25,282.51,283.23,194773800,SPY
2020-02-26,6.51,6.84,6.51,6.65,747732000,NVDA
2020-02-26,69.11,71.85,69.1,70.59,198054800,AAPL
2020-02-26,160.56,163.92,159.14,160.99,56206100,MSFT
2020-02-26,52.17,54.22,51.74,51.92,211282500,TSLA
2020-02-27,277.74,283.29,270.51,270.51,284353500,SPY
2020-02-27,6.33,6.63,6.18,6.28,906416000,NVDA
2020-02-27,67.8,68.98,65.84,65.97,320605600,AAPL
2020-02-27,154.51,158.02,149.46,149.65,93174900,MSFT
2020-02-27,48.67,49.32,44.6,45.27,364158000,TSLA
2020-02-28,262.5,270.86,259.63,269.38,384975800,SPY
2020-02-28,6.02,6.77,6.01,6.71,1133252000,NVDA
2020-02-28,62.05,67.15,61.84,65.93,426510000,AAPL
2020-02-28,144.19,154.88,143.8,153.27,97012700,MSFT
2020-02-28,41.98,46.03,40.77,44.53,363343500,TSLA
2020-03-02,271.15,281.11,267.74,281.04,238703600,SPY
2020-03-02,6.88,6.9,6.48,6.87,890744000,NVDA
2020-03-02,68.08,72.71,66.98,72.07,341397200,AAPL
2020-03-02,156.4,163.59,153.56,163.47,71030800,MSFT
2020-03-02,47.42,49.58,45.78,49.57,302925000,TSLA
2020-03-03,281.42,285.36,270.57,273.0,300139100,SPY
2020-03-03,6.92,6.98,6.52,6.61,652792000,NVDA
2020-03-03,73.24,73.32,68.93,69.78,319475600,AAPL
2020-03-03,164.43,165.56,153.51,155.64,71677000,MSFT
2020-03-03,53.67,53.8,47.74,49.7,386760000,TSLA
2020-03-04,278.34,284.69,275.81,284.47,176613400,SPY
2020-03-04,6.71,7.08,6.64,7.07,597408000,NVDA
2020-03-04,71.5,73.18,70.7,73.02,219178400,AAPL
2020-03-04,159.4,161.49,156.69,161.35,49814400,MSFT
2020-03-04,50.93,51.1,48.32,49.97,225735000,TSLA
2020-03-05,277.31,280.48,272.79,275.02,186366800,SPY
2020-03-05,6.87,7.04,6.75,6.79,540328000,NVDA
2020-03-05,71.28,72.25,70.29,70.65,187572800,AAPL
2020-03-05,157.1,161.66,156.75,157.3,47817300,MSFT
2020-03-05,48.25,49.72,47.87,48.3,162790500,TSLA
2020-03-06,266.55,271.67,263.89,270.47,228667200,SPY
2020-03-06,6.61,6.67,6.41,6.61,515412000,NVDA
2020-03-06,68.02,70.14,67.83,69.71,226176800,AAPL
2020-03-06,153.84,154.31,147.59,152.86,72821100,MSFT
2020-03-06,46.0,47.13,45.62,46.9,189943500,TSLA
2020-03-09,250.32,258.4,248.64,249.35,309417300,SPY
2020-03-09,5.96,6.44,5.92,6.1,614160000,NVDA
2020-03-09,63.62,67.07,63.43,64.2,286744800,AAPL
2020-03-09,142.86,149.24,141.91,142.5,70419300,MSFT
2020-03-09,40.36,44.2,40.33,40.53,256105500,TSLA
2020-03-10,258.81,262.34,248.68,262.25,276444100,SPY
2020-03-10,6.37,6.49,6.11,6.49,580648000,NVDA
2020-03-10,66.84,69.09,64.97,68.82,285290000,AAPL
2020-03-10,149.63,152.35,144.35,152.24,65354400,MSFT
2020-03-10,43.96,44.53,40.53,43.02,233916000,TSLA
2020-03-11,255.23,256.36,246.3,249.46,255316300,SPY
2020-03-11,6.35,6.38,6.03,6.12,499964000,NVDA
2020-03-11,66.91,67.83,65.57,66.43,255598800,AAPL
2020-03-11,148.66,149.2,143.0,145.35,56371600,MSFT
2020-03-11,42.68,43.57,40.87,42.28,199837500,TSLA
2020-03-12,232.77,242.46,225.21,225.6,392220700,SPY
2020-03-12,5.6,5.87,5.36,5.37,816540000,NVDA
2020-03-12,61.73,65.12,59.82,59.87,418474000,AAPL
2020-03-12,137.46,145.19,131.11,131.56,93226400,MSFT
2020-03-12,38.73,39.63,36.42,37.37,283636500,TSLA
2020-03-13,239.22,246.85,225.97,244.88,329566100,SPY
2020-03-13,5.73,5.99,5.46,5.98,634836000,NVDA
2020-03-13,63.89,67.52,61.01,67.05,370732000,AAPL
2020-03-13,139.55,153.18,133.14,150.26,92727400,MSFT
2020-03-13,39.67,40.5,33.47,36.44,339604500,TSLA
2020-03-16,219.3,233.59,215.82,218.09,297240000,SPY
2020-03-16,5.28,5.62,4.82,4.88,726972000,NVDA
2020-03-16,58.36,62.49,57.89,58.42,322423600,AAPL
2020-03-16,132.45,141.3,127.72,128.12,87905900,MSFT
2020-03-16,31.3,32.99,29.48,29.67,307342500,TSLA
2020-03-17,222.81,232.93,215.56,229.86,262070500,SPY
2020-03-17,4.99,5.49,4.75,5.4,833632000,NVDA
2020-03-17,59.7,62.13,57.5,60.99,324056000,AAPL
2020-03-17,132.45,139.55,127.72,138.67,81059800,MSFT
2020-03-17,29.33,31.46,26.4,28.68,359919000,TSLA
2020-03-18,214.81,225.83,207.33,218.22,327597100,SPY
2020-03-18,4.97,5.22,4.49,5.04,874268000,NVDA
2020-03-18,57.83,60.3,57.19,59.5,300233600,AAPL
2020-03-18,130.56,138.13,127.74,132.83,81593200,MSFT
2020-03-18,25.93,26.99,23.37,24.08,356793000,TSLA
2020-03-19,217.54,224.93,211.15,218.69,289322000,SPY
2020-03-19,5.02,5.38,4.8,5.29,765512000,NVDA
2020-03-19,59.67,60.98,58.52,59.04,271857200,AAPL
2020-03-19,135.07,142.05,131.5,135.01,85922700,MSFT
2020-03-19,24.98,30.13,23.9,28.51,452932500,TSLA
2020-03-20,221.82,223.59,208.99,209.26,347158800,SPY
2020-03-20,5.44,5.72,5.1,5.11,804636000,NVDA
2020-03-20,59.62,60.74,54.99,55.29,401693200,AAPL
2020-03-20,138.13,139.17,128.53,129.94,84866200,MSFT
2020-03-20,29.21,31.8,28.39,28.5,424282500,TSLA
2020-03-23,208.7,210.07,199.62,203.91,326025200,SPY
2020-03-23,5.11,5.38,4.93,5.28,643876000,NVDA
2020-03-23,55.01,55.11,51.28,54.12,336752800,AAPL
2020-03-23,129.62,132.99,125.37,128.65,78975200,MSFT
2020-03-23,28.91,29.47,27.37,28.95,246817500,TSLA
2020-03-24,214.4,223.26,213.84,222.39,235494500,SPY
2020-03-24,5.69,6.28,5.67,6.19,1101644000,NVDA
2020-03-24,57.01,59.74,56.51,59.55,287531200,AAPL
2020-03-24,136.0,141.53,133.65,140.34,82516700,MSFT
2020-03-24,31.82,34.25,31.6,33.67,343428000,TSLA
2020-03-25,223.96,234.46,219.28,225.72,299430300,SPY
2020-03-25,6.31,6.51,6.05,6.1,793432000,NVDA
2020-03-25,60.48,62.29,58.92,59.22,303602000,AAPL
2020-03-25,140.88,146.01,136.65,139.0,75638200,MSFT
2020-03-25,36.35,37.13,34.07,35.95,318340500,TSLA
2020-03-26,228.21,240.36,227.78,238.9,257632800,SPY
2020-03-26,6.31,6.52,6.21,6.39,696108000,NVDA
2020-03-26,59.46,62.39,59.42,62.33,252087200,AAPL
2020-03-26,140.4,148.21,140.37,147.69,64568100,MSFT
2020-03-26,36.49,37.33,34.15,35.21,260710500,TSLA
2020-03-27,231.64,238.54,229.61,231.78,224341200,SPY
2020-03-27,6.21,6.54,6.18,6.28,638828000,NVDA
2020-03-27,60.96,61.71,59.59,59.75,204216800,AAPL
2020-03-27,143.57,146.54,141.15,141.63,57042300,MSFT
2020-03-27,33.67,35.05,32.94,34.29,215661000,TSLA
2020-03-30,233.87,240.02,231.88,239.31,171369500,SPY
2020-03-30,6.34,6.61,6.3,6.6,602252000,NVDA
2020-03-30,60.48,61.63,60.15,61.46,167976400,AAPL
2020-03-30,144.22,151.94,141.92,151.59,63420300,MSFT
2020-03-30,34.02,34.44,32.75,33.48,179971500,TSLA
2020-03-31,238.31,240.84,234.34,235.74,194881100,SPY
2020-03-31,6.64,6.84,6.4,6.55,949960000,NVDA
2020-03-31,61.65,63.31,60.78,61.33,197002000,AAPL
2020-03-31,150.8,155.89,148.12,149.21,77927200,MSFT
2020-03-31,33.42,36.2,33.13,34.93,266572500,TSLA
2020-04-01,226.8,235.66,223.07,225.13,189554600,SPY
2020-04-01,6.35,6.5,5.99,6.04,656912000,NVDA
2020-04-01,59.45,59.99,57.68,58.11,176218400,AAPL
2020-04-01,144.75,149.24,142.69,143.91,57969900,MSFT
2020-04-01,33.6,34.26,31.67,32.1,200298000,TSLA
2020-04-02,224.25,231.1,223.7,230.33,177660400,SPY
2020-04-02,6.07,6.36,6.02,6.35,675764000,NVDA
2020-04-02,57.97,59.13,57.14,59.08,165934000,AAPL
2020-04-02,143.67,147.1,142.25,146.89,49630700,MSFT
2020-04-02,32.07,32.95,29.76,30.3,297876000,TSLA
2020-04-03,229.35,231.69,224.28,227.0,135561200,SPY
2020-04-03,6.31,6.35,5.92,6.06,663212000,NVDA
2020-04-03,58.56,59.26,57.64,58.23,129880000,AAPL
2020-04-03,146.74,148.89,143.98,145.53,41243300,MSFT
2020-04-03,33.97,34.37,31.23,32.0,338431500,TSLA
2020-04-06,235.82,244.2,226.98,242.24,188061200,SPY
2020-04-06,6.34,6.71,6.28,6.67,727884000,NVDA
2020-04-06,60.52,63.46,60.15,63.31,201820400,AAPL
2020-04-06,151.67,157.52,149.08,156.36,67111700,MSFT
2020-04-06,34.08,34.73,33.2,34.42,223527000,TSLA
2020-04-07,250.79,251.54,242.27,242.49,201427200,SPY
2020-04-07,6.89,6.91,6.39,6.44,784520000,NVDA
2020-04-07,65.32,65.53,62.47,62.57,202887200,AAPL
2020-04-07,160.44,160.83,154.46,154.67,62769000,MSFT
2020-04-07,36.33,37.67,35.49,36.36,268797000,TSLA
2020-04-08,245.08,252.43,242.6,250.63,153774500,SPY
2020-04-08,6.54,6.66,6.47,6.63,542444000,NVDA
2020-04-08,63.37,64.49,63.01,64.17,168895200,AAPL
2020-04-08,156.74,157.68,154.68,156.22,48318200,MSFT
2020-04-08,36.95,37.15,35.56,36.59,189840000,TSLA
2020-04-09,253.88,257.19,251.95,254.44,189999200,SPY
2020-04-09,6.76,6.78,6.47,6.53,525564000,NVDA
2020-04-09,64.81,65.14,63.84,64.64,161834800,AAPL
2020-04-09,157.39,158.34,154.52,156.23,51385100,MSFT
2020-04-09,37.47,38.35,37.14,38.2,204750000,TSLA
2020-04-13,253.47,253.81,248.23,252.12,114839100,SPY
2020-04-13,6.47,6.71,6.39,6.7,398408000,NVDA
2020-04-13,64.72,66.02,64.12,65.91,131022800,AAPL
2020-04-13,155.49,156.64,153.55,156.58,41905300,MSFT
2020-04-13,39.34,43.47,38.7,43.4,337131000,TSLA
2020-04-14,256.99,260.57,251.98,259.56,134143400,SPY
2020-04-14,6.83,7.09,6.8,7.05,530948000,NVDA
2020-04-14,67.53,69.52,67.06,69.24,194994800,AAPL
2020-04-14,159.89,164.38,158.94,164.33,52874300,MSFT
2020-04-14,46.6,49.46,46.16,47.33,458647500,TSLA
2020-04-15,253.87,259.69,251.94,254.04,121775000,SPY
2020-04-15,6.89,7.06,6.84,6.98,366148000,NVDA
2020-04-15,68.11,69.06,67.69,68.6,131154400,AAPL
2020-04-15,161.97,164.21,160.11,162.61,40940800,MSFT
2020-04-15,49.47,50.21,47.33,48.66,353655000,TSLA
2020-04-16,255.31,256.12,252.21,255.27,131798300,SPY
2020-04-16,7.13,7.43,7.12,7.32,745620000,NVDA
2020-04-16,69.31,69.51,68.1,69.15,157125200,AAPL
2020-04-16,164.9,167.72,163.58,167.49,50479600,MSFT
2020-04-16,47.8,50.63,47.11,49.68,309868500,TSLA
2020-04-17,261.01,262.77,258.29,262.16,146684800,SPY
2020-04-17,7.4,7.43,7.13,7.26,539120000,NVDA
2020-04-17,68.67,69.21,66.78,68.21,215250000,AAPL
2020-04-17,169.82,170.29,166.39,168.97,52765600,MSFT
2020-04-17,51.49,51.66,49.84,50.26,196923000,TSLA
2020-04-20,258.48,262.3,257.32,257.54,100109300,SPY
2020-04-20,7.14,7.29,7.09,7.13,449388000,NVDA
2020-04-20,67.04,67.94,66.77,66.79,130015200,AAPL
2020-04-20,167.1,169.11,165.55,165.62,36669600,MSFT
2020-04-20,48.85,51.04,47.48,49.76,221199000,TSLA
2020-04-21,253.1,254.3,248.79,249.72,126385700,SPY
2020-04-21,7.01,7.08,6.64,6.7,735160000,NVDA
2020-04-21,66.64,66.87,64.02,64.73,180991600,AAPL
2020-04-21,164.14,164.3,157.15,158.77,56203700,MSFT
2020-04-21,48.67,50.22,44.92,45.78,303136500,TSLA
2020-04-22,254.58,257.0,253.26,255.27,92951600,SPY
2020-04-22,6.89,7.15,6.84,7.11,483356000,NVDA
2020-04-22,65.99,67.03,65.65,66.59,116862400,AAPL
2020-04-22,162.15,164.62,161.61,164.16,34620200,MSFT
2020-04-22,46.93,48.93,45.91,48.81,212482500,TSLA
2020-04-23,256.54,259.69,254.95,255.25,104709700,SPY
2020-04-23,7.15,7.28,7.03,7.06,424160000,NVDA
2020-04-23,66.54,67.96,66.3,66.34,124814400,AAPL
2020-04-23,164.72,165.62,161.69,162.18,32790800,MSFT
2020-04-23,48.51,48.93,46.88,47.04,198550500,TSLA
2020-04-24,256.76,259.47,254.72,258.81,85063200,SPY
2020-04-24,7.05,7.2,6.97,7.2,352328000,NVDA
2020-04-24,66.86,68.26,66.81,68.25,126161200,AAPL
2020-04-24,162.78,165.15,161.5,165.14,34277600,MSFT
2020-04-24,47.39,48.72,46.55,48.34,198180000,TSLA
2020-04-27,260.77,263.65,260.32,262.54,77896600,SPY
2020-04-27,7.33,7.54,7.3,7.38,479388000,NVDA
2020-04-27,67.97,68.63,67.52,68.3,117087600,AAPL
2020-04-27,167.07,167.36,163.95,164.66,33194400,MSFT
2020-04-27,49.17,53.3,49.0,53.25,310221000,TSLA
2020-04-28,266.17,266.52,261.03,261.33,105270000,SPY
2020-04-28,7.53,7.56,7.23,7.24,442904000,NVDA
2020-04-28,68.76,68.94,67.1,67.19,112004800,AAPL
2020-04-28,166.12,166.2,160.26,160.65,34392700,MSFT
2020-04-28,53.04,53.67,50.45,51.27,228330000,TSLA
2020-04-29,266.64,269.7,265.61,268.17,118745600,SPY
2020-04-29,7.37,7.47,7.3,7.42,379160000,NVDA
2020-04-29,68.68,69.87,68.47,69.4,137280800,AAPL
2020-04-29,163.88,168.1,162.61,167.86,51286600,MSFT
2020-04-29,52.68,53.55,52.21,53.37,243240000,TSLA
2020-04-30,266.8,268.27,263.95,265.68,122901700,SPY
2020-04-30,7.36,7.42,7.25,7.26,375916000,NVDA
2020-04-30,69.94,71.04,69.55,70.86,183064000,AAPL
2020-04-30,170.29,170.67,166.73,169.55,53875900,MSFT
2020-04-30,57.01,57.99,50.9,52.13,427078500,TSLA
2020-05-01,260.95,265.84,257.48,258.64,125180000,SPY
2020-05-01,7.06,7.18,6.98,7.03,342096000,NVDA
2020-05-01,69.04,72.12,68.95,69.72,240616800,AAPL
2020-05-01,166.32,169.01,164.63,165.16,39370500,MSFT
2020-05-01,50.33,51.52,45.54,46.75,487977000,TSLA
2020-05-04,256.77,259.66,255.29,259.36,80873200,SPY
2020-05-04,6.98,7.25,6.98,7.24,317556000,NVDA
2020-05-04,69.75,70.84,69.06,70.71,133568000,AAPL
2020-05-04,165.08,169.35,164.43,169.2,30372900,MSFT
2020-05-04,46.73,50.8,46.53,50.75,288556500,TSLA
2020-05-05,262.16,264.55,259.48,261.75,79569900,SPY
2020-05-05,7.34,7.46,7.24,7.3,368896000,NVDA
2020-05-05,71.17,72.6,71.02,71.77,147751200,AAPL
2020-05-05,170.88,173.75,170.2,171.01,36839200,MSFT
2020-05-05,52.65,53.26,50.81,51.21,254875500,TSLA
2020-05-06,263.44,263.83,259.55,259.98,73632600,SPY
2020-05-06,7.38,7.5,7.34,7.4,323464000,NVDA
2020-05-06,72.47,73.14,72.09,72.51,142333600,AAPL
2020-05-06,172.26,174.27,171.84,172.7,32139300,MSFT
2020-05-06,51.77,52.65,50.74,52.17,166848000,TSLA
2020-05-07,263.18,265.04,262.61,263.11,75250400,SPY
2020-05-07,7.54,7.64,7.49,7.57,373732000,NVDA
2020-05-07,73.14,73.61,72.83,73.26,115215200,AAPL
2020-05-07,174.24,174.6,172.73,173.7,28316000,MSFT
2020-05-07,51.81,53.09,51.49,52.0,172915500,TSLA
2020-05-08,266.23,267.93,265.11,267.47,76452400,SPY
2020-05-08,7.65,7.77,7.61,7.76,339216000,NVDA
2020-05-08,73.92,75.06,73.59,75.0,133838400,AAPL
2020-05-08,175.0,175.02,173.47,174.72,30877800,MSFT
2020-05-08,52.92,54.93,52.47,54.63,241297500,TSLA
2020-05-11,265.55,268.89,265.13,267.52,79514200,SPY
2020-05-11,7.76,8.06,7.73,8.02,469060000,NVDA
2020-05-11,74.51,76.68,74.31,76.18,145946400,AAPL
2020-05-11,173.27,177.4,172.99,176.67,30892700,MSFT
2020-05-11,52.7,54.93,52.33,54.09,247794000,TSLA
2020-05-12,268.7,269.11,262.05,262.19,95870800,SPY
2020-05-12,8.07,8.12,7.74,7.75,493060000,NVDA
2020-05-12,76.87,77.32,75.19,75.31,162301200,AAPL
2020-05-12,176.73,176.95,172.47,172.67,32038200,MSFT
2020-05-12,55.13,56.22,53.87,53.96,238603500,TSLA
2020-05-13,261.63,262.67,255.14,257.55,144721100,SPY
2020-05-13,7.87,8.03,7.55,7.73,625852000,NVDA
2020-05-13,75.49,76.41,73.33,74.4,200622400,AAPL
2020-05-13,172.71,174.12,167.02,170.06,44711500,MSFT
2020-05-13,54.72,55.07,50.89,52.73,285982500,TSLA
2020-05-14,255.13,260.76,249.68,260.64,121977900,SPY
2020-05-14,7.79,7.99,7.64,7.98,602312000,NVDA
2020-05-14,73.65,74.92,72.92,74.86,158929200,AAPL
2020-05-14,167.97,170.95,166.21,170.79,41873900,MSFT
2020-05-14,52.0,53.56,50.93,53.56,205233000,TSLA
2020-05-15,258.26,261.88,257.32,261.83,111146300,SPY
2020-05-15,7.84,8.45,7.83,8.44,987660000,NVDA
2020-05-15,72.64,74.47,72.61,74.42,166348400,AAPL
2020-05-15,169.4,176.97,167.45,173.28,46610400,MSFT
2020-05-15,52.69,53.67,52.44,53.28,157776000,TSLA
2020-05-18,268.03,271.41,267.71,269.81,119703800,SPY
2020-05-18,8.71,8.86,8.63,8.7,774460000,NVDA
2020-05-18,75.74,76.55,75.05,76.17,135178400,AAPL
2020-05-18,175.73,176.16,174.04,174.94,35264500,MSFT
2020-05-18,55.19,55.65,53.59,54.24,174987000,TSLA
2020-05-19,269.21,270.92,267.02,267.04,95189300,SPY
2020-05-19,8.74,9.03,8.71,8.75,717320000,NVDA
2020-05-19,76.19,77.03,75.7,75.73,101729600,AAPL
2020-05-19,175.05,176.54,173.59,173.73,26799100,MSFT
2020-05-19,54.34,54.8,53.74,53.87,144547500,TSLA
2020-05-20,270.56,272.43,270.33,271.57,85861700,SPY
2020-05-20,8.94,8.99,8.83,8.91,587536000,NVDA
2020-05-20,76.59,77.28,76.55,77.21,111504800,AAPL
2020-05-20,175.33,176.32,174.51,176.14,31261300,MSFT
2020-05-20,54.7,55.07,54.12,54.37,109639500,TSLA
2020-05-21,271.45,272.25,268.61,269.7,78293900,SPY
2020-05-21,9.0,9.0,8.68,8.72,761068000,NVDA
2020-05-21,77.07,77.61,76.39,76.63,102688800,AAPL
2020-05-21,175.89,177.1,173.89,174.02,29119500,MSFT
2020-05-21,54.4,55.5,53.07,55.17,183819000,TSLA
2020-05-22,269.42,270.39,268.18,270.21,63958200,SPY
2020-05-22,8.77,9.04,8.66,8.97,1038764000,NVDA
2020-05-22,76.37,77.21,76.27,77.12,81803200,AAPL
2020-05-22,173.79,175.0,173.18,174.1,20826900,MSFT
2020-05-22,54.81,55.45,54.13,54.46,149812500,TSLA
2020-05-26,276.15,276.39,270.23,273.54,88951400,SPY
2020-05-26,9.1,9.13,8.62,8.66,770780000,NVDA
2020-05-26,78.24,78.42,76.55,76.6,125522000,AAPL
2020-05-26,176.78,176.93,171.81,172.26,36073600,MSFT
2020-05-26,55.63,55.64,54.38,54.59,121345500,TSLA
2020-05-27,276.32,277.65,271.52,277.61,104817400,SPY
2020-05-27,8.57,8.58,7.95,8.47,1175892000,NVDA
2020-05-27,76.46,77.08,75.72,76.93,112945200,AAPL
2020-05-27,170.96,172.66,167.54,172.48,39517100,MSFT
2020-05-27,54.72,55.18,52.33,54.68,173242500,TSLA
2020-05-28,278.64,280.64,276.43,277.1,90405200,SPY
2020-05-28,8.36,8.71,8.33,8.43,734896000,NVDA
2020-05-28,76.61,78.22,76.33,76.97,133560800,AAPL
2020-05-28,171.47,174.7,171.13,172.1,33810200,MSFT
2020-05-28,54.23,54.98,53.45,53.72,108834000,TSLA
2020-05-29,276.63,278.92,273.9,278.33,119090800,SPY
2020-05-29,8.5,8.82,8.43,8.82,745256000,NVDA
2020-05-29,77.21,77.67,76.54,76.89,153532400,AAPL
2020-05-29,173.36,174.82,171.16,173.85,42130400,MSFT
2020-05-29,53.92,55.67,53.61,55.67,176467500,TSLA
2020-06-01,277.69,280.06,277.18,279.46,55758300,SPY
2020-06-01,8.78,8.79,8.64,8.75,389876000,NVDA
2020-06-01,76.85,77.96,76.72,77.84,80791200,AAPL
2020-06-01,173.18,173.61,172.15,173.45,22622400,MSFT
2020-06-01,57.2,59.93,56.94,59.87,224092500,TSLA
2020-06-02,280.37,281.82,279.05,281.77,74267200,SPY
2020-06-02,8.74,8.78,8.6,8.77,391320000,NVDA
2020-06-02,77.57,78.22,77.13,78.2,87642800,AAPL
2020-06-02,174.8,175.51,172.05,175.43,30794600,MSFT
2020-06-02,59.65,60.58,58.07,58.77,203484000,TSLA
2020-06-03,283.75,286.47,283.47,285.52,92567600,SPY
2020-06-03,8.77,8.81,8.65,8.72,365440000,NVDA
2020-06-03,78.52,78.89,77.95,78.63,104491200,AAPL
2020-06-03,175.34,176.4,174.16,175.85,27311000,MSFT
2020-06-03,59.21,59.86,58.67,58.86,119242500,TSLA
2020-06-04,284.54,286.27,282.69,284.77,75794400,SPY
2020-06-04,8.68,8.89,8.63,8.72,424280000,NVDA
2020-06-04,78.45,78.75,77.58,77.95,87560400,AAPL
2020-06-04,174.85,176.31,172.95,173.54,28761800,MSFT
2020-06-04,59.33,59.72,57.23,57.63,133315500,TSLA
2020-06-05,290.14,293.84,290.08,292.07,150524700,SPY
2020-06-05,8.74,8.95,8.66,8.87,481748000,NVDA
2020-06-05,78.2,80.23,78.17,80.17,137250400,AAPL
2020-06-05,173.25,178.1,172.67,177.6,39893600,MSFT
2020-06-05,58.52,59.1,57.75,59.04,117178500,TSLA
2020-06-08,292.88,295.79,292.34,295.6,73641200,SPY
2020-06-08,8.83,8.84,8.64,8.75,387736000,NVDA
2020-06-08,79.87,80.68,79.16,80.65,95654400,AAPL
2020-06-08,176.4,178.88,174.98,178.7,33211600,MSFT
2020-06-08,61.27,63.33,60.61,63.33,212620500,TSLA
2020-06-09,292.95,295.67,292.09,293.4,77479200,SPY
2020-06-09,8.75,9.06,8.7,8.99,468488000,NVDA
2020-06-09,80.33,83.59,80.3,83.19,147712400,AAPL
2020-06-09,178.36,180.92,177.65,180.06,29783900,MSFT
2020-06-09,62.67,63.63,61.6,62.71,170823000,TSLA
2020-06-10,293.97,294.86,291.05,291.76,95000800,SPY
2020-06-10,9.12,9.45,9.1,9.31,632180000,NVDA
2020-06-10,84.14,85.8,83.7,85.33,166651600,AAPL
2020-06-10,181.33,188.34,181.21,186.74,43872300,MSFT
2020-06-10,66.13,68.5,65.5,68.34,278451000,TSLA
2020-06-11,284.86,285.49,274.39,274.94,209243600,SPY
2020-06-11,9.1,9.21,8.74,8.75,583652000,NVDA
2020-06-11,84.48,84.9,81.14,81.24,201662400,AAPL
2020-06-11,183.22,185.72,176.53,176.72,52854700,MSFT
2020-06-11,66.01,67.93,64.8,64.86,238747500,TSLA
2020-06-12,281.92,282.69,273.1,278.23,194678900,SPY
2020-06-12,9.11,9.13,8.65,8.88,570908000,NVDA
2020-06-12,83.37,84.11,80.83,81.94,200146000,AAPL
2020-06-12,180.77,181.89,175.68,178.11,43373600,MSFT
2020-06-12,65.33,65.87,60.84,62.35,251451000,TSLA
2020-06-15,272.57,281.96,271.4,280.83,135782700,SPY
2020-06-15,8.76,9.13,8.69,9.12,400004000,NVDA
2020-06-15,80.6,83.6,80.43,82.95,138808800,AAPL
2020-06-15,175.11,181.03,174.57,179.25,32770200,MSFT
2020-06-15,61.19,66.59,60.57,66.06,235458000,TSLA
2020-06-16,288.54,288.69,281.4,286.24,137627500,SPY
2020-06-16,9.17,9.21,8.79,9.02,535716000,NVDA
2020-06-16,85.0,85.42,83.37,85.15,165428800,AAPL
2020-06-16,183.0,185.55,181.64,183.64,42556700,MSFT
2020-06-16,67.46,67.53,64.16,65.48,210766500,TSLA
2020-06-17,287.25,287.54,284.32,285.05,83398900,SPY
2020-06-17,9.06,9.25,9.02,9.18,408304000,NVDA
2020-06-17,85.89,85.95,84.91,85.03,114406400,AAPL
2020-06-17,185.03,186.25,183.76,184.28,25687800,MSFT
2020-06-17,65.85,67.0,65.5,66.12,148362000,TSLA
2020-06-18,283.54,285.63,283.08,285.16,80828700,SPY
2020-06-18,9.17,9.23,9.06,9.17,254408000,NVDA
2020-06-18,84.99,85.48,84.46,85.07,96820400,AAPL
2020-06-18,184.05,186.41,184.05,186.25,23061600,MSFT
2020-06-18,66.87,67.95,66.3,66.93,146278500,TSLA
2020-06-19,288.61,288.8,281.59,283.53,135549600,SPY
2020-06-19,9.19,9.39,9.17,9.21,524160000,NVDA
2020-06-19,85.77,86.23,83.47,84.58,264476000,AAPL
2020-06-19,188.4,189.07,184.4,185.14,44441100,MSFT
2020-06-19,67.52,67.73,66.09,66.73,130195500,TSLA
2020-06-22,282.93,285.74,281.79,285.35,74649400,SPY
2020-06-22,9.25,9.48,9.22,9.47,398468000,NVDA
2020-06-22,84.97,86.93,84.93,86.79,135445200,AAPL
2020-06-22,185.75,190.46,185.22,190.28,32818900,MSFT
2020-06-22,66.66,67.26,66.0,66.29,95436000,TSLA
2020-06-23,287.98,288.91,286.26,286.66,68471200,SPY
2020-06-23,9.5,9.59,9.35,9.4,375108000,NVDA
2020-06-23,88.03,90.06,87.61,88.64,212155600,AAPL
2020-06-23,191.72,193.49,191.1,191.55,30917400,MSFT
2020-06-23,66.59,67.47,66.27,66.79,95479500,TSLA
2020-06-24,284.63,285.24,277.52,279.35,132813500,SPY
2020-06-24,9.42,9.5,9.09,9.18,449372000,NVDA
2020-06-24,88.27,89.19,86.71,87.08,192623200,AAPL
2020-06-24,191.26,192.82,186.48,187.69,36740600,MSFT
2020-06-24,66.27,66.73,63.54,64.06,164394000,TSLA
2020-06-25,278.78,282.61,276.77,282.34,89468000,SPY
2020-06-25,9.3,9.45,9.13,9.44,376072000,NVDA
2020-06-25,87.23,88.27,86.48,88.24,137522400,AAPL
2020-06-25,187.65,190.32,185.44,190.06,27803900,MSFT
2020-06-25,63.62,65.73,62.48,65.73,138817500,TSLA
2020-06-26,281.25,281.46,275.06,275.64,127961000,SPY
2020-06-26,9.45,9.45,9.07,9.1,592084000,NVDA
2020-06-26,88.13,88.35,85.38,85.52,205256800,AAPL
2020-06-26,189.49,189.64,184.88,186.26,54675800,MSFT
2020-06-26,66.32,66.33,63.66,63.98,132823500,TSLA
2020-06-29,276.89,279.82,274.61,279.69,79773300,SPY
2020-06-29,9.12,9.15,8.85,9.15,342248000,NVDA
2020-06-29,85.43,87.59,84.96,87.5,130646000,AAPL
2020-06-29,185.74,188.35,183.62,188.26,26701600,MSFT
2020-06-29,64.6,67.33,63.23,67.29,135396000,TSLA
2020-06-30,279.26,284.96,279.1,283.27,113394800,SPY
2020-06-30,9.26,9.47,9.21,9.44,367892000,NVDA
2020-06-30,87.08,88.51,87.07,88.23,140223200,AAPL
2020-06-30,187.73,193.92,187.6,193.07,34310300,MSFT
2020-06-30,67.1,72.51,66.92,71.99,253777500,TSLA
2020-07-01,284.38,286.51,283.92,285.25,72396500,SPY
2020-07-01,9.47,9.52,9.36,9.48,326648000,NVDA
2020-07-01,88.3,88.85,88.01,88.06,110737200,AAPL
2020-07-01,192.72,195.77,191.42,194.2,32061200,MSFT
2020-07-01,72.2,75.69,72.03,74.64,199903500,TSLA
2020-07-02,288.67,290.01,286.16,286.82,69344200,SPY
2020-07-02,9.58,9.68,9.52,9.56,364056000,NVDA
2020-07-02,88.96,89.6,87.95,88.06,114041600,AAPL
2020-07-02,195.13,197.35,194.49,195.68,29315800,MSFT
2020-07-02,81.43,81.87,79.04,80.58,258751500,TSLA
2020-07-06,290.63,291.83,289.88,291.25,61713800,SPY
2020-07-06,9.69,9.85,9.66,9.78,315892000,NVDA
2020-07-06,89.48,90.88,89.45,90.42,118655600,AAPL
2020-07-06,198.12,200.3,197.42,199.89,31897600,MSFT
2020-07-06,85.11,91.85,84.4,91.44,308548500,TSLA
2020-07-07,289.72,291.68,287.87,288.25,82910000,SPY
2020-07-07,9.89,10.01,9.79,9.82,357800000,NVDA
2020-07-07,90.79,91.57,90.02,90.13,112424400,AAPL
2020-07-07,199.66,203.66,197.32,197.57,33600700,MSFT
2020-07-07,93.67,95.3,89.11,92.66,322345500,TSLA
2020-07-08,289.01,290.56,287.26,290.45,54638600,SPY
2020-07-08,9.94,10.17,9.91,10.16,365480000,NVDA
2020-07-08,91.11,92.27,91.02,92.23,117092000,AAPL
2020-07-08,199.3,202.32,197.99,201.91,33600000,MSFT
2020-07-08,93.67,94.48,87.42,91.06,244669500,TSLA
2020-07-09,291.06,291.3,285.4,288.8,83354200,SPY
2020-07-09,10.32,10.51,10.17,10.45,494548000,NVDA
2020-07-09,93.12,93.18,91.59,92.63,125642800,AAPL
2020-07-09,205.23,205.28,200.62,203.33,33121700,MSFT
2020-07-09,93.13,93.9,90.09,92.95,175764000,TSLA
2020-07-10,288.74,292.02,287.31,291.75,57550400,SPY
2020-07-10,10.53,10.59,10.32,10.42,497676000,NVDA
2020-07-10,92.23,92.85,91.62,92.79,90257200,AAPL
2020-07-10,202.66,203.1,200.25,202.71,26177600,MSFT
2020-07-10,93.07,103.26,91.73,102.98,350064000,TSLA
2020-07-13,294.08,296.45,288.57,289.22,102997500,SPY
2020-07-13,10.53,10.73,9.97,9.99,457076000,NVDA
2020-07-13,94.09,96.7,92.15,92.36,191649200,AAPL
2020-07-13,203.48,204.73,195.91,196.45,38135600,MSFT
2020-07-13,110.6,119.67,98.07,99.8,584781000,TSLA
2020-07-14,287.81,293.74,286.61,292.97,93657000,SPY
2020-07-14,10.02,10.34,9.73,10.32,542676000,NVDA
2020-07-14,91.75,94.08,90.82,93.89,170989200,AAPL
2020-07-14,195.56,198.14,191.67,197.66,37591800,MSFT
2020-07-14,103.73,106.0,95.4,101.12,351271500,TSLA
2020-07-15,296.18,296.76,293.29,295.66,87196500,SPY
2020-07-15,10.35,10.37,10.0,10.17,403984000,NVDA
2020-07-15,95.76,96.01,93.34,94.54,153198000,AAPL
2020-07-15,198.81,200.49,194.51,197.37,32179400,MSFT
2020-07-15,102.87,103.33,97.13,103.07,245517000,TSLA
2020-07-16,293.77,295.14,293.13,294.69,54622500,SPY
2020-07-16,9.96,10.15,9.84,10.08,344964000,NVDA
2020-07-16,93.41,94.23,92.78,93.38,110577600,AAPL
2020-07-16,194.86,195.15,191.93,193.46,29940700,MSFT
2020-07-16,98.48,102.11,97.73,100.04,214512000,TSLA
2020-07-17,295.69,296.32,293.72,295.54,62774900,SPY
2020-07-17,10.17,10.19,10.03,10.14,266284000,NVDA
2020-07-17,93.83,93.98,92.72,93.19,92186800,AAPL
2020-07-17,193.98,194.52,191.06,192.47,31635300,MSFT
2020-07-17,100.9,102.5,99.33,100.06,139950000,TSLA
2020-07-20,295.28,298.68,294.53,297.93,56308800,SPY
2020-07-20,10.22,10.47,10.1,10.45,284852000,NVDA
2020-07-20,93.27,95.29,92.93,95.15,90318000,AAPL
2020-07-20,194.49,201.41,192.6,200.75,36884800,MSFT
2020-07-20,101.27,110.0,99.2,109.53,256821000,TSLA
2020-07-21,299.89,300.33,297.58,298.56,57292200,SPY
2020-07-21,10.45,10.5,10.23,10.27,277036000,NVDA
2020-07-21,95.94,96.01,93.59,93.84,103433200,AAPL
2020-07-21,202.7,202.97,197.36,198.04,37990400,MSFT
2020-07-21,109.33,111.67,103.87,104.56,241608000,TSLA
2020-07-22,298.21,300.58,298.1,300.26,57792900,SPY
2020-07-22,10.31,10.54,10.23,10.38,367292000,NVDA
2020-07-22,93.54,94.78,93.45,94.1,89001600,AAPL
2020-07-22,198.47,201.41,197.7,200.89,49605700,MSFT
2020-07-22,106.6,108.43,104.13,106.16,212416500,TSLA
2020-07-23,299.91,300.6,295.32,296.68,75738000,SPY
2020-07-23,10.39,10.49,9.97,10.07,411660000,NVDA
2020-07-23,93.83,93.91,89.01,89.82,197004400,AAPL
2020-07-23,196.56,200.1,191.78,192.15,67457000,MSFT
2020-07-23,111.93,112.6,98.72,100.87,364927500,TSLA
2020-07-24,294.84,295.79,293.27,294.77,73766600,SPY
2020-07-24,9.82,10.31,9.72,10.14,473292000,NVDA
2020-07-24,88.02,89.94,86.24,89.6,185438800,AAPL
2020-07-24,190.14,192.45,187.38,190.97,39827000,MSFT
2020-07-24,94.4,97.67,91.1,94.47,290949000,TSLA
2020-07-27,295.46,297.1,294.67,296.92,48293000,SPY
2020-07-27,10.17,10.38,10.16,10.36,292132000,NVDA
2020-07-27,90.65,91.81,90.43,91.72,121214000,AAPL
2020-07-27,191.14,193.51,190.56,193.39,30160900,MSFT
2020-07-27,95.67,103.2,94.2,102.64,240730500,TSLA
2020-07-28,296.19,297.31,294.74,295.04,57495000,SPY
2020-07-28,10.31,10.32,10.15,10.16,271636000,NVDA
2020-07-28,91.29,91.47,90.21,90.21,103625600,AAPL
2020-07-28,193.17,194.2,191.39,191.66,23251400,MSFT
2020-07-28,100.27,104.31,98.29,98.43,237130500,TSLA
2020-07-29,295.91,299.23,295.87,298.67,48454200,SPY
2020-07-29,10.33,10.46,10.29,10.41,284508000,NVDA
2020-07-29,90.69,92.12,90.66,91.94,90329200,AAPL
2020-07-29,192.11,194.15,191.65,193.59,19632600,MSFT
2020-07-29,100.07,102.32,99.13,99.94,141403500,TSLA
2020-07-30,295.71,298.01,293.63,297.6,61861700,SPY
2020-07-30,10.32,10.56,10.24,10.55,308880000,NVDA
2020-07-30,91.12,93.16,90.71,93.05,158130000,AAPL
2020-07-30,190.69,193.97,189.33,193.44,25079600,MSFT
2020-07-30,99.2,100.88,98.07,99.17,114315000,TSLA
2020-07-31,299.38,300.05,295.18,299.95,84986800,SPY
2020-07-31,10.5,10.7,10.37,10.55,386080000,NVDA
2020-07-31,99.53,102.95,97.54,102.8,374336800,AAPL
2020-07-31,193.92,194.58,188.8,194.49,51044000,MSFT
2020-07-31,101.0,101.14,94.73,95.38,183123000,TSLA
2020-08-03,301.61,302.8,301.06,302.04,53077900,SPY
2020-08-03,10.67,11.04,10.65,10.95,412720000,NVDA
2020-08-03,104.67,108.0,104.37,105.39,308151200,AAPL
2020-08-03,200.67,206.48,199.65,205.43,78983000,MSFT
2020-08-03,96.61,100.65,96.29,99.0,132139500,TSLA
2020-08-04,301.18,303.2,301.18,303.2,41917900,SPY
2020-08-04,10.99,11.16,10.84,11.16,310336000,NVDA
2020-08-04,105.57,107.18,104.85,106.09,173071600,AAPL
2020-08-04,203.18,203.75,199.52,202.35,49280100,MSFT
2020-08-04,99.67,101.83,97.47,99.13,126225000,TSLA
2020-08-05,304.5,305.34,304.23,305.09,42697700,SPY
2020-08-05,11.18,11.31,11.1,11.22,249924000,NVDA
2020-08-05,105.81,106.79,105.35,106.47,121776800,AAPL
2020-08-05,203.88,203.97,200.72,202.02,28806400,MSFT
2020-08-05,99.53,99.99,97.89,99.0,74217000,TSLA
2020-08-06,304.51,307.25,304.19,307.13,43679400,SPY
2020-08-06,11.28,11.29,11.11,11.27,244316000,NVDA
2020-08-06,106.81,110.68,106.22,110.19,202428800,AAPL
2020-08-06,201.45,205.27,200.7,205.25,32656800,MSFT
2020-08-06,99.39,101.15,98.48,99.31,89884500,TSLA
2020-08-07,306.16,307.63,305.26,307.35,57308300,SPY
2020-08-07,11.25,11.44,10.97,11.14,342516000,NVDA
2020-08-07,109.71,110.17,106.89,107.68,198045600,AAPL
2020-08-07,203.83,204.64,200.11,201.58,27820400,MSFT
2020-08-07,99.97,99.98,94.33,96.85,133446000,TSLA
2020-08-10,307.8,308.45,305.87,308.27,44282100,SPY
2020-08-10,11.27,11.34,10.79,11.1,427796000,NVDA
2020-08-10,109.12,110.26,106.61,109.25,212403600,AAPL
2020-08-10,200.81,201.01,195.77,197.57,36716500,MSFT
2020-08-10,96.53,97.17,92.39,94.57,112834500,TSLA
2020-08-11,309.44,310.08,305.0,305.72,69601100,SPY
2020-08-11,11.01,11.07,10.73,10.79,354512000,NVDA
2020-08-11,108.51,109.01,105.74,106.0,187902400,AAPL
2020-08-11,196.53,197.0,192.72,192.95,36446500,MSFT
2020-08-11,93.07,94.67,91.0,91.63,129387000,TSLA
2020-08-12,308.15,310.76,308.12,309.98,53774400,SPY
2020-08-12,10.93,11.4,10.9,11.37,464412000,NVDA
2020-08-12,107.09,109.78,106.89,109.52,165598000,AAPL
2020-08-12,194.76,199.49,194.25,198.46,28013100,MSFT
2020-08-12,98.0,105.67,95.67,103.65,327441000,TSLA
2020-08-13,309.22,310.73,308.5,309.42,41816100,SPY
2020-08-13,11.48,11.65,11.29,11.38,374460000,NVDA
2020-08-13,110.9,112.46,110.41,111.46,210082000,AAPL
2020-08-13,198.7,200.51,197.47,198.0,22588900,MSFT
2020-08-13,107.4,110.08,104.48,108.07,306379500,TSLA
2020-08-14,309.04,309.97,308.31,309.43,47260400,SPY
2020-08-14,11.46,11.64,11.38,11.5,366436000,NVDA
2020-08-14,111.29,111.45,109.56,111.36,165565200,AAPL
2020-08-14,198.05,198.84,196.87,198.19,17958900,MSFT
2020-08-14,111.0,111.25,108.44,110.05,188664000,TSLA
2020-08-17,310.44,310.81,309.44,310.42,35481000,SPY
2020-08-17,11.78,12.34,11.75,12.27,621300000,NVDA
2020-08-17,112.48,112.5,110.45,111.07,119561600,AAPL
2020-08-17,198.85,200.36,198.2,199.49,20184800,MSFT
2020-08-17,111.8,123.06,111.52,122.38,303634500,TSLA
2020-08-18,310.81,311.51,309.22,311.09,38733900,SPY
2020-08-18,12.38,12.42,12.02,12.19,503448000,NVDA
2020-08-18,110.82,112.42,110.49,112.0,105633600,AAPL
2020-08-18,199.73,201.47,198.48,200.64,21336200,MSFT
2020-08-18,126.6,128.26,123.01,125.81,247117500,TSLA
2020-08-19,311.46,311.98,309.23,309.79,68054200,SPY
2020-08-19,12.23,12.24,12.03,12.07,622624000,NVDA
2020-08-19,112.4,113.55,112.04,112.14,145538000,AAPL
2020-08-19,201.13,201.71,199.0,199.42,27627600,MSFT
2020-08-19,124.33,127.4,122.75,125.24,183079500,TSLA
2020-08-20,308.07,311.23,307.94,310.76,42207800,SPY
2020-08-20,11.91,12.3,11.81,12.07,921388000,NVDA
2020-08-20,112.18,114.74,112.16,114.62,126907200,AAPL
2020-08-20,199.27,204.47,198.67,204.07,26981500,MSFT
2020-08-20,124.05,134.8,123.8,133.46,309177000,TSLA
2020-08-21,310.42,312.08,310.08,311.86,55106600,SPY
2020-08-21,12.13,12.74,12.13,12.61,999868000,NVDA
2020-08-21,115.58,121.01,115.57,120.53,338054800,AAPL
2020-08-21,203.38,205.65,202.42,202.58,36249300,MSFT
2020-08-21,136.32,139.7,135.0,136.67,322344000,TSLA
2020-08-24,314.28,315.09,311.83,315.02,48588700,SPY
2020-08-24,12.81,12.84,12.44,12.65,490564000,NVDA
2020-08-24,124.73,124.81,120.11,121.97,345937600,AAPL
2020-08-24,204.27,204.96,202.02,203.22,25460100,MSFT
2020-08-24,141.75,141.93,128.5,134.28,300954000,TSLA
2020-08-25,315.58,316.2,314.42,316.12,38463400,SPY
2020-08-25,12.56,12.69,12.5,12.68,289076000,NVDA
2020-08-25,120.85,121.32,119.25,120.97,211495600,AAPL
2020-08-25,202.66,206.0,202.66,205.86,23043700,MSFT
2020-08-25,131.66,135.2,131.2,134.89,159883500,TSLA
2020-08-26,316.71,319.56,316.17,319.29,50790200,SPY
2020-08-26,12.73,12.79,12.61,12.7,321244000,NVDA
2020-08-26,122.29,123.07,121.22,122.62,163022400,AAPL
2020-08-26,207.2,211.21,206.71,210.31,39600800,MSFT
2020-08-26,137.33,144.4,136.91,143.54,213591000,TSLA
2020-08-27,320.15,321.43,318.33,319.99,58034100,SPY
2020-08-27,12.71,12.78,12.49,12.56,317604000,NVDA
2020-08-27,123.22,123.55,120.01,121.15,155552400,AAPL
2020-08-27,211.97,219.82,208.65,215.48,57602200,MSFT
2020-08-27,145.36,153.04,142.83,149.25,355395000,TSLA
2020-08-28,321.01,322.18,319.82,322.05,48588900,SPY
2020-08-28,12.6,13.07,12.57,13.07,537160000,NVDA
2020-08-28,122.12,122.54,120.73,120.96,187630000,AAPL
2020-08-28,217.0,219.34,215.48,217.69,26292900,MSFT
2020-08-28,153.01,154.57,145.77,147.56,301218000,TSLA
2020-08-31,321.84,322.72,320.66,320.89,66099200,SPY
2020-08-31,13.11,13.5,12.96,13.3,500840000,NVDA
2020-08-31,123.64,126.96,122.11,125.06,225702700,AAPL
2020-08-31,215.88,217.49,213.32,214.48,28774200,MSFT
2020-08-31,148.2,166.71,146.7,166.11,355123200,TSLA
2020-09-01,321.71,324.01,320.82,323.91,54908700,SPY
2020-09-01,13.41,13.92,13.36,13.75,511316000,NVDA
2020-09-01,128.66,130.64,126.5,130.04,151948100,AAPL
2020-09-01,214.46,216.31,213.43,216.13,25725500,MSFT
2020-09-01,167.38,167.5,156.84,158.35,269523300,TSLA
2020-09-02,325.81,329.56,324.67,328.6,69540000,SPY
2020-09-02,14.62,14.65,13.82,14.27,874012000,NVDA
2020-09-02,133.34,133.72,123.08,127.34,200119000,AAPL
2020-09-02,216.8,221.45,216.21,220.3,34080800,MSFT
2020-09-02,159.66,159.68,135.04,149.12,288528300,TSLA
2020-09-03,326.91,327.38,314.71,317.29,148011100,SPY
2020-09-03,13.75,13.81,12.81,12.94,945128000,NVDA
2020-09-03,122.99,124.86,116.78,117.15,257599600,AAPL
2020-09-03,218.04,218.07,204.43,206.65,58400300,MSFT
2020-09-03,135.74,143.93,134.0,135.67,262788300,TSLA
2020-09-04,317.97,319.53,307.62,314.7,139156300,SPY
2020-09-04,12.71,13.1,11.64,12.55,1463684000,NVDA
2020-09-04,116.36,119.88,107.47,117.23,332607200,AAPL
2020-09-04,204.56,207.66,195.14,203.75,59664100,MSFT
2020-09-04,134.27,142.67,124.01,139.44,330965700,TSLA
2020-09-08,309.31,314.76,305.79,306.1,114465300,SPY
2020-09-08,11.67,12.48,11.64,11.85,795728000,NVDA
2020-09-08,110.43,115.32,109.2,109.34,231366600,AAPL
2020-09-08,196.38,199.74,192.29,192.73,52924300,MSFT
2020-09-08,118.67,122.91,109.96,110.07,346397100,TSLA
2020-09-09,310.08,314.6,309.22,312.14,91462300,SPY
2020-09-09,12.33,12.74,12.17,12.65,736200000,NVDA
2020-09-09,113.64,115.46,111.7,113.7,176940500,AAPL
2020-09-09,197.43,204.31,196.57,200.94,45679000,MSFT
2020-09-09,118.87,123.0,113.84,122.09,238397400,TSLA
2020-09-10,314.01,314.66,305.77,306.72,90569500,SPY
2020-09-10,12.92,12.99,12.1,12.24,698684000,NVDA
2020-09-10,116.65,116.78,109.03,109.99,182274400,AAPL
2020-09-10,202.94,204.22,194.11,195.31,35461500,MSFT
2020-09-10,128.74,133.0,120.19,123.78,254791800,TSLA
2020-09-11,308.5,309.55,304.07,306.88,84680200,SPY
2020-09-11,12.42,12.58,11.83,12.1,636928000,NVDA
2020-09-11,111.03,111.67,106.61,108.54,180860300,AAPL
2020-09-11,197.05,198.41,191.38,194.03,33620100,MSFT
2020-09-11,127.31,127.5,120.17,124.24,182152500,TSLA
2020-09-14,310.03,312.68,307.03,310.92,65605700,SPY
2020-09-14,13.01,13.24,12.56,12.8,1201744000,NVDA
2020-09-14,111.18,112.35,109.32,111.8,140150100,AAPL
2020-09-14,194.23,198.95,194.03,195.35,30375800,MSFT
2020-09-14,126.98,140.0,124.43,139.87,249061800,TSLA
2020-09-15,313.36,314.19,310.93,312.49,52920900,SPY
2020-09-15,13.21,13.23,12.76,12.92,727556000,NVDA
2020-09-15,114.68,115.16,110.1,111.97,184642000,AAPL
2020-09-15,198.21,199.5,196.79,198.55,21823900,MSFT
2020-09-15,145.52,153.98,143.57,149.92,291894600,TSLA
2020-09-16,313.72,315.15,310.98,311.25,82096000,SPY
2020-09-16,12.89,13.02,12.45,12.45,556384000,NVDA
2020-09-16,111.67,112.42,108.58,108.67,154679000,AAPL
2020-09-16,200.3,200.33,194.61,195.0,26328100,MSFT
2020-09-16,146.62,152.6,145.1,147.25,216837900,TSLA
2020-09-17,306.42,310.22,305.9,308.51,91523300,SPY
2020-09-17,12.07,12.52,11.97,12.4,792512000,NVDA
2020-09-17,106.33,108.74,105.35,106.93,178011000,AAPL
2020-09-17,190.25,194.32,190.16,192.97,34011300,MSFT
2020-09-17,138.53,145.93,136.0,141.14,230337600,TSLA
2020-09-18,309.32,309.43,302.49,304.96,105877900,SPY
2020-09-18,12.53,12.56,11.92,12.12,698460000,NVDA
2020-09-18,106.99,107.46,102.82,103.54,287104900,AAPL
2020-09-18,192.86,193.67,186.63,190.57,55225300,MSFT
2020-09-18,149.31,150.33,142.93,147.38,259220400,TSLA
2020-09-21,300.4,301.72,296.73,301.57,99450800,SPY
2020-09-21,11.86,12.45,11.84,12.45,721044000,NVDA
2020-09-21,101.31,106.79,99.92,106.68,195713800,AAPL
2020-09-21,187.53,192.78,186.76,192.62,39839700,MSFT
2020-09-21,151.04,151.89,135.69,149.8,328430400,TSLA
2020-09-22,303.04,305.19,300.54,304.64,63612100,SPY
2020-09-22,12.51,12.58,12.09,12.57,646452000,NVDA
2020-09-22,109.2,109.38,105.79,108.36,183055400,AAPL
2020-09-22,195.01,197.9,192.18,197.26,33517100,MSFT
2020-09-22,143.2,145.92,139.2,141.41,238742400,TSLA
2020-09-23,305.19,305.47,297.08,297.57,93112200,SPY
2020-09-23,12.51,12.66,12.01,12.06,647012000,NVDA
2020-09-23,108.18,108.65,103.47,103.81,150718700,AAPL
2020-09-23,197.71,197.9,190.23,190.76,30803800,MSFT
2020-09-23,135.05,137.38,125.29,126.79,285222600,TSLA
2020-09-24,296.26,301.41,294.95,298.37,76681300,SPY
2020-09-24,12.01,12.5,11.95,12.28,731240000,NVDA
2020-09-24,101.92,106.85,101.76,104.88,167743300,AAPL
2020-09-24,190.06,195.5,189.44,193.23,31202500,MSFT
2020-09-24,121.27,133.17,117.1,129.26,289683300,TSLA
2020-09-25,297.52,303.98,296.65,303.19,71069400,SPY
2020-09-25,12.38,12.81,12.18,12.8,588016000,NVDA
2020-09-25,105.08,108.97,104.35,108.81,149981400,AAPL
2020-09-25,193.58,198.8,192.62,197.64,29437300,MSFT
2020-09-25,131.16,136.24,130.43,135.78,201625500,TSLA
2020-09-28,307.33,308.94,306.35,308.23,64584600,SPY
2020-09-28,12.97,12.98,12.68,12.96,573808000,NVDA
2020-09-28,111.46,111.76,109.3,111.41,137672400,AAPL
2020-09-28,200.55,202.15,197.87,199.18,32004900,MSFT
2020-09-28,141.54,142.69,138.52,140.4,149158800,TSLA
2020-09-29,308.02,308.76,305.86,306.55,51304000,SPY
2020-09-29,12.87,13.37,12.86,13.15,621460000,NVDA
2020-09-29,111.01,111.75,110.06,110.57,99382200,AAPL
2020-09-29,199.09,199.78,196.68,197.1,24221900,MSFT
2020-09-29,138.67,142.83,137.2,139.69,150657900,TSLA
2020-09-30,307.21,312.01,307.02,308.87,104081100,SPY
2020-09-30,13.09,13.55,13.08,13.46,689184000,NVDA
2020-09-30,110.28,113.64,110.11,112.24,142675200,AAPL
2020-09-30,197.55,201.59,196.42,200.02,33829100,MSFT
2020-09-30,140.44,144.64,140.16,143.0,144436800,TSLA
2020-10-01,311.45,312.42,308.98,310.86,88698700,SPY
2020-10-01,13.68,13.69,13.39,13.54,525004000,NVDA
2020-10-01,114.01,114.09,112.26,113.19,116120400,AAPL
2020-10-01,203.03,203.5,200.97,202.05,27158400,MSFT
2020-10-01,146.92,149.63,144.81,149.39,152224500,TSLA
2020-10-02,305.93,310.83,305.46,307.9,89431100,SPY
2020-10-02,13.15,13.45,12.98,12.99,552496000,NVDA
2020-10-02,109.41,111.81,108.76,109.53,144712000,AAPL
2020-10-02,197.81,200.65,195.47,196.09,33154800,MSFT
2020-10-02,140.46,146.38,138.33,138.36,214290000,TSLA
2020-10-05,309.95,313.55,309.91,313.36,45713100,SPY
2020-10-05,13.16,13.57,13.15,13.57,479820000,NVDA
2020-10-05,110.39,113.05,110.05,112.9,106243800,AAPL
2020-10-05,197.07,200.1,196.84,200.07,21331600,MSFT
2020-10-05,141.12,144.55,139.78,141.89,134168400,TSLA
2020-10-06,313.5,315.59,308.4,308.91,90128900,SPY
2020-10-06,13.75,14.07,13.59,13.66,784420000,NVDA
2020-10-06,112.13,112.54,108.79,109.67,161498200,AAPL
2020-10-06,198.59,199.88,194.78,195.82,28554300,MSFT
2020-10-06,141.26,142.93,135.35,137.99,147438900,TSLA
2020-10-07,311.85,315.09,311.82,314.29,56999600,SPY
2020-10-07,13.92,14.04,13.79,13.89,418084000,NVDA
2020-10-07,111.08,111.98,110.61,111.53,96849000,AAPL
2020-10-07,196.91,199.81,196.59,199.55,25681100,MSFT
2020-10-07,139.96,143.3,137.95,141.77,129383100,TSLA
2020-10-08,316.21,317.14,315.3,317.07,45242500,SPY
2020-10-08,14.0,14.01,13.68,13.76,378900000,NVDA
2020-10-08,112.66,112.81,111.05,111.42,83477200,AAPL
2020-10-08,200.2,200.84,198.11,200.26,19925800,MSFT
2020-10-08,146.15,146.33,141.77,141.97,121263300,TSLA
2020-10-09,318.71,320.36,318.1,319.9,59528600,SPY
2020-10-09,13.69,13.75,13.59,13.69,346892000,NVDA
2020-10-09,111.72,113.39,111.37,113.36,100506900,AAPL
2020-10-09,200.88,205.28,200.88,205.24,26458000,MSFT
2020-10-09,143.38,144.86,142.15,144.67,86777100,TSLA
2020-10-12,322.43,326.52,321.94,325.05,80388500,SPY
2020-10-12,13.91,14.27,13.84,14.15,434744000,NVDA
2020-10-12,116.35,121.32,115.6,120.56,240226800,AAPL
2020-10-12,208.07,212.89,206.19,210.55,40461400,MSFT
2020-10-12,147.33,149.58,146.19,147.43,116373300,TSLA
2020-10-13,324.91,325.09,321.97,322.93,73255500,SPY
2020-10-13,14.22,14.27,13.94,14.17,344604000,NVDA
2020-10-13,121.4,121.52,115.96,117.36,262330500,AAPL
2020-10-13,211.81,214.17,209.63,211.94,28950800,MSFT
2020-10-13,147.78,149.63,145.53,148.88,103391100,TSLA
2020-10-14,323.5,324.59,320.17,320.9,57727900,SPY
2020-10-14,14.21,14.26,13.88,14.02,276100000,NVDA
2020-10-14,117.27,119.23,115.93,117.45,150712000,AAPL
2020-10-14,212.07,213.23,208.39,210.04,23421700,MSFT
2020-10-14,149.93,155.3,149.12,153.77,143639100,TSLA
2020-10-15,317.01,320.98,316.47,320.5,60357700,SPY
2020-10-15,13.74,13.93,13.69,13.89,267224000,NVDA
2020-10-15,115.06,117.46,114.5,116.98,112559200,AAPL
2020-10-15,206.46,209.56,205.43,208.9,22733100,MSFT
2020-10-15,150.1,152.19,147.5,149.63,107017200,TSLA
2020-10-16,321.85,323.5,320.13,320.31,89501900,SPY
2020-10-16,13.96,14.04,13.72,13.74,242392000,NVDA
2020-10-16,117.54,117.8,115.14,115.35,115393800,AAPL
2020-10-16,209.36,211.4,208.57,208.9,26057900,MSFT
2020-10-16,151.48,151.98,146.28,146.56,98327700,TSLA
2020-10-19,321.56,322.19,314.54,315.44,68425600,SPY
2020-10-19,13.83,13.91,13.33,13.42,298068000,NVDA
2020-10-19,116.26,116.7,112.09,112.4,120639300,AAPL
2020-10-19,209.62,211.41,203.25,203.72,27625800,MSFT
2020-10-19,148.75,149.0,142.96,143.61,108863400,TSLA
2020-10-20,316.78,319.93,316.02,316.7,60051900,SPY
2020-10-20,13.51,13.72,13.43,13.57,229212000,NVDA
2020-10-20,112.61,115.31,112.06,113.88,124423700,AAPL
2020-10-20,205.23,206.72,202.65,204.13,22753500,MSFT
2020-10-20,143.92,143.92,139.68,140.65,94968900,TSLA
2020-10-21,316.66,318.81,315.8,316.1,63575000,SPY
2020-10-21,13.55,13.72,13.4,13.45,219596000,NVDA
2020-10-21,113.07,115.05,112.86,113.26,89946000,AAPL
2020-10-21,202.68,206.29,202.68,204.27,22724900,MSFT
2020-10-21,140.9,144.32,140.42,140.88,97111500,TSLA
2020-10-22,316.32,318.42,314.18,317.84,55399300,SPY
2020-10-22,13.45,13.54,13.16,13.29,290480000,NVDA
2020-10-22,113.83,114.4,111.05,112.18,101988000,AAPL
2020-10-22,203.45,205.47,201.33,204.36,22351500,MSFT
2020-10-22,147.31,148.41,141.5,141.93,119979600,TSLA
2020-10-23,319.05,319.11,316.47,318.92,49143900,SPY
2020-10-23,13.38,13.52,13.22,13.52,233484000,NVDA
2020-10-23,112.8,112.95,110.75,111.49,82572600,AAPL
2020-10-23,204.49,205.68,202.72,205.63,18879600,MSFT
2020-10-23,140.61,140.96,135.79,140.21,101151000,TSLA
2020-10-26,315.55,316.33,309.55,313.02,91473000,SPY
2020-10-26,13.35,13.62,12.97,13.07,336896000,NVDA
2020-10-26,110.49,112.95,109.4,111.5,111850700,AAPL
2020-10-26,203.37,205.74,197.9,199.79,37111600,MSFT
2020-10-26,137.21,141.92,136.67,140.09,84717600,TSLA
2020-10-27,313.36,313.7,311.73,311.94,65994100,SPY
2020-10-27,13.23,13.37,13.12,13.32,250520000,NVDA
2020-10-27,111.93,113.66,111.01,113.0,92276800,AAPL
2020-10-27,201.22,204.15,200.02,202.8,36700300,MSFT
2020-10-27,141.25,143.5,140.03,141.56,68059500,TSLA
2020-10-28,306.3,311.97,300.79,301.28,127094300,SPY
2020-10-28,13.13,13.19,12.54,12.56,376520000,NVDA
2020-10-28,111.5,111.87,107.67,107.77,143937800,AAPL
2020-10-28,197.49,198.61,192.2,192.75,51195600,MSFT
2020-10-28,138.83,139.53,135.33,135.34,76354200,TSLA
2020-10-29,301.51,307.5,299.83,304.34,90597700,SPY
2020-10-29,12.77,13.12,12.68,12.95,320080000,NVDA
2020-10-29,108.9,113.32,108.74,111.76,146129200,AAPL
2020-10-29,194.07,197.2,193.41,194.69,31432600,MSFT
2020-10-29,136.65,139.35,135.49,136.94,67965900,TSLA
2020-10-30,302.78,304.08,297.54,301.17,120287300,SPY
2020-10-30,12.78,12.87,12.23,12.47,416820000,NVDA
2020-10-30,107.63,108.53,104.4,105.5,190272600,AAPL
2020-10-30,193.53,194.28,189.84,192.55,36953700,MSFT
2020-10-30,135.63,135.86,126.37,129.35,127533900,TSLA
2020-11-02,304.55,306.54,301.82,304.55,86068300,SPY
2020-11-02,12.59,12.77,12.33,12.51,299652000,NVDA
2020-11-02,105.74,107.26,104.01,105.41,122866900,AAPL
2020-11-02,194.28,195.22,190.31,192.42,30842200,MSFT
2020-11-02,131.33,135.66,130.77,133.5,87063300,TSLA
2020-11-03,307.77,311.97,304.63,309.92,93294200,SPY
2020-11-03,12.64,13.03,12.53,12.95,272900000,NVDA
2020-11-03,106.28,108.05,105.37,107.03,107624400,AAPL
2020-11-03,193.9,197.92,193.17,196.32,27512000,MSFT
2020-11-03,136.58,142.59,135.56,141.3,103055100,TSLA
2020-11-04,314.38,320.91,313.21,316.85,126959700,SPY
2020-11-04,13.32,13.75,13.26,13.72,410228000,NVDA
2020-11-04,110.62,112.02,108.88,111.4,138235500,AAPL
2020-11-04,203.53,207.62,202.01,205.79,42311800,MSFT
2020-11-04,143.54,145.13,139.03,140.33,96429300,TSLA
2020-11-05,322.11,324.83,321.76,323.03,82039700,SPY
2020-11-05,14.09,14.26,13.92,14.08,319028000,NVDA
2020-11-05,114.31,115.93,113.26,115.36,126387100,AAPL
2020-11-05,211.16,213.14,210.31,212.35,36080100,MSFT
2020-11-05,142.77,146.67,141.33,146.03,85243500,TSLA
2020-11-06,322.74,324.2,320.64,322.96,74973000,SPY
2020-11-06,14.03,14.51,13.82,14.48,383348000,NVDA
2020-11-06,114.87,115.72,112.74,115.23,114457900,AAPL
2020-11-06,211.37,213.37,207.35,212.76,25231900,MSFT
2020-11-06,145.37,145.52,141.43,143.32,65118000,TSLA
2020-11-09,335.69,336.07,326.55,327.01,172304200,SPY
2020-11-09,14.47,14.61,13.54,13.56,582976000,NVDA
2020-11-09,116.98,118.43,112.66,112.92,154515300,AAPL
2020-11-09,213.44,216.94,207.2,207.69,44395000,MSFT
2020-11-09,146.5,150.83,140.33,140.42,104499000,TSLA
2020-11-10,326.03,327.59,323.28,326.53,85552000,SPY
2020-11-10,13.53,13.53,12.56,12.7,644068000,NVDA
2020-11-10,112.18,114.16,110.8,112.58,138023400,AAPL
2020-11-10,203.99,205.89,199.44,200.67,44045100,MSFT
2020-11-10,140.03,140.03,132.01,136.79,90852600,TSLA
2020-11-11,328.71,329.78,327.48,328.96,58649000,SPY
2020-11-11,12.98,13.36,12.88,13.35,404744000,NVDA
2020-11-11,113.77,116.14,113.04,116.0,112295000,AAPL
2020-11-11,201.98,207.36,201.8,205.94,29440800,MSFT
2020-11-11,138.82,139.57,136.86,139.04,52073100,TSLA
2020-11-12,327.96,329.01,323.97,325.77,67546200,SPY
2020-11-12,13.41,13.69,13.24,13.38,365812000,NVDA
2020-11-12,116.13,117.01,115.11,115.73,103162300,AAPL
2020-11-12,206.57,208.37,203.95,204.88,21593900,MSFT
2020-11-12,138.35,141.0,136.51,137.25,59565300,TSLA
2020-11-13,327.67,331.02,327.15,330.28,62892200,SPY
2020-11-13,13.55,13.59,12.99,13.22,346312000,NVDA
2020-11-13,115.95,116.18,114.43,115.78,81581900,AAPL
2020-11-13,205.76,206.77,203.67,205.9,18621100,MSFT
2020-11-13,136.95,137.51,133.89,136.17,59313300,TSLA
2020-11-16,332.94,334.6,331.65,334.4,74541100,SPY
2020-11-16,13.1,13.58,13.08,13.44,413776000,NVDA
2020-11-16,115.45,117.46,114.7,116.79,91183000,AAPL
2020-11-16,204.34,207.07,204.01,206.59,24953300,MSFT
2020-11-16,136.31,137.48,134.7,136.03,80515800,TSLA
2020-11-17,332.0,333.8,330.5,332.6,66111000,SPY
2020-11-17,13.48,13.52,13.23,13.35,312028000,NVDA
2020-11-17,116.06,117.15,115.49,115.9,74271000,AAPL
2020-11-17,205.51,207.01,203.59,203.95,24154100,MSFT
2020-11-17,153.39,154.0,144.34,147.2,183564900,TSLA
2020-11-18,332.87,333.42,328.56,328.6,70591300,SPY
2020-11-18,13.39,13.53,13.11,13.36,510924000,NVDA
2020-11-18,115.15,116.32,114.56,114.58,76322100,AAPL
2020-11-18,203.71,205.16,201.12,201.26,28372800,MSFT
2020-11-18,149.45,165.33,147.83,162.21,234132000,TSLA
2020-11-19,327.97,330.35,326.64,329.98,59940900,SPY
2020-11-19,13.14,13.41,13.03,13.37,565936000,NVDA
2020-11-19,114.16,115.58,113.4,115.18,74113000,AAPL
2020-11-19,201.55,203.12,200.17,202.54,24792700,MSFT
2020-11-19,164.0,169.54,162.52,166.42,187425900,TSLA
2020-11-20,329.73,329.93,327.65,327.72,70417300,SPY
2020-11-20,13.38,13.42,12.99,13.02,341088000,NVDA
2020-11-20,115.18,115.3,113.87,113.91,73604300,AAPL
2020-11-20,202.33,203.37,200.23,200.6,22843100,MSFT
2020-11-20,166.0,167.5,163.02,163.2,98735700,TSLA
2020-11-23,329.52,330.94,327.3,329.69,63230600,SPY
2020-11-23,13.1,13.31,12.94,13.07,361356000,NVDA
2020-11-23,113.76,114.19,110.43,110.53,127959300,AAPL
2020-11-23,201.14,202.42,198.48,200.34,25683500,MSFT
2020-11-23,167.83,175.33,167.26,173.95,150780900,TSLA
2020-11-24,332.23,335.55,331.38,335.0,62415900,SPY
2020-11-24,13.07,13.09,12.82,12.89,346500000,NVDA
2020-11-24,110.58,112.47,109.3,111.81,113874200,AAPL
2020-11-24,199.84,204.29,199.15,203.91,33979700,MSFT
2020-11-24,180.13,186.66,175.4,185.13,160945500,TSLA
2020-11-25,334.92,334.95,333.4,334.49,45330900,SPY
2020-11-25,12.96,13.2,12.95,13.16,259916000,NVDA
2020-11-25,112.18,113.34,111.81,112.64,76499200,AAPL
2020-11-25,205.11,205.28,202.58,203.92,21012900,MSFT
2020-11-25,183.35,191.33,181.79,191.33,146790600,TSLA
2020-11-27,335.57,335.89,334.41,335.42,28514100,SPY
2020-11-27,13.3,13.33,13.1,13.19,167276000,NVDA
2020-11-27,113.17,114.06,112.83,113.19,46691300,AAPL
2020-11-27,204.86,206.21,204.09,205.22,14512200,MSFT
2020-11-27,193.72,199.59,192.82,195.25,112683300,TSLA
2020-11-30,334.64,334.91,331.27,333.93,83872700,SPY
2020-11-30,13.19,13.34,12.9,13.33,286952000,NVDA
2020-11-30,113.56,117.44,113.4,115.57,169410200,AAPL
2020-11-30,204.14,204.77,201.03,204.11,33064800,MSFT
2020-11-30,200.74,202.6,184.84,189.2,189009300,TSLA
2020-12-01,337.17,339.12,336.58,337.58,74231400,SPY
2020-12-01,13.42,13.46,13.16,13.32,296948000,NVDA
2020-12-01,117.48,119.87,116.51,119.14,127728200,AAPL
2020-12-01,204.53,207.21,203.43,206.15,30904500,MSFT
2020-12-01,199.2,199.28,190.68,194.92,120310500,TSLA
2020-12-02,336.48,338.45,335.91,338.29,45927000,SPY
2020-12-02,13.28,13.6,13.16,13.47,283360000,NVDA
2020-12-02,118.46,119.77,117.36,119.49,89004200,AAPL
2020-12-02,204.89,205.45,202.9,205.35,23724500,MSFT
2020-12-02,185.48,190.51,180.4,189.61,143327100,TSLA
2020-12-03,338.19,339.59,337.1,338.2,62882000,SPY
2020-12-03,13.52,13.59,13.26,13.33,199520000,NVDA
2020-12-03,119.91,120.17,118.64,119.35,78967600,AAPL
2020-12-03,204.63,206.32,203.71,204.28,25120900,MSFT
2020-12-03,196.67,199.66,194.14,197.79,127656000,TSLA
2020-12-04,338.78,341.12,338.69,341.12,50749900,SPY
2020-12-04,13.38,13.49,13.32,13.49,202244000,NVDA
2020-12-04,119.02,119.27,117.97,118.68,78260400,AAPL
2020-12-04,204.26,205.36,203.27,204.39,24666000,MSFT
2020-12-04,197.0,199.68,195.17,199.68,88203900,TSLA
2020-12-07,340.35,340.9,339.15,340.42,48944300,SPY
2020-12-07,13.53,13.66,13.43,13.54,223244000,NVDA
2020-12-07,118.74,120.93,118.68,120.14,86712000,AAPL
2020-12-07,204.4,205.52,203.08,204.32,24620000,MSFT
2020-12-07,201.64,216.26,201.02,213.92,168929100,TSLA
2020-12-08,339.15,341.97,339.11,341.41,42458900,SPY
2020-12-08,13.52,13.53,13.21,13.28,271920000,NVDA
2020-12-08,120.74,121.33,119.5,120.75,82225500,AAPL
2020-12-08,204.02,206.86,202.99,205.96,23284100,MSFT
2020-12-08,208.5,217.09,206.17,216.63,192795000,TSLA
2020-12-09,342.07,342.22,337.52,338.35,74098300,SPY
2020-12-09,13.23,13.35,12.8,12.86,401300000,NVDA
2020-12-09,120.89,122.27,117.47,118.23,115089200,AAPL
2020-12-09,205.15,205.22,201.39,201.95,32440600,MSFT
2020-12-09,217.9,218.11,196.0,201.49,213873600,TSLA
2020-12-10,336.98,339.28,336.12,338.24,57735400,SPY
2020-12-10,12.8,13.0,12.78,12.91,207764000,NVDA
2020-12-10,116.98,120.25,116.64,119.64,81312200,AAPL
2020-12-10,201.92,203.17,200.58,200.73,26733300,MSFT
2020-12-10,191.46,209.25,188.78,209.02,201249600,TSLA
2020-12-11,336.55,338.25,335.04,337.84,57698600,SPY
2020-12-11,12.9,12.95,12.76,12.95,209264000,NVDA
2020-12-11,118.86,119.18,117.03,118.84,86939800,AAPL
2020-12-11,200.28,203.4,199.38,203.34,30979400,MSFT
2020-12-11,205.0,208.0,198.93,203.33,139425000,TSLA
2020-12-14,340.0,341.07,336.15,336.33,69216200,SPY
2020-12-14,13.02,13.32,13.01,13.24,270156000,NVDA
2020-12-14,119.02,119.75,117.99,118.23,79184500,AAPL
2020-12-14,203.19,206.15,202.98,204.24,28798400,MSFT
2020-12-14,206.33,214.25,203.4,213.28,156121800,TSLA
2020-12-15,338.86,340.88,337.49,340.88,63865300,SPY
2020-12-15,13.37,13.39,13.12,13.29,193016000,NVDA
2020-12-15,120.71,124.17,120.51,124.15,157243700,AAPL
2020-12-15,205.16,205.4,202.37,204.17,27000600,MSFT
2020-12-15,214.43,215.63,207.93,211.08,135214500,TSLA
2020-12-16,341.09,342.32,340.21,341.41,58420500,SPY
2020-12-16,13.35,13.37,13.14,13.17,223116000,NVDA
2020-12-16,123.69,124.62,122.87,124.08,98208600,AAPL
2020-12-16,204.76,209.87,204.73,209.08,35023300,MSFT
2020-12-16,209.41,210.83,201.67,207.59,126287400,TSLA
2020-12-17,343.04,343.52,342.22,343.32,64119500,SPY
2020-12-17,13.3,13.31,13.11,13.27,231384000,NVDA
2020-12-17,125.14,125.8,124.3,124.94,94359800,AAPL
2020-12-17,209.64,210.62,207.78,209.21,32515800,MSFT
2020-12-17,209.4,219.61,206.5,218.63,168810300,TSLA
2020-12-18,343.61,343.77,339.95,341.95,136542300,SPY
2020-12-18,13.31,13.34,13.0,13.2,342064000,NVDA
2020-12-18,125.2,125.33,122.44,122.96,192541500,AAPL
2020-12-18,208.42,209.47,205.97,208.42,63354900,MSFT
2020-12-18,222.97,231.67,209.51,231.67,666378600,TSLA
2020-12-21,338.05,350.55,335.33,340.73,96386700,SPY
2020-12-21,13.01,13.3,12.9,13.26,302332000,NVDA
2020-12-21,121.37,124.56,119.85,124.49,121251600,AAPL
2020-12-21,207.43,213.58,207.17,212.24,37181900,MSFT
2020-12-21,222.08,222.83,215.36,216.62,174135900,TSLA
2020-12-22,341.05,341.16,339.03,340.15,47949000,SPY
2020-12-22,13.25,13.27,12.99,13.21,185580000,NVDA
2020-12-22,127.77,130.49,125.87,128.03,168904800,AAPL
2020-12-22,212.33,215.14,211.53,213.52,22612200,MSFT
2020-12-22,216.0,216.63,204.74,213.45,155148000,TSLA
2020-12-23,341.12,342.36,340.13,340.46,46201400,SPY
2020-12-23,13.19,13.21,12.94,12.94,179144000,NVDA
2020-12-23,128.3,128.56,126.96,127.14,88223700,AAPL
2020-12-23,212.73,213.16,210.53,210.74,18699600,MSFT
2020-12-23,210.73,217.17,207.52,215.33,99519000,TSLA
2020-12-24,340.93,341.81,340.35,341.78,26457900,SPY
2020-12-24,12.97,13.07,12.87,12.93,97884000,NVDA
2020-12-24,127.49,129.56,127.27,128.12,54930100,AAPL
2020-12-24,211.12,213.21,210.91,212.39,10550600,MSFT
2020-12-24,214.33,222.03,213.67,220.59,68596800,TSLA
2020-12-28,344.32,345.11,343.7,344.72,39000400,SPY
2020-12-28,13.0,13.0,12.7,12.83,212564000,NVDA
2020-12-28,130.08,133.33,129.61,132.7,124486200,AAPL
2020-12-28,214.01,215.52,212.65,214.5,17933500,MSFT
2020-12-28,224.84,227.13,220.27,221.23,96835800,TSLA
2020-12-29,346.24,346.41,343.48,344.06,53680500,SPY
2020-12-29,12.86,13.01,12.78,12.88,170372000,NVDA
2020-12-29,134.02,134.74,130.42,130.93,121047300,AAPL
2020-12-29,215.78,216.61,213.18,213.72,17403200,MSFT
2020-12-29,220.33,223.3,218.33,222.0,68732400,TSLA
2020-12-30,344.88,345.58,344.16,344.55,49455300,SPY
2020-12-30,12.92,13.15,12.83,13.08,225396000,NVDA
2020-12-30,131.62,132.02,129.51,129.82,96452100,AAPL
2020-12-30,214.75,215.14,211.17,211.37,20272300,MSFT
2020-12-30,224.0,232.2,222.79,231.59,128538000,TSLA
2020-12-31,344.36,347.03,343.85,346.3,78520700,SPY
2020-12-31,13.07,13.08,12.85,12.99,192424000,NVDA
2020-12-31,130.17,130.81,127.88,128.82,99116600,AAPL
2020-12-31,211.39,212.63,209.46,212.08,20942100,MSFT
2020-12-31,233.33,239.57,230.37,235.22,148949700,TSLA
2021-01-04,347.63,347.76,337.91,341.59,110210800,SPY
2021-01-04,13.04,13.58,12.9,13.05,560640000,NVDA
2021-01-04,129.62,129.71,123.06,125.63,143301900,AAPL
2021-01-04,212.18,212.63,204.82,207.57,37130100,MSFT
2021-01-04,239.82,248.16,239.06,243.26,145914600,TSLA
2021-01-05,340.95,345.03,340.9,343.94,66426200,SPY
2021-01-05,13.03,13.37,13.02,13.34,322760000,NVDA
2021-01-05,125.13,127.89,124.68,127.19,97664900,AAPL
2021-01-05,207.16,208.36,205.67,207.77,23823000,MSFT
2021-01-05,241.22,246.95,239.73,245.04,96735600,TSLA
2021-01-06,342.44,349.17,341.89,346.0,107997700,SPY
2021-01-06,13.15,13.18,12.52,12.55,580424000,NVDA
2021-01-06,123.99,127.22,122.69,122.9,155088000,AAPL
2021-01-06,202.3,206.42,202.08,202.38,35930700,MSFT
2021-01-06,252.83,258.0,249.7,251.99,134100000,TSLA
2021-01-07,348.36,351.88,348.18,351.14,68766800,SPY
2021-01-07,12.9,13.31,12.82,13.28,461480000,NVDA
2021-01-07,124.61,127.79,124.13,127.1,109578200,AAPL
2021-01-07,204.09,209.14,203.77,208.14,27694500,MSFT
2021-01-07,259.21,272.33,258.4,272.01,154496700,TSLA
2021-01-08,352.52,353.35,349.29,353.14,71677200,SPY
2021-01-08,13.29,13.35,12.98,13.21,292528000,NVDA
2021-01-08,128.56,128.76,126.43,128.2,105158200,AAPL
2021-01-08,208.51,210.32,206.94,209.41,22956200,MSFT
2021-01-08,285.33,294.83,279.46,293.34,225166500,TSLA
2021-01-11,349.98,352.51,349.86,350.76,51034700,SPY
2021-01-11,13.35,13.89,13.29,13.55,518344000,NVDA
2021-01-11,125.42,126.37,124.75,125.22,100384500,AAPL
2021-01-11,208.31,208.73,206.65,207.37,23031300,MSFT
2021-01-11,283.13,284.81,267.87,270.4,177904800,TSLA
2021-01-12,350.94,351.84,348.6,350.83,52547700,SPY
2021-01-12,13.68,13.68,13.28,13.42,291476000,NVDA
2021-01-12,124.75,125.9,123.16,125.04,91951100,AAPL
2021-01-12,206.43,207.0,203.4,204.93,23249300,MSFT
2021-01-12,277.0,289.33,275.78,283.15,138812100,TSLA
2021-01-13,350.76,352.77,349.98,351.78,45303600,SPY
2021-01-13,13.42,13.56,13.32,13.46,210028000,NVDA
2021-01-13,125.0,127.61,124.74,127.07,88636800,AAPL
2021-01-13,204.07,206.68,203.98,206.28,20087100,MSFT
2021-01-13,284.25,286.82,277.33,284.8,99937500,TSLA
2021-01-14,352.52,353.02,350.21,350.55,49989100,SPY
2021-01-14,13.51,13.53,13.11,13.13,283120000,NVDA
2021-01-14,126.98,127.18,125.0,125.15,90221800,AAPL
2021-01-14,205.87,207.35,202.85,203.11,29480800,MSFT
2021-01-14,281.13,287.67,279.58,281.67,93798900,TSLA
2021-01-15,348.93,349.73,346.14,347.99,107160000,SPY
2021-01-15,13.16,13.26,12.78,12.79,277780000,NVDA
2021-01-15,125.02,126.42,123.29,123.43,111598500,AAPL
2021-01-15,203.59,204.53,202.17,202.76,31746500,MSFT
2021-01-15,284.0,286.63,273.03,275.39,116332800,TSLA
2021-01-19,350.43,351.26,348.96,350.72,51233300,SPY
2021-01-19,12.95,13.03,12.78,12.96,226188000,NVDA
2021-01-19,124.05,124.95,123.23,124.1,90757300,AAPL
2021-01-19,203.81,206.89,202.74,206.37,30480900,MSFT
2021-01-19,279.27,283.33,277.67,281.52,76101000,TSLA
2021-01-20,353.0,356.41,352.61,355.57,61836100,SPY
2021-01-20,13.04,13.36,12.99,13.3,258572000,NVDA
2021-01-20,124.9,128.62,124.8,128.18,104319500,AAPL
2021-01-20,207.57,215.29,207.18,213.91,37777300,MSFT
2021-01-20,286.25,286.5,279.09,283.48,76997700,TSLA
2021-01-21,356.13,356.56,354.98,355.9,47840100,SPY
2021-01-21,13.35,13.93,13.18,13.8,337780000,NVDA
2021-01-21,129.89,135.59,129.69,132.87,120150900,AAPL
2021-01-21,214.25,215.77,212.08,214.51,30709400,MSFT
2021-01-21,285.0,285.24,280.47,281.66,61563300,TSLA
2021-01-22,354.06,355.8,353.68,354.64,52860500,SPY
2021-01-22,13.67,13.77,13.56,13.64,246820000,NVDA
2021-01-22,132.3,135.77,131.08,135.01,114459400,AAPL
2021-01-22,216.52,219.37,215.3,215.44,30172700,MSFT
2021-01-22,278.1,282.67,276.21,282.21,60199500,TSLA
2021-01-25,355.37,356.39,350.55,356.04,70402000,SPY
2021-01-25,13.71,13.76,13.17,13.58,251112000,NVDA
2021-01-25,138.89,140.85,132.55,138.75,157611700,AAPL
2021-01-25,218.46,219.09,213.79,218.85,33152100,MSFT
2021-01-25,285.0,300.13,279.61,293.6,123520200,TSLA
2021-01-26,356.98,357.39,355.25,355.48,42665300,SPY
2021-01-26,13.51,13.57,13.32,13.37,163980000,NVDA
2021-01-26,139.41,140.09,137.24,138.98,98390600,AAPL
2021-01-26,221.08,223.29,219.38,221.52,49169600,MSFT
2021-01-26,297.13,298.63,290.53,294.36,69394800,TSLA
2021-01-27,352.18,352.27,344.57,346.79,123351100,SPY
2021-01-27,13.16,13.16,12.73,12.85,371272000,NVDA
2021-01-27,139.24,140.09,136.31,137.91,140843800,AAPL
2021-01-27,226.93,229.26,219.44,222.07,69870600,MSFT
2021-01-27,290.12,297.17,286.22,288.05,82002000,TSLA
2021-01-28,348.6,353.76,348.16,349.78,94198100,SPY
2021-01-28,12.93,13.27,12.89,12.98,228316000,NVDA
2021-01-28,135.45,137.85,132.71,133.09,142621100,AAPL
2021-01-28,224.65,231.35,224.16,227.82,49111200,MSFT
2021-01-28,273.33,282.67,267.0,278.48,79134000,TSLA
2021-01-29,347.92,348.89,341.11,342.77,126765100,SPY
2021-01-29,13.01,13.27,12.85,12.92,271552000,NVDA
2021-01-29,131.87,132.75,126.41,128.11,177523800,AAPL
2021-01-29,225.01,226.95,220.59,221.17,42503100,MSFT
2021-01-29,276.67,280.8,260.03,264.51,104972400,TSLA
2021-02-01,346.16,349.51,343.06,348.48,75817600,SPY
2021-02-01,12.99,13.2,12.84,13.17,217204000,NVDA
2021-02-01,129.85,131.43,127.11,130.22,106239800,AAPL
2021-02-01,224.13,231.22,221.62,228.5,33314200,MSFT
2021-02-01,271.43,280.67,265.19,279.94,76174200,TSLA
2021-02-02,351.65,354.95,348.56,353.41,64450700,SPY
2021-02-02,13.33,13.5,13.22,13.49,220440000,NVDA
2021-02-02,131.77,132.33,130.68,131.05,83305400,AAPL
2021-02-02,230.08,231.04,227.59,228.37,25916300,MSFT
2021-02-02,281.56,293.5,280.73,290.93,73038600,TSLA
2021-02-03,354.23,355.4,352.42,353.69,52427100,SPY
2021-02-03,13.57,13.86,13.45,13.46,245408000,NVDA
2021-02-03,131.8,131.81,129.71,130.03,89880900,AAPL
2021-02-03,228.43,233.69,228.13,231.7,27158100,MSFT
2021-02-03,292.34,292.69,284.35,284.9,55030500,TSLA
2021-02-04,354.71,357.75,353.8,357.71,47142600,SPY
2021-02-04,13.46,13.6,13.27,13.59,201340000,NVDA
2021-02-04,132.32,133.39,130.66,133.38,84183100,AAPL
2021-02-04,231.37,231.93,229.19,230.75,25296100,MSFT
2021-02-04,285.0,285.5,277.81,283.33,47438100,TSLA
2021-02-05,359.57,359.82,357.66,359.11,48669800,SPY
2021-02-05,13.65,13.67,13.48,13.52,169152000,NVDA
2021-02-05,133.54,133.61,132.09,132.97,75693800,AAPL
2021-02-05,230.96,231.97,229.24,230.94,18054800,MSFT
2021-02-05,281.67,288.26,279.66,284.08,55699800,TSLA
2021-02-08,360.56,361.75,359.71,361.71,38365200,SPY
2021-02-08,13.66,14.4,13.66,14.36,434624000,NVDA
2021-02-08,132.26,133.16,131.18,133.11,71297200,AAPL
2021-02-08,231.84,232.35,229.61,231.19,22211900,MSFT
2021-02-08,289.89,292.59,284.92,287.81,60485100,TSLA
2021-02-09,360.87,362.06,360.47,361.47,35551100,SPY
2021-02-09,14.27,14.51,14.15,14.19,287560000,NVDA
2021-02-09,132.83,134.06,132.08,132.24,76774200,AAPL
2021-02-09,230.62,233.38,230.15,232.43,23565000,MSFT
2021-02-09,285.04,286.6,280.58,283.15,45473100,TSLA
2021-02-10,363.2,363.35,358.92,361.31,59154400,SPY
2021-02-10,14.39,14.83,14.27,14.69,485352000,NVDA
2021-02-10,132.69,133.19,130.67,131.63,73046600,AAPL
2021-02-10,233.61,234.48,229.69,231.53,22186700,MSFT
2021-02-10,281.21,281.61,266.67,268.27,108648300,TSLA
2021-02-11,362.38,362.8,359.47,361.89,42913300,SPY
2021-02-11,14.9,15.19,14.85,15.17,450828000,NVDA
2021-02-11,132.13,132.61,130.06,131.38,64280000,AAPL
2021-02-11,233.4,233.75,230.89,233.12,15751100,MSFT
2021-02-11,270.81,276.63,267.24,270.55,64868400,TSLA
2021-02-12,361.1,363.92,361.02,363.68,50593300,SPY
2021-02-12,14.97,15.21,14.7,14.88,374756000,NVDA
2021-02-12,130.62,131.77,129.98,131.61,60145100,AAPL
2021-02-12,232.58,233.89,231.44,233.6,16561100,MSFT
2021-02-12,267.09,272.44,261.78,272.04,71304900,TSLA
2021-02-16,364.9,365.1,362.65,363.36,50972400,SPY
2021-02-16,14.99,15.29,14.87,15.25,321960000,NVDA
2021-02-16,131.73,132.24,129.11,129.5,80576300,AAPL
2021-02-16,233.63,234.68,231.62,232.37,26728500,MSFT
2021-02-16,272.67,273.67,264.15,265.41,59406900,TSLA
2021-02-17,361.62,363.7,360.61,363.45,52290600,SPY
2021-02-17,15.09,15.15,14.7,14.83,274756000,NVDA
2021-02-17,127.61,128.55,125.88,127.21,97918500,AAPL
2021-02-17,230.63,233.48,230.26,233.38,21653500,MSFT
2021-02-17,259.7,266.61,254.0,266.05,77989500,TSLA
2021-02-18,360.85,362.64,359.14,361.9,59712800,SPY
2021-02-18,14.65,14.8,14.5,14.75,233868000,NVDA
2021-02-18,125.62,126.39,123.88,126.11,96856700,AAPL
2021-02-18,231.09,233.12,230.19,232.99,16925600,MSFT
2021-02-18,260.3,264.9,258.76,262.46,53871300,TSLA
2021-02-19,363.15,363.44,360.82,361.26,83241000,SPY
2021-02-19,14.95,15.1,14.77,14.85,271724000,NVDA
2021-02-19,126.63,127.08,125.23,126.27,87668800,AAPL
2021-02-19,232.95,233.05,229.54,230.29,25262600,MSFT
2021-02-19,265.0,265.6,259.12,260.43,56874900,TSLA
2021-02-22,358.51,360.88,358.21,358.48,67414200,SPY
2021-02-22,14.7,15.06,14.25,14.28,325884000,NVDA
2021-02-22,124.46,126.12,122.12,122.5,103916400,AAPL
2021-02-22,226.9,227.39,222.1,224.12,36446900,MSFT
2021-02-22,254.21,256.17,236.73,238.17,111809100,TSLA
2021-02-23,356.29,360.26,352.16,358.92,107284100,SPY
2021-02-23,14.0,14.17,13.32,14.07,391780000,NVDA
2021-02-23,120.33,123.2,115.11,122.37,158273000,AAPL
2021-02-23,220.12,224.42,218.59,222.93,30228700,MSFT
2021-02-23,220.71,237.87,206.33,232.95,199820700,TSLA
2021-02-24,357.83,363.3,356.85,362.87,72433900,SPY
2021-02-24,14.05,14.43,13.69,14.42,448320000,NVDA
2021-02-24,121.47,122.08,118.84,121.87,111039900,AAPL
2021-02-24,219.82,224.78,218.85,224.16,26339700,MSFT
2021-02-24,237.28,248.33,231.39,247.34,110301000,TSLA
2021-02-25,361.61,362.98,352.69,354.13,146670500,SPY
2021-02-25,13.97,14.3,13.15,13.24,824436000,NVDA
2021-02-25,121.22,122.95,117.2,117.63,148199500,AAPL
2021-02-25,221.8,224.19,217.78,218.84,39542200,MSFT
2021-02-25,242.05,245.74,223.53,227.41,117071700,TSLA
2021-02-26,356.0,357.14,350.33,352.31,152701600,SPY
2021-02-26,13.68,13.78,13.29,13.64,500932000,NVDA
2021-02-26,119.19,121.39,117.84,117.9,164560400,AAPL
2021-02-26,221.27,224.94,219.37,222.08,37819200,MSFT
2021-02-26,233.33,235.57,219.84,225.17,123267600,TSLA
2021-03-01,357.15,362.09,352.5,360.85,105348800,SPY
2021-03-01,13.8,13.85,13.48,13.77,353184000,NVDA
2021-03-01,120.32,124.38,119.38,124.25,116307900,AAPL
2021-03-01,225.45,226.95,222.82,226.44,25324000,MSFT
2021-03-01,230.04,239.67,228.35,239.48,81408600,TSLA
2021-03-02,361.07,361.3,357.53,358.03,79595300,SPY
2021-03-02,13.83,13.85,13.33,13.34,264116000,NVDA
2021-03-02,124.85,125.15,121.54,121.65,102260900,AAPL
2021-03-02,226.51,226.78,223.11,223.51,22812500,MSFT
2021-03-02,239.43,240.37,228.33,228.81,71196600,TSLA
2021-03-03,357.33,358.3,353.19,353.29,119940200,SPY
2021-03-03,13.36,13.38,12.73,12.74,377592000,NVDA
2021-03-03,121.35,122.22,118.46,118.67,112966300,AAPL
2021-03-03,221.87,223.23,217.19,217.48,34029500,MSFT
2021-03-03,229.33,233.57,217.24,217.73,90624000,TSLA
2021-03-04,353.1,355.68,344.45,348.92,183433000,SPY
2021-03-04,12.74,12.91,12.02,12.31,573344000,NVDA
2021-03-04,118.37,120.17,115.33,116.8,178155000,AAPL
2021-03-04,216.69,222.19,214.32,216.68,44727800,MSFT
2021-03-04,218.6,222.82,200.0,207.15,197758500,TSLA
2021-03-05,352.4,356.38,345.15,355.33,152039600,SPY
2021-03-05,12.49,12.49,11.62,12.4,542840000,NVDA
2021-03-05,117.62,118.56,114.31,118.05,153766600,AAPL
2021-03-05,219.35,222.93,216.42,221.34,41872800,MSFT
2021-03-05,208.69,209.28,179.83,199.32,268189500,TSLA
2021-03-08,356.29,359.09,353.29,353.57,123149200,SPY
2021-03-08,12.39,12.41,11.51,11.53,543112000,NVDA
2021-03-08,117.58,117.64,112.99,113.13,154376600,AAPL
2021-03-08,221.12,223.03,217.07,217.31,35267400,MSFT
2021-03-08,200.18,206.71,186.26,187.67,155361000,TSLA
2021-03-09,357.39,361.15,356.89,358.61,113633600,SPY
2021-03-09,12.07,12.56,12.0,12.46,521824000,NVDA
2021-03-09,115.73,118.67,115.49,117.73,129525800,AAPL
2021-03-09,222.56,224.95,221.4,223.42,33080500,MSFT
2021-03-09,202.73,226.03,198.4,224.53,202569900,TSLA
2021-03-10,360.95,362.53,359.54,360.85,109899400,SPY
2021-03-10,12.78,12.92,12.4,12.41,384376000,NVDA
2021-03-10,118.31,118.78,116.14,116.65,111943300,AAPL
2021-03-10,226.5,226.5,221.76,222.12,29746800,MSFT
2021-03-10,233.43,239.28,218.35,222.69,181817100,TSLA
2021-03-11,363.3,366.47,362.85,364.5,86245000,SPY
2021-03-11,12.89,12.98,12.67,12.93,299916000,NVDA
2021-03-11,119.14,119.79,117.9,118.58,103026500,AAPL
2021-03-11,224.55,228.57,223.93,226.62,29907600,MSFT
2021-03-11,233.13,234.17,225.73,233.2,108761700,TSLA
2021-03-12,363.15,365.13,362.35,364.99,64653600,SPY
2021-03-12,12.59,12.83,12.53,12.79,243964000,NVDA
2021-03-12,117.06,117.81,115.85,117.67,88105100,AAPL
2021-03-12,223.64,225.37,222.89,225.3,22653700,MSFT
2021-03-12,223.33,231.63,222.05,231.24,100751400,TSLA
2021-03-15,365.24,367.43,363.11,367.17,73427200,SPY
2021-03-15,12.8,13.14,12.71,13.13,221988000,NVDA
2021-03-15,118.04,120.56,117.08,120.55,92403800,AAPL
2021-03-15,224.55,224.77,221.54,224.4,26034900,MSFT
2021-03-15,231.36,237.73,228.01,235.98,88006800,TSLA
2021-03-16,367.78,368.49,365.94,366.71,73722500,SPY
2021-03-16,13.29,13.45,13.05,13.23,272128000,NVDA
2021-03-16,122.21,123.69,121.26,122.09,115227900,AAPL
2021-03-16,225.81,229.42,225.48,227.18,28092200,MSFT
2021-03-16,234.45,235.97,223.67,225.63,96587100,TSLA
2021-03-17,365.43,368.76,364.29,367.96,97959300,SPY
2021-03-17,12.98,13.39,12.93,13.28,243864000,NVDA
2021-03-17,120.61,122.37,118.95,121.3,111932600,AAPL
2021-03-17,225.69,227.98,222.89,226.54,29562100,MSFT
2021-03-17,218.96,234.58,217.0,233.94,121117500,TSLA
2021-03-18,365.38,367.46,361.93,362.61,115349100,SPY
2021-03-18,13.07,13.12,12.66,12.66,293896000,NVDA
2021-03-18,119.47,119.76,116.98,117.19,121229700,AAPL
2021-03-18,222.25,223.81,220.12,220.5,34833000,MSFT
2021-03-18,228.1,229.74,217.33,217.72,99674400,TSLA
2021-03-19,362.31,363.88,359.77,361.93,113624500,SPY
2021-03-19,12.69,12.86,12.55,12.78,299208000,NVDA
2021-03-19,116.57,118.06,116.36,116.66,185549500,AAPL
2021-03-19,220.78,222.17,219.19,220.14,46430700,MSFT
2021-03-19,215.53,219.08,208.21,218.29,128682000,TSLA
2021-03-22,362.45,366.2,362.39,364.82,73778600,SPY
2021-03-22,12.85,13.33,12.84,13.12,297804000,NVDA
2021-03-22,116.99,120.43,116.92,119.97,111912300,AAPL
2021-03-22,220.07,226.4,219.94,225.53,30127000,MSFT
2021-03-22,228.2,233.21,222.92,223.33,118536600,TSLA
2021-03-23,364.19,365.63,361.17,361.95,90686600,SPY
2021-03-23,13.19,13.28,12.96,13.01,222048000,NVDA
2021-03-23,119.91,120.79,118.75,119.14,95467100,AAPL
2021-03-23,226.97,230.37,226.56,227.05,31638400,MSFT
2021-03-23,225.26,225.93,219.17,220.72,91475700,TSLA
2021-03-24,363.35,364.97,360.07,360.11,97588600,SPY
2021-03-24,13.09,13.1,12.58,12.58,245840000,NVDA
2021-03-24,119.41,119.49,116.74,116.76,88530500,AAPL
2021-03-24,227.31,227.45,224.89,225.03,25620100,MSFT
2021-03-24,222.64,222.67,210.04,210.09,101385600,TSLA
2021-03-25,358.68,362.93,356.75,362.14,116128600,SPY
2021-03-25,12.44,12.65,12.21,12.48,295144000,NVDA
2021-03-25,116.22,118.29,115.7,117.24,98844700,AAPL
2021-03-25,224.87,226.44,221.31,222.04,34061900,MSFT
2021-03-25,204.33,215.17,203.17,213.46,117674700,TSLA
2021-03-26,363.28,368.37,362.69,367.97,114409100,SPY
2021-03-26,12.49,12.79,12.31,12.78,363968000,NVDA
2021-03-26,117.01,118.11,115.62,117.85,94071200,AAPL
2021-03-26,221.29,226.22,221.29,226.0,25479900,MSFT
2021-03-26,213.96,214.61,199.96,206.24,101558400,TSLA
2021-03-29,366.51,368.69,365.03,367.79,108107600,SPY
2021-03-29,12.76,13.0,12.64,12.89,273520000,NVDA
2021-03-29,118.28,119.18,117.38,118.02,80819200,AAPL
2021-03-29,226.11,226.31,221.6,224.82,25227500,MSFT
2021-03-29,205.21,205.49,198.67,203.76,85911000,TSLA
2021-03-30,366.52,367.48,365.22,366.81,76262200,SPY
2021-03-30,12.78,12.91,12.64,12.81,200204000,NVDA
2021-03-30,116.78,117.06,115.56,116.57,85671900,AAPL
2021-03-30,223.18,223.49,220.86,221.58,24792000,MSFT
2021-03-30,200.58,212.55,197.0,211.87,118297200,TSLA
2021-03-31,367.38,369.85,367.35,368.3,112734200,SPY
2021-03-31,12.95,13.41,12.92,13.28,314776000,NVDA
2021-03-31,118.28,120.09,117.79,118.76,118323800,AAPL
2021-03-31,222.59,228.5,222.09,225.32,43623500,MSFT
2021-03-31,215.54,224.0,213.7,222.64,100011900,TSLA
2021-04-01,370.22,372.33,370.02,372.28,99682900,SPY
2021-04-01,13.51,13.8,13.45,13.75,308276000,NVDA
2021-04-01,120.23,120.74,119.09,119.59,75089100,AAPL
2021-04-01,227.9,232.08,227.5,231.61,30338000,MSFT
2021-04-01,229.46,230.81,219.81,220.58,105895200,TSLA
2021-04-05,374.93,378.16,374.85,377.62,91684800,SPY
2021-04-05,13.8,13.95,13.67,13.92,255672000,NVDA
2021-04-05,120.43,122.66,119.66,122.41,88651200,AAPL
2021-04-05,232.0,238.88,231.95,238.03,36910600,MSFT
2021-04-05,235.9,236.05,228.23,230.35,125528400,TSLA
2021-04-06,377.06,378.44,376.73,377.4,62021000,SPY
2021-04-06,13.93,13.99,13.71,13.8,191744000,NVDA
2021-04-06,122.99,123.6,122.16,122.71,80171300,AAPL
2021-04-06,236.64,238.35,235.94,236.88,22931900,MSFT
2021-04-06,230.1,232.18,227.12,230.54,84815400,TSLA
2021-04-07,377.23,378.18,376.77,377.83,55836300,SPY
2021-04-07,13.81,14.18,13.65,14.08,251284000,NVDA
2021-04-07,122.34,124.37,121.67,124.35,83466700,AAPL
2021-04-07,236.83,239.81,236.24,238.83,22719800,MSFT
2021-04-07,229.0,230.46,222.61,223.66,78928200,TSLA
2021-04-08,379.08,379.68,378.15,379.63,57863100,SPY
2021-04-08,14.18,14.4,14.18,14.25,244416000,NVDA
2021-04-08,125.37,126.77,124.95,126.74,88844600,AAPL
2021-04-08,241.57,242.88,240.83,242.03,23625200,MSFT
2021-04-08,225.79,229.85,223.88,227.93,71772900,TSLA
2021-04-09,379.51,382.55,379.39,382.39,61104600,SPY
2021-04-09,14.15,14.34,14.11,14.33,195172000,NVDA
2021-04-09,126.2,129.35,125.88,129.31,106686700,AAPL
2021-04-09,241.66,244.65,241.25,244.51,24326800,MSFT
2021-04-09,225.92,226.99,223.14,225.67,64311300,TSLA
2021-04-12,381.79,382.8,381.19,382.53,56704900,SPY
2021-04-12,14.22,15.28,14.07,15.14,869324000,NVDA
2021-04-12,128.84,129.16,127.01,127.6,91420000,AAPL
2021-04-12,243.42,246.25,243.34,244.57,27148700,MSFT
2021-04-12,228.57,234.93,227.36,233.99,87407100,TSLA
2021-04-13,382.42,384.28,382.04,383.66,56551000,SPY
2021-04-13,15.16,15.62,15.05,15.6,676212000,NVDA
2021-04-13,128.77,130.92,128.27,130.7,91266500,AAPL
2021-04-13,245.86,247.7,245.45,247.04,23837500,MSFT
2021-04-13,237.57,254.33,236.89,254.11,133958400,TSLA
2021-04-14,383.63,384.68,381.81,382.35,61659900,SPY
2021-04-14,15.55,15.65,15.15,15.2,385500000,NVDA
2021-04-14,131.2,131.26,128.01,128.37,87222800,AAPL
2021-04-14,246.07,247.36,243.85,244.26,23070900,MSFT
2021-04-14,256.9,260.26,242.68,244.08,147052200,TSLA
2021-04-15,384.48,386.73,384.43,386.46,60229800,SPY
2021-04-15,15.59,16.14,15.56,16.06,598480000,NVDA
2021-04-15,130.11,131.26,129.93,130.77,89347100,AAPL
2021-04-15,246.5,248.41,246.31,248.0,25627500,MSFT
2021-04-15,247.7,247.9,240.44,246.28,83546700,TSLA
2021-04-16,387.74,388.35,386.33,387.75,82037300,SPY
2021-04-16,15.98,16.09,15.79,15.84,335208000,NVDA
2021-04-16,130.57,130.93,129.58,130.44,84922400,AAPL
2021-04-16,247.97,249.43,246.18,249.19,24878600,MSFT
2021-04-16,242.88,249.8,241.53,246.59,83938500,TSLA
2021-04-19,386.82,387.27,384.52,385.84,78498500,SPY
2021-04-19,15.46,15.73,15.16,15.29,404420000,NVDA
2021-04-19,129.81,131.71,129.64,131.1,94264200,AAPL
2021-04-19,248.66,249.89,246.4,247.27,23209300,MSFT
2021-04-19,239.87,241.8,230.6,238.21,119058600,TSLA
2021-04-20,384.64,385.73,381.55,383.02,81851800,SPY
2021-04-20,15.25,15.42,14.89,15.1,334132000,NVDA
2021-04-20,131.27,131.77,128.15,129.42,94812300,AAPL
2021-04-20,246.4,248.67,245.46,246.82,19722900,MSFT
2021-04-20,239.14,245.75,236.9,239.66,106827000,TSLA
2021-04-21,382.41,386.85,382.27,386.64,66793000,SPY
2021-04-21,15.05,15.29,15.03,15.29,216776000,NVDA
2021-04-21,128.69,130.04,127.66,129.8,68847100,AAPL
2021-04-21,247.47,249.13,245.85,249.03,24030400,MSFT
2021-04-21,234.92,248.28,232.67,248.04,93646500,TSLA
2021-04-22,386.48,387.3,382.05,383.11,97582800,SPY
2021-04-22,15.3,15.36,14.71,14.78,277788000,NVDA
2021-04-22,129.35,130.43,127.76,128.28,84566500,AAPL
2021-04-22,248.68,250.18,244.31,245.77,25606200,MSFT
2021-04-22,247.17,251.26,239.35,239.9,106770900,TSLA
2021-04-23,383.67,388.67,383.6,387.27,73209200,SPY
2021-04-23,14.86,15.26,14.83,15.19,227500000,NVDA
2021-04-23,128.49,131.37,128.49,130.59,78657500,AAPL
2021-04-23,246.45,249.92,245.87,249.58,21462600,MSFT
2021-04-23,239.93,245.79,238.49,243.13,85110000,TSLA
2021-04-26,387.92,388.64,387.33,388.07,52182400,SPY
2021-04-26,15.11,15.4,15.05,15.4,197796000,NVDA
2021-04-26,131.09,131.31,129.86,130.98,66905100,AAPL
2021-04-26,250.06,250.81,248.64,249.96,19763300,MSFT
2021-04-26,247.0,249.77,244.2,246.07,93115500,TSLA
2021-04-27,388.37,388.57,386.86,387.99,51303100,SPY
2021-04-27,15.5,15.6,15.28,15.31,164572000,NVDA
2021-04-27,131.26,131.65,130.39,130.66,66015800,AAPL
2021-04-27,249.99,251.53,248.59,250.36,31014200,MSFT
2021-04-27,239.32,241.33,234.45,234.91,88311000,TSLA
2021-04-28,388.26,389.38,387.41,387.88,51238900,SPY
2021-04-28,15.29,15.46,15.14,15.2,209416000,NVDA
2021-04-28,130.58,131.27,129.39,129.87,107760100,AAPL
2021-04-28,244.73,245.17,241.74,243.28,46903100,MSFT
2021-04-28,232.14,236.17,231.2,231.47,66813000,TSLA
2021-04-29,390.59,390.96,386.99,390.35,78544300,SPY
2021-04-29,15.33,15.36,15.0,15.25,173196000,NVDA
2021-04-29,132.68,133.27,128.78,129.78,151101000,AAPL
2021-04-29,244.14,244.75,237.97,241.32,40589000,MSFT
2021-04-29,233.17,234.08,222.83,225.67,86536200,TSLA
2021-04-30,388.09,388.94,386.89,387.79,85527000,SPY
2021-04-30,15.1,15.29,14.93,14.94,201912000,NVDA
2021-04-30,128.12,129.86,127.43,127.81,109839500,AAPL
2021-04-30,238.67,241.87,238.54,241.01,30945100,MSFT
2021-04-30,222.53,238.49,222.05,236.48,122276100,TSLA
2021-05-03,389.77,390.15,388.13,388.62,68128300,SPY
2021-05-03,15.05,15.17,14.72,14.77,203912000,NVDA
2021-05-03,128.38,130.35,128.17,128.86,75135100,AAPL
2021-05-03,242.17,243.08,239.99,240.7,19626600,MSFT
2021-05-03,234.6,235.33,226.83,228.3,81129300,TSLA
2021-05-04,386.64,387.14,382.55,386.23,101591200,SPY
2021-05-04,14.57,14.57,13.94,14.28,405324000,NVDA
2021-05-04,127.55,127.84,123.19,124.3,137564700,AAPL
2021-05-04,239.85,240.08,234.87,236.81,32756100,MSFT
2021-05-04,226.31,227.82,219.23,224.53,89217900,TSLA
2021-05-05,387.86,388.09,385.79,386.35,60162200,SPY
2021-05-05,14.64,14.74,14.32,14.39,292024000,NVDA
2021-05-05,125.62,126.83,124.42,124.55,84000900,AAPL
2021-05-05,238.02,238.44,234.93,235.55,21901300,MSFT
2021-05-05,227.02,228.43,222.45,223.65,65705700,TSLA
2021-05-06,386.42,389.56,384.42,389.43,74321400,SPY
2021-05-06,14.43,14.5,14.15,14.45,193380000,NVDA
2021-05-06,124.34,126.15,123.6,126.14,78128300,AAPL
2021-05-06,235.53,238.79,233.85,238.66,26491100,MSFT
2021-05-06,226.92,227.01,216.67,221.18,83353800,TSLA
2021-05-07,390.19,392.92,389.52,392.27,67733800,SPY
2021-05-07,14.74,14.9,14.6,14.74,229328000,NVDA
2021-05-07,127.44,127.84,126.1,126.81,78973300,AAPL
2021-05-07,240.98,243.03,240.04,241.27,27032900,MSFT
2021-05-07,221.93,230.0,220.07,224.12,70407600,TSLA
2021-05-10,392.62,392.84,388.26,388.38,81852400,SPY
2021-05-10,14.72,14.74,14.18,14.2,268904000,NVDA
2021-05-10,126.03,126.16,123.5,123.54,88071200,AAPL
2021-05-10,239.75,240.58,236.17,236.23,29299900,MSFT
2021-05-10,221.63,221.68,209.2,209.68,94177200,TSLA
2021-05-11,383.88,385.9,381.06,384.92,116888000,SPY
2021-05-11,13.76,14.29,13.68,14.24,285584000,NVDA
2021-05-11,120.28,122.98,119.57,122.63,126142800,AAPL
2021-05-11,233.71,235.67,231.82,235.32,33641600,MSFT
2021-05-11,199.75,209.03,198.53,205.73,139511700,TSLA
2021-05-12,382.15,383.41,375.43,376.74,134811000,SPY
2021-05-12,13.94,14.19,13.64,13.69,303408000,NVDA
2021-05-12,120.18,121.39,119.06,119.57,112172300,AAPL
2021-05-12,231.44,233.55,227.52,228.41,36684400,MSFT
2021-05-12,200.83,206.8,195.59,196.63,101470800,TSLA
2021-05-13,378.28,383.19,378.23,381.26,106394000,SPY
2021-05-13,13.97,14.01,13.39,13.6,285404000,NVDA
2021-05-13,121.33,122.86,121.02,121.71,105861300,AAPL
2021-05-13,231.09,234.72,230.72,232.26,29624300,MSFT
2021-05-13,200.51,202.15,186.55,190.56,132554700,TSLA
2021-05-14,383.99,387.96,383.96,387.12,82201600,SPY
2021-05-14,13.82,14.26,13.68,14.17,258616000,NVDA
2021-05-14,122.96,124.55,122.57,124.13,81918000,AAPL
2021-05-14,234.7,238.14,234.61,237.15,23901100,MSFT
2021-05-14,194.47,197.62,190.15,196.58,100112700,TSLA
2021-05-17,386.01,386.94,384.13,386.13,65129200,SPY
2021-05-17,14.09,14.1,13.79,14.1,216980000,NVDA
2021-05-17,123.51,123.62,121.9,122.98,74244600,AAPL
2021-05-17,235.62,235.66,232.73,234.32,24970200,MSFT
2021-05-17,191.85,196.58,187.07,192.28,97171200,TSLA
2021-05-18,386.39,386.63,382.65,382.81,59810200,SPY
2021-05-18,14.2,14.34,13.94,13.95,186256000,NVDA
2021-05-18,123.26,123.68,121.52,121.59,63342900,AAPL
2021-05-18,235.36,235.49,232.14,232.31,20168000,MSFT
2021-05-18,189.33,198.75,187.79,192.62,110491800,TSLA
2021-05-19,378.14,381.98,376.66,381.8,106467100,SPY
2021-05-19,13.5,14.01,13.48,14.0,344000000,NVDA
2021-05-19,119.95,121.66,119.65,121.44,92612000,AAPL
2021-05-19,229.23,232.99,228.55,232.88,25739800,MSFT
2021-05-19,184.18,188.74,182.33,187.82,118735200,TSLA
2021-05-20,382.68,387.16,382.55,385.91,78022200,SPY
2021-05-20,14.23,14.61,14.2,14.54,321592000,NVDA
2021-05-20,121.96,124.39,121.84,123.99,76857100,AAPL
2021-05-20,233.69,237.51,233.59,236.1,21800700,MSFT
2021-05-20,191.67,196.28,190.36,195.59,92463300,TSLA
2021-05-21,387.39,388.62,385.14,385.59,76578700,SPY
2021-05-21,15.09,15.15,14.8,14.92,672992000,NVDA
2021-05-21,124.49,124.66,121.94,122.16,79295400,AAPL
2021-05-21,237.15,237.87,234.43,234.85,21863100,MSFT
2021-05-21,198.7,198.89,193.33,193.63,78091800,TSLA
2021-05-24,387.82,390.59,387.58,389.52,51376700,SPY
2021-05-24,15.14,15.67,15.1,15.54,554816000,NVDA
2021-05-24,122.72,124.6,122.65,123.78,63092900,AAPL
2021-05-24,237.36,240.58,237.09,240.22,21411500,MSFT
2021-05-24,193.87,204.83,191.22,202.15,103674300,TSLA
2021-05-25,390.6,390.96,388.08,388.66,57451400,SPY
2021-05-25,15.69,15.74,15.41,15.57,435408000,NVDA
2021-05-25,124.49,124.97,123.02,123.59,72009500,AAPL
2021-05-25,241.17,242.11,240.26,241.12,17704300,MSFT
2021-05-25,202.44,204.66,198.57,201.56,84017700,TSLA
2021-05-26,389.25,389.93,388.21,389.43,43088600,SPY
2021-05-26,15.66,15.72,15.51,15.62,370440000,NVDA
2021-05-26,123.65,124.07,123.12,123.54,56575900,AAPL
2021-05-26,240.84,242.29,240.19,240.9,17771600,MSFT
2021-05-26,202.52,208.72,200.5,206.38,85917900,TSLA
2021-05-27,390.45,390.96,389.36,389.64,56707700,SPY
2021-05-27,15.62,15.67,15.39,15.41,581476000,NVDA
2021-05-27,123.14,124.31,121.82,122.01,94625600,AAPL
2021-05-27,240.59,240.89,238.75,238.81,24426200,MSFT
2021-05-27,206.75,210.38,205.4,210.28,79111800,TSLA
2021-05-28,391.2,391.46,390.1,390.33,58520200,SPY
2021-05-28,15.43,16.2,15.43,16.17,644536000,NVDA
2021-05-28,122.29,122.52,121.3,121.36,71311100,AAPL
2021-05-28,240.43,241.47,239.05,239.17,18270200,MSFT
2021-05-28,209.5,211.86,207.46,208.41,68211000,TSLA
2021-06-01,392.68,392.82,389.55,389.99,54216600,SPY
2021-06-01,16.19,16.31,15.83,16.19,472804000,NVDA
2021-06-01,121.82,122.08,120.71,121.04,67637100,AAPL
2021-06-01,240.65,240.71,236.56,236.98,23213300,MSFT
2021-06-01,209.27,211.27,206.85,207.97,54254700,TSLA
2021-06-02,390.64,391.44,389.64,390.6,49097100,SPY
2021-06-02,16.17,16.84,16.16,16.7,594168000,NVDA
2021-06-02,121.04,121.97,120.81,121.8,59278900,AAPL
2021-06-02,237.68,238.77,235.49,236.89,19406700,MSFT
2021-06-02,206.71,207.79,199.71,201.71,69908400,TSLA
2021-06-03,388.3,390.29,386.84,389.15,58138800,SPY
2021-06-03,16.62,17.18,16.5,16.89,580008000,NVDA
2021-06-03,121.43,121.59,119.92,120.32,76229200,AAPL
2021-06-03,234.89,235.97,232.77,235.36,25307700,MSFT
2021-06-03,200.6,201.52,190.41,190.95,90335700,TSLA
2021-06-04,390.99,393.01,389.22,392.71,55938800,SPY
2021-06-04,17.03,17.58,17.01,17.49,617120000,NVDA
2021-06-04,120.83,122.87,120.62,122.61,75169300,AAPL
2021-06-04,237.33,241.05,237.09,240.23,25281100,MSFT
2021-06-04,193.24,200.2,192.4,199.68,72110700,TSLA
2021-06-07,392.7,392.88,391.4,392.33,51555000,SPY
2021-06-07,17.49,17.73,17.11,17.53,575756000,NVDA
2021-06-07,122.88,123.02,121.57,122.62,71057600,AAPL
2021-06-07,239.45,243.39,239.29,243.12,23079200,MSFT
2021-06-07,197.28,203.33,194.29,201.71,67631100,TSLA
2021-06-08,393.19,393.28,390.59,392.41,47134300,SPY
2021-06-08,17.44,17.54,17.17,17.37,323848000,NVDA
2021-06-08,123.3,125.11,122.92,123.43,74403800,AAPL
2021-06-08,244.42,245.23,241.88,241.94,22455000,MSFT
2021-06-08,207.67,207.7,198.5,201.2,78160200,TSLA
2021-06-09,393.25,393.33,391.61,391.83,48436300,SPY
2021-06-09,17.44,17.49,17.18,17.28,381656000,NVDA
2021-06-09,123.89,124.42,123.22,123.81,56877900,AAPL
2021-06-09,243.12,244.77,242.55,242.91,17937600,MSFT
2021-06-09,200.72,203.93,199.21,199.59,49753800,TSLA
2021-06-10,393.05,394.6,391.74,393.65,51020100,SPY
2021-06-10,17.27,17.41,17.1,17.35,287772000,NVDA
2021-06-10,123.71,124.85,122.65,122.82,71186400,AAPL
2021-06-10,243.58,246.62,242.99,246.41,24563600,MSFT
2021-06-10,201.29,205.53,200.17,203.37,71758800,TSLA
2021-06-11,394.2,394.41,392.92,394.3,45570800,SPY
2021-06-11,17.4,17.86,17.36,17.74,416308000,NVDA
2021-06-11,123.23,124.12,122.81,124.03,53522400,AAPL
2021-06-11,247.13,247.61,245.81,247.03,18999700,MSFT
2021-06-11,203.41,204.19,200.51,203.3,48615900,TSLA
2021-06-14,394.41,395.29,393.18,395.18,42358500,SPY
2021-06-14,17.82,17.96,17.58,17.94,321376000,NVDA
2021-06-14,124.49,127.13,123.75,127.08,96906500,AAPL
2021-06-14,247.04,249.0,245.99,248.95,19150500,MSFT
2021-06-14,204.08,208.5,203.06,205.9,61272000,TSLA
2021-06-15,395.33,395.37,393.59,394.46,51508500,SPY
2021-06-15,17.83,17.93,17.65,17.71,243032000,NVDA
2021-06-15,126.55,127.19,126.01,126.26,62746300,AAPL
2021-06-15,248.83,249.04,246.83,247.48,18038900,MSFT
2021-06-15,205.56,205.6,199.41,199.79,53292300,TSLA
2021-06-16,394.6,394.82,390.22,392.26,80386100,SPY
2021-06-16,17.71,17.87,17.5,17.73,307124000,NVDA
2021-06-16,126.97,127.48,125.11,126.75,91815000,AAPL
2021-06-16,248.48,249.61,243.71,246.54,27220000,MSFT
2021-06-16,199.18,202.83,197.83,201.62,66432300,TSLA
2021-06-17,391.85,393.1,389.66,392.13,90949700,SPY
2021-06-17,17.69,18.75,17.68,18.57,809656000,NVDA
2021-06-17,126.41,129.09,126.27,128.35,96721700,AAPL
2021-06-17,245.29,250.73,245.23,249.91,27565500,MSFT
2021-06-17,200.63,207.16,200.45,205.53,68104200,TSLA
2021-06-18,388.86,389.55,386.63,386.84,118676300,SPY
2021-06-18,18.7,19.29,18.5,18.55,968856000,NVDA
2021-06-18,127.3,128.08,126.84,127.06,108953300,AAPL
2021-06-18,248.7,251.26,247.86,248.51,37202200,MSFT
2021-06-18,204.46,209.45,203.93,207.77,73682700,TSLA
2021-06-21,388.59,392.56,387.78,392.37,72822000,SPY
2021-06-21,18.35,18.45,17.74,18.34,672384000,NVDA
2021-06-21,126.9,128.96,125.84,128.85,79663300,AAPL
2021-06-21,248.88,252.42,247.06,251.57,26696100,MSFT
2021-06-21,208.16,210.46,202.96,206.94,74438100,TSLA
2021-06-22,392.37,395.3,391.65,394.47,57700300,SPY
2021-06-22,18.39,18.88,18.3,18.8,580144000,NVDA
2021-06-22,128.68,130.58,128.19,130.48,74783600,AAPL
2021-06-22,251.66,254.6,251.35,254.33,24694100,MSFT
2021-06-22,206.08,209.52,205.17,207.9,57476700,TSLA
2021-06-23,394.55,395.35,393.91,394.0,49445400,SPY
2021-06-23,18.92,19.07,18.82,18.97,332356000,NVDA
2021-06-23,130.28,130.82,129.75,130.21,60214200,AAPL
2021-06-23,254.79,255.59,253.3,254.1,19518700,MSFT
2021-06-23,210.67,219.07,210.01,218.86,93297600,TSLA
2021-06-24,396.13,396.75,395.88,396.33,45110300,SPY
2021-06-24,19.14,19.33,19.0,19.12,320924000,NVDA
2021-06-24,130.94,131.13,129.46,129.93,68711000,AAPL
2021-06-24,254.95,256.57,254.29,255.46,21446900,MSFT
2021-06-24,225.0,232.54,222.54,226.61,137947200,TSLA
2021-06-25,397.07,398.18,396.75,397.74,58129500,SPY
2021-06-25,19.19,19.26,18.81,18.94,278364000,NVDA
2021-06-25,129.98,130.4,129.35,129.64,70783700,AAPL
2021-06-25,255.02,256.0,253.61,253.86,25611100,MSFT
2021-06-25,229.86,231.27,222.9,223.96,97490100,TSLA
2021-06-28,398.26,398.7,397.06,398.54,53159600,SPY
2021-06-28,19.27,19.99,19.23,19.89,495436000,NVDA
2021-06-28,129.93,131.72,129.87,131.26,62111300,AAPL
2021-06-28,254.98,257.58,254.71,257.41,19590000,MSFT
2021-06-28,223.88,231.57,223.44,229.57,64884600,TSLA
2021-06-29,398.92,399.55,398.22,398.75,35970500,SPY
2021-06-29,19.79,20.01,19.57,19.94,367632000,NVDA
2021-06-29,131.28,132.93,130.85,132.77,64556100,AAPL
2021-06-29,257.55,260.21,256.7,259.97,19937800,MSFT
2021-06-29,228.22,229.17,225.3,226.92,52143900,TSLA
2021-06-30,398.29,399.76,398.27,399.09,64827900,SPY
2021-06-30,19.91,20.07,19.77,19.91,326568000,NVDA
2021-06-30,132.62,133.83,132.33,133.39,63261400,AAPL
2021-06-30,259.29,259.93,258.25,259.49,21656500,MSFT
2021-06-30,226.59,230.94,226.05,226.57,56774700,TSLA
2021-07-01,399.84,401.46,399.78,401.3,53441000,SPY
2021-07-01,20.03,20.36,19.93,20.12,480136000,NVDA
2021-07-01,133.04,133.75,132.22,133.69,52485800,AAPL
2021-07-01,258.26,260.39,258.25,260.16,16725300,MSFT
2021-07-01,227.97,229.33,224.27,225.97,55903500,TSLA
2021-07-02,402.45,404.72,401.38,404.36,57697700,SPY
2021-07-02,20.35,20.41,20.2,20.39,342764000,NVDA
2021-07-02,134.3,136.35,134.16,136.31,78852600,AAPL
2021-07-02,261.33,266.29,261.03,265.96,26458000,MSFT
2021-07-02,226.33,233.33,224.42,226.3,81163500,TSLA
2021-07-06,404.42,404.63,400.91,403.63,68710400,SPY
2021-07-06,20.64,20.75,20.26,20.6,446708000,NVDA
2021-07-06,136.42,139.42,136.42,138.32,108181800,AAPL
2021-07-06,266.32,267.61,262.75,265.97,31565600,MSFT
2021-07-06,227.24,228.0,217.13,219.86,69853500,TSLA
2021-07-07,404.31,405.33,402.3,405.05,63549500,SPY
2021-07-07,20.76,20.78,20.24,20.28,418428000,NVDA
2021-07-07,139.8,141.11,138.94,140.8,104911600,AAPL
2021-07-07,267.64,268.87,265.48,268.14,23260000,MSFT
2021-07-07,221.42,221.9,212.77,214.88,56376000,TSLA
2021-07-08,399.76,402.51,398.58,401.75,97595200,SPY
2021-07-08,19.77,20.04,19.61,19.81,503300000,NVDA
2021-07-08,137.89,140.3,137.0,139.5,105575500,AAPL
2021-07-08,265.24,266.99,263.3,265.74,24618600,MSFT
2021-07-08,209.46,218.14,206.82,217.6,68319900,TSLA
2021-07-09,403.25,406.34,401.56,406.04,76238600,SPY
2021-07-09,19.87,19.99,19.66,19.96,296624000,NVDA
2021-07-09,139.03,141.85,138.93,141.32,99890800,AAPL
2021-07-09,264.11,266.34,263.73,266.24,23916700,MSFT
2021-07-09,217.73,219.64,214.9,218.98,54421500,TSLA
2021-07-12,405.96,407.75,405.53,407.5,52889600,SPY
2021-07-12,20.15,20.44,20.1,20.42,321984000,NVDA
2021-07-12,142.4,142.5,140.24,140.73,76299700,AAPL
2021-07-12,267.41,267.99,264.93,265.64,18931700,MSFT
2021-07-12,220.73,229.08,220.72,228.57,77781000,TSLA
2021-07-13,406.71,408.21,405.85,406.11,52911300,SPY
2021-07-13,20.31,20.37,20.02,20.16,290708000,NVDA
2021-07-13,140.27,143.61,139.88,141.84,100827100,AAPL
2021-07-13,265.83,270.94,265.71,269.15,26120100,MSFT
2021-07-13,228.77,231.09,222.1,222.85,62898300,TSLA
2021-07-14,407.79,408.28,405.47,406.71,64130400,SPY
2021-07-14,20.26,20.32,19.66,19.75,380100000,NVDA
2021-07-14,144.24,145.67,143.83,145.26,127050800,AAPL
2021-07-14,270.46,271.72,268.74,270.61,23113700,MSFT
2021-07-14,223.58,226.2,217.61,217.79,64923600,TSLA
2021-07-15,405.38,406.05,403.43,405.32,55126400,SPY
2021-07-15,19.72,19.76,18.77,18.88,550564000,NVDA
2021-07-15,145.35,146.09,143.25,144.61,106820300,AAPL
2021-07-15,270.13,270.61,268.05,269.2,22604200,MSFT
2021-07-15,219.46,222.05,212.63,216.87,60628800,TSLA
2021-07-16,406.5,406.55,401.75,402.15,75874700,SPY
2021-07-16,18.94,19.07,17.99,18.08,688224000,NVDA
2021-07-16,144.59,145.85,142.07,142.57,93251400,AAPL
2021-07-16,270.19,272.14,267.69,268.93,26186800,MSFT
2021-07-16,218.23,218.9,214.07,214.74,49113000,TSLA
2021-07-19,397.34,402.21,393.41,396.21,147987000,SPY
2021-07-19,17.83,18.96,17.78,18.69,749060000,NVDA
2021-07-19,140.0,140.31,137.97,138.73,121434600,AAPL
2021-07-19,267.19,268.56,262.89,265.35,32935600,MSFT
2021-07-19,209.96,215.73,207.1,215.41,63891300,TSLA
2021-07-20,396.87,403.15,396.08,401.88,99608200,SPY
2021-07-20,18.64,18.75,18.08,18.53,434687000,NVDA
2021-07-20,139.72,143.26,139.23,142.34,96350000,AAPL
2021-07-20,266.32,269.14,264.63,267.56,26259700,MSFT
2021-07-20,217.33,220.8,213.5,220.17,46461300,TSLA
2021-07-21,403.08,405.28,401.84,405.14,64724400,SPY
2021-07-21,18.8,19.44,18.66,19.32,371017000,NVDA
2021-07-21,141.73,142.32,140.86,141.61,74993500,AAPL
2021-07-21,267.16,269.67,265.61,269.55,24364300,MSFT
2021-07-21,219.87,221.62,216.76,218.43,41859900,TSLA
2021-07-22,405.31,406.23,404.34,405.99,47878500,SPY
2021-07-22,19.55,19.8,19.19,19.5,323826000,NVDA
2021-07-22,142.13,144.33,142.01,142.97,77338200,AAPL
2021-07-22,271.89,274.36,271.49,274.09,23384100,MSFT
2021-07-22,218.81,220.72,214.87,216.42,45317100,TSLA
2021-07-23,407.91,410.5,407.23,410.16,63766600,SPY
2021-07-23,19.57,19.61,19.16,19.47,195672000,NVDA
2021-07-23,143.7,144.84,143.09,144.68,71447400,AAPL
2021-07-23,275.27,277.78,274.44,277.47,22768100,MSFT
2021-07-23,215.45,216.27,212.43,214.46,43814700,TSLA
2021-07-26,409.58,411.18,409.53,411.17,43719200,SPY
2021-07-26,19.22,19.35,18.83,19.21,203943000,NVDA
2021-07-26,144.4,145.92,143.85,145.1,72434100,AAPL
2021-07-26,276.83,277.49,274.57,276.88,23176100,MSFT
2021-07-26,216.99,222.73,215.7,219.21,76009800,TSLA
2021-07-27,410.13,410.16,406.48,409.3,67397100,SPY
2021-07-27,19.18,19.53,18.66,19.12,248863000,NVDA
2021-07-27,145.23,145.32,141.75,142.94,104818600,AAPL
2021-07-27,277.24,277.39,271.04,274.47,33604100,MSFT
2021-07-27,221.13,222.17,209.08,214.93,98439900,TSLA
2021-07-28,409.92,410.5,407.71,409.13,52472400,SPY
2021-07-28,19.23,19.56,18.91,19.41,202191000,NVDA
2021-07-28,141.03,143.14,138.82,141.2,118931200,AAPL
2021-07-28,276.82,277.93,271.88,274.17,33566900,MSFT
2021-07-28,215.67,218.32,213.13,215.66,48019800,TSLA
2021-07-29,410.05,411.9,410.04,410.82,47435300,SPY
2021-07-29,19.43,19.76,19.24,19.57,190781000,NVDA
2021-07-29,140.92,142.73,140.81,141.84,56699500,AAPL
2021-07-29,274.19,276.47,274.03,274.44,18168300,MSFT
2021-07-29,216.6,227.9,216.27,225.78,91183800,TSLA
2021-07-30,408.27,410.27,408.14,408.83,68951200,SPY
2021-07-30,19.33,19.54,19.18,19.41,183497000,NVDA
2021-07-30,140.61,142.51,140.35,142.05,70440600,AAPL
2021-07-30,273.16,274.59,271.96,272.91,20944800,MSFT
2021-07-30,223.92,232.51,223.0,229.07,88969200,TSLA
2021-08-02,410.54,411.09,407.62,407.97,58783300,SPY
2021-08-02,19.61,19.87,19.27,19.66,217444000,NVDA
2021-08-02,142.54,143.12,141.46,141.72,62880000,AAPL
2021-08-02,274.3,274.7,271.79,272.83,16267400,MSFT
2021-08-02,233.33,242.31,232.8,236.56,100847400,TSLA
2021-08-03,408.76,411.41,406.58,411.29,58053900,SPY
2021-08-03,19.65,20.13,19.13,19.72,301811000,NVDA
2021-08-03,142.01,144.18,141.39,143.52,64786600,AAPL
2021-08-03,273.4,275.14,272.04,275.03,17879000,MSFT
2021-08-03,239.67,240.88,233.67,236.58,64860900,TSLA
2021-08-04,410.01,411.26,409.03,409.27,46732200,SPY
2021-08-04,19.9,20.23,19.74,20.18,231309000,NVDA
2021-08-04,143.43,143.93,142.46,143.12,56368300,AAPL
2021-08-04,274.17,275.48,272.66,274.45,16191300,MSFT
2021-08-04,237.0,241.63,236.31,236.97,51007800,TSLA
2021-08-05,410.42,411.94,410.11,411.86,38969700,SPY
2021-08-05,20.41,20.64,20.25,20.54,211435000,NVDA
2021-08-05,143.15,143.98,142.36,143.22,46397700,AAPL
2021-08-05,274.8,277.43,274.05,277.33,13900200,MSFT
2021-08-05,238.67,240.32,237.14,238.21,38758800,TSLA
2021-08-06,412.18,412.96,411.9,412.54,46930000,SPY
2021-08-06,20.43,20.48,20.12,20.27,178497000,NVDA
2021-08-06,142.75,143.49,142.04,142.54,54126800,AAPL
2021-08-06,276.36,277.31,275.51,277.27,16589300,MSFT
2021-08-06,237.3,238.78,232.54,233.03,46869000,TSLA
2021-08-09,412.51,412.83,411.44,412.2,41222600,SPY
2021-08-09,20.35,20.41,20.05,20.2,146443000,NVDA
2021-08-09,142.6,143.09,141.94,142.49,48908700,AAPL
2021-08-09,277.55,279.27,275.69,276.19,16117600,MSFT
2021-08-09,236.72,239.68,235.04,237.92,44145900,TSLA
2021-08-10,412.65,413.43,411.97,412.72,43339300,SPY
2021-08-10,20.23,20.34,19.74,19.85,179238000,NVDA
2021-08-10,142.83,144.07,141.72,142.01,69023100,AAPL
2021-08-10,276.64,277.07,273.19,274.38,18616600,MSFT
2021-08-10,238.0,238.86,233.96,236.66,40296900,TSLA
2021-08-11,413.78,413.84,412.66,413.74,44034300,SPY
2021-08-11,19.95,19.96,19.34,19.61,185925000,NVDA
2021-08-11,142.45,143.11,141.95,142.27,48493500,AAPL
2021-08-11,275.12,276.51,273.82,274.87,13955900,MSFT
2021-08-11,237.57,238.39,234.74,235.94,29401800,TSLA
2021-08-12,413.59,415.12,412.7,414.98,38909400,SPY
2021-08-12,19.78,19.94,19.53,19.81,151652000,NVDA
2021-08-12,142.59,145.38,142.25,145.22,72282600,AAPL
2021-08-12,274.56,277.76,274.28,277.61,14561300,MSFT
2021-08-12,235.45,240.93,233.13,240.75,52377300,TSLA
2021-08-13,415.43,415.76,414.95,415.74,39470300,SPY
2021-08-13,19.81,20.12,19.76,20.1,183063000,NVDA
2021-08-13,145.3,145.76,144.62,145.43,59375000,AAPL
2021-08-13,277.29,280.57,277.12,280.52,18249000,MSFT
2021-08-13,241.24,243.3,238.11,239.06,50194500,TSLA
2021-08-16,414.44,416.85,412.89,416.72,73740000,SPY
2021-08-16,20.04,20.19,19.36,19.86,210876000,NVDA
2021-08-16,144.88,147.47,142.86,147.4,103296000,AAPL
2021-08-16,280.84,282.41,277.81,282.2,22507600,MSFT
2021-08-16,235.02,236.5,225.47,228.72,68032200,TSLA
2021-08-17,414.17,414.84,411.01,413.99,92673900,SPY
2021-08-17,19.6,19.68,19.18,19.37,204585000,NVDA
2021-08-17,146.53,147.94,145.42,146.49,92229700,AAPL
2021-08-17,280.08,281.07,278.82,280.74,20075300,MSFT
2021-08-17,224.22,224.86,216.28,221.9,71163900,TSLA
2021-08-18,412.98,414.54,409.21,409.45,89351900,SPY
2021-08-18,19.41,19.54,18.91,18.95,285913000,NVDA
2021-08-18,146.11,147.01,142.55,142.76,86326000,AAPL
2021-08-18,280.28,282.95,278.58,279.02,21813000,MSFT
2021-08-18,223.25,231.92,223.12,229.66,61048200,TSLA
2021-08-19,406.74,411.28,406.6,410.09,92812200,SPY
2021-08-19,19.41,20.4,18.68,19.71,766555000,NVDA
2021-08-19,141.46,144.35,140.94,143.09,86960300,AAPL
2021-08-19,277.06,285.49,277.02,284.82,29850500,MSFT
2021-08-19,226.07,228.85,222.53,224.49,42940500,TSLA
2021-08-20,410.43,413.68,409.95,413.35,72008700,SPY
2021-08-20,19.9,20.77,19.84,20.72,675741000,NVDA
2021-08-20,143.81,144.84,143.17,144.54,60549600,AAPL
2021-08-20,287.65,293.52,286.06,292.1,40817600,MSFT
2021-08-20,227.62,230.71,224.57,226.75,44525700,TSLA
2021-08-23,415.03,417.89,413.43,416.99,54973000,SPY
2021-08-23,20.88,21.9,20.85,21.86,575807000,NVDA
2021-08-23,144.66,146.49,144.25,146.02,60131800,AAPL
2021-08-23,291.04,293.1,289.69,292.38,22830200,MSFT
2021-08-23,228.48,237.38,226.92,235.43,60794700,TSLA
2021-08-24,417.65,418.18,417.14,417.65,38744700,SPY
2021-08-24,21.65,21.86,21.44,21.69,297299000,NVDA
2021-08-24,145.77,147.14,145.48,145.93,48606400,AAPL
2021-08-24,292.74,293.34,289.84,290.43,18175800,MSFT
2021-08-24,236.89,238.41,234.21,236.16,39249300,TSLA
2021-08-25,417.84,419.04,417.46,418.53,40529700,SPY
2021-08-25,21.64,22.37,21.62,22.11,347701000,NVDA
2021-08-25,146.12,146.62,144.16,144.71,58991300,AAPL
2021-08-25,292.05,292.32,288.32,289.85,20006100,MSFT
2021-08-25,235.68,238.99,234.67,237.07,37936800,TSLA
2021-08-26,418.25,418.48,415.96,416.06,57829600,SPY
2021-08-26,22.1,22.24,21.69,21.97,237940000,NVDA
2021-08-26,144.7,145.45,143.88,143.91,48597200,AAPL
2021-08-26,288.87,290.25,286.91,287.04,17666100,MSFT
2021-08-26,236.1,238.47,232.54,233.72,39642900,TSLA
2021-08-27,416.86,420.15,416.8,419.78,77235100,SPY
2021-08-27,22.08,22.62,22.07,22.53,304722000,NVDA
2021-08-27,143.85,145.09,143.21,144.94,55802400,AAPL
2021-08-27,286.95,288.75,284.88,287.65,22605700,MSFT
2021-08-27,235.0,238.33,234.03,237.31,41501400,TSLA
2021-08-30,420.45,422.4,420.2,421.62,48357400,SPY
2021-08-30,22.73,22.94,22.45,22.58,262580000,NVDA
2021-08-30,145.33,149.71,144.95,149.35,90956700,AAPL
2021-08-30,288.99,291.97,288.94,291.36,16348100,MSFT
2021-08-30,238.24,243.67,237.58,243.64,55812600,TSLA
2021-08-31,421.53,421.86,420.4,421.0,59300200,SPY
2021-08-31,22.6,22.6,22.02,22.29,259850000,NVDA
2021-08-31,148.9,149.04,147.56,148.09,86453100,AAPL
2021-08-31,292.16,292.24,289.36,289.72,26285300,MSFT
2021-08-31,244.33,246.8,242.15,245.24,62566200,TSLA
2021-09-01,421.93,422.44,420.99,421.22,48721400,SPY
2021-09-01,22.39,22.6,22.26,22.34,201767000,NVDA
2021-09-01,149.07,151.16,148.59,148.75,80313700,AAPL
2021-09-01,290.67,292.9,289.35,289.67,18983800,MSFT
2021-09-01,244.69,247.33,243.76,244.7,39612900,TSLA
2021-09-02,422.64,423.32,421.32,422.52,42501000,SPY
2021-09-02,22.42,22.49,22.2,22.3,187834000,NVDA
2021-09-02,150.08,150.91,148.65,149.87,71115500,AAPL
2021-09-02,290.03,291.14,288.09,289.02,16285600,MSFT
2021-09-02,244.83,246.99,243.51,244.13,38331900,TSLA
2021-09-03,421.39,422.93,420.99,422.41,47170500,SPY
2021-09-03,22.23,22.89,22.1,22.74,280532000,NVDA
2021-09-03,149.97,150.82,149.32,150.5,57808700,AAPL
2021-09-03,288.87,290.41,288.17,289.01,14747900,MSFT
2021-09-03,244.08,244.67,241.4,244.52,45738300,TSLA
2021-09-07,422.07,422.16,420.23,420.9,51671500,SPY
2021-09-07,22.73,22.8,22.42,22.56,198107000,NVDA
2021-09-07,151.15,153.39,150.59,152.83,82278300,AAPL
2021-09-07,288.89,288.96,286.19,288.09,17180400,MSFT
2021-09-07,246.67,253.4,246.42,250.97,60119400,TSLA
2021-09-08,420.37,421.1,418.48,420.39,56181900,SPY
2021-09-08,22.41,22.51,21.88,22.24,254434000,NVDA
2021-09-08,153.11,153.17,150.19,151.29,74420200,AAPL
2021-09-08,287.71,288.5,285.49,288.12,15046800,MSFT
2021-09-08,253.86,254.82,246.92,251.29,56379000,TSLA
2021-09-09,420.19,421.94,418.35,418.59,57970400,SPY
2021-09-09,22.21,22.44,22.03,22.08,196856000,NVDA
2021-09-09,151.66,152.27,150.16,150.28,57305700,AAPL
2021-09-09,288.71,289.97,285.04,285.28,19927000,MSFT
2021-09-09,251.14,254.03,250.54,251.62,42233100,TSLA
2021-09-10,420.51,420.93,415.17,415.29,89948200,SPY
2021-09-10,22.25,22.53,22.17,22.38,248376000,NVDA
2021-09-10,151.18,151.65,145.04,145.3,140893200,AAPL
2021-09-10,286.4,287.84,283.48,283.8,19633400,MSFT
2021-09-10,253.2,254.2,244.84,245.42,45552600,TSLA
2021-09-13,418.27,418.54,414.05,416.35,83738600,SPY
2021-09-13,22.58,22.86,21.76,22.05,297500000,NVDA
2021-09-13,146.92,147.69,145.09,145.87,102404300,AAPL
2021-09-13,285.57,286.52,282.24,285.03,23652900,MSFT
2021-09-13,246.74,248.26,236.28,247.67,68857500,TSLA
2021-09-14,417.79,417.99,413.22,414.11,78197100,SPY
2021-09-14,22.18,22.31,21.99,22.14,199755000,NVDA
2021-09-14,146.65,147.35,143.29,144.47,109296300,AAPL
2021-09-14,287.5,289.25,286.09,287.72,21853400,MSFT
2021-09-14,247.52,251.49,245.47,248.16,55574700,TSLA
2021-09-15,414.53,418.06,413.43,417.57,78792200,SPY
2021-09-15,22.21,22.27,21.87,22.24,166538000,NVDA
2021-09-15,144.9,145.76,142.77,145.36,83281300,AAPL
2021-09-15,291.05,293.02,289.66,292.54,28356300,MSFT
2021-09-15,248.33,252.29,246.12,251.94,46073100,TSLA
2021-09-16,417.04,418.01,413.97,416.9,77786700,SPY
2021-09-16,22.09,22.18,21.83,22.14,156033000,NVDA
2021-09-16,144.78,145.3,143.59,145.13,68034100,AAPL
2021-09-16,291.53,293.01,288.65,292.93,19550800,MSFT
2021-09-16,250.94,252.97,249.2,252.33,41770200,TSLA
2021-09-17,416.13,416.56,412.49,412.84,118425000,SPY
2021-09-17,22.2,22.22,21.73,21.8,294503000,NVDA
2021-09-17,145.15,145.15,142.17,142.46,129868800,AAPL
2021-09-17,291.92,292.24,287.47,287.79,41372500,MSFT
2021-09-17,252.38,253.68,250.0,253.16,84612600,TSLA
2021-09-20,406.74,408.32,401.11,405.96,166445500,SPY
2021-09-20,21.05,21.34,20.57,21.02,349440000,NVDA
2021-09-20,140.26,141.27,137.79,139.42,123478900,AAPL
2021-09-20,284.4,286.69,277.86,282.45,38278700,MSFT
2021-09-20,244.85,247.33,239.54,243.39,74273100,TSLA
2021-09-21,408.29,409.58,405.05,405.58,92526100,SPY
2021-09-21,21.32,21.33,20.86,21.15,204688000,NVDA
2021-09-21,140.39,141.04,139.26,139.9,75834000,AAPL
2021-09-21,283.78,285.56,282.23,282.93,22364100,MSFT
2021-09-21,244.93,248.25,243.48,246.46,48992100,TSLA
2021-09-22,407.84,411.56,405.69,409.53,102350100,SPY
2021-09-22,21.27,21.86,21.1,21.84,268726000,NVDA
2021-09-22,140.89,142.82,140.16,142.26,76404300,AAPL
2021-09-22,284.78,288.13,282.65,286.56,26626300,MSFT
2021-09-22,247.84,251.22,246.37,250.65,45378900,TSLA
2021-09-23,411.39,416.11,411.16,414.51,76396000,SPY
2021-09-23,22.04,22.44,21.79,22.38,248555000,NVDA
2021-09-23,143.04,143.46,142.05,143.21,64838200,AAPL
2021-09-23,286.81,288.78,285.55,287.5,18604600,MSFT
2021-09-23,251.67,252.73,249.31,251.21,35842500,TSLA
2021-09-24,412.88,415.9,412.66,415.19,62094800,SPY
2021-09-24,21.97,22.05,21.77,21.98,217655000,NVDA
2021-09-24,142.07,143.84,141.97,143.3,53477900,AAPL
2021-09-24,286.22,287.73,284.97,287.29,14999000,MSFT
2021-09-24,248.63,258.27,248.19,258.13,64119000,TSLA
2021-09-27,414.16,415.32,413.31,414.0,61371100,SPY
2021-09-27,21.61,21.7,21.23,21.57,245215000,NVDA
2021-09-27,141.89,142.37,140.28,141.79,74150700,AAPL
2021-09-27,284.21,284.53,281.14,282.32,23571700,MSFT
2021-09-27,257.71,266.33,256.44,263.79,84212100,TSLA
2021-09-28,411.24,411.57,404.93,405.66,130436300,SPY
2021-09-28,21.12,21.33,20.56,20.61,343069000,NVDA
2021-09-28,139.72,141.18,138.2,138.41,108972300,AAPL
2021-09-28,278.13,279.07,271.36,272.1,43186200,MSFT
2021-09-28,262.4,265.21,255.39,259.19,76144200,TSLA
2021-09-29,407.03,408.76,405.78,406.34,82329200,SPY
2021-09-29,20.85,20.92,20.38,20.43,218394000,NVDA
2021-09-29,138.96,140.89,138.53,139.31,74602000,AAPL
2021-09-29,273.62,275.22,271.61,272.56,26353700,MSFT
2021-09-29,259.93,264.5,256.89,260.44,62828700,TSLA
2021-09-30,407.81,408.51,401.04,401.38,140506000,SPY
2021-09-30,20.68,20.97,20.6,20.63,221009000,NVDA
2021-09-30,140.12,140.82,137.8,138.01,89056700,AAPL
2021-09-30,274.2,276.24,270.28,270.57,32343600,MSFT
2021-09-30,260.33,263.04,258.33,258.49,53868000,TSLA
2021-10-01,403.1,407.82,399.59,406.15,129240100,SPY
2021-10-01,20.66,20.77,20.11,20.65,240978000,NVDA
2021-10-01,138.41,139.4,135.68,139.14,94639600,AAPL
2021-10-01,270.76,278.3,269.96,277.46,30086300,MSFT
2021-10-01,259.47,260.26,254.53,258.41,51094200,TSLA
2021-10-04,404.99,405.88,398.78,400.91,128570000,SPY
2021-10-04,20.41,20.45,19.47,19.65,345635000,NVDA
2021-10-04,138.27,138.71,134.86,135.71,98322000,AAPL
2021-10-04,275.83,276.16,268.96,271.71,31350700,MSFT
2021-10-04,265.5,268.99,258.71,260.51,91449900,TSLA
2021-10-05,402.4,407.31,401.61,405.08,90682500,SPY
2021-10-05,19.86,20.56,19.77,20.36,279282000,NVDA
2021-10-05,136.05,138.74,135.93,137.63,80861100,AAPL
2021-10-05,272.61,278.7,272.61,277.13,24993000,MSFT
2021-10-05,261.6,265.77,258.07,260.2,55297800,TSLA
2021-10-06,401.5,406.97,399.88,406.76,113032200,SPY
2021-10-06,20.03,20.63,19.99,20.61,297202000,NVDA
2021-10-06,136.04,138.65,134.96,138.5,83221100,AAPL
2021-10-06,274.27,281.8,274.01,281.31,28002600,MSFT
2021-10-06,258.73,262.22,257.74,260.92,43898400,TSLA
2021-10-07,410.03,413.1,409.85,410.28,72437500,SPY
2021-10-07,21.0,21.23,20.88,20.98,256919000,NVDA
2021-10-07,139.54,140.67,139.2,139.76,61732700,AAPL
2021-10-07,283.29,284.69,282.08,282.98,20430500,MSFT
2021-10-07,261.82,268.33,261.13,264.54,57587400,TSLA
2021-10-08,411.05,411.43,408.9,409.53,74557400,SPY
2021-10-08,21.01,21.11,20.68,20.74,151258000,NVDA
2021-10-08,140.48,140.63,139.05,139.38,58773200,AAPL
2021-10-08,284.29,284.69,281.93,282.98,17685700,MSFT
2021-10-08,265.4,265.46,260.3,261.83,50215800,TSLA
2021-10-11,408.88,411.78,406.5,406.57,65233300,SPY
2021-10-11,20.48,20.97,20.42,20.6,163388000,NVDA
2021-10-11,138.77,141.24,138.32,139.29,64452200,AAPL
2021-10-11,281.12,285.97,280.96,282.38,19298600,MSFT
2021-10-11,262.55,267.08,261.83,263.98,42600900,TSLA
2021-10-12,407.48,407.89,404.78,405.57,71181200,SPY
2021-10-12,20.74,20.96,20.44,20.58,162134000,NVDA
2021-10-12,139.7,139.72,137.57,138.02,73035900,AAPL
2021-10-12,283.45,283.54,280.58,281.08,17974100,MSFT
2021-10-12,266.98,270.77,265.52,268.57,66060000,TSLA
2021-10-13,406.59,407.84,403.62,407.02,72974000,SPY
2021-10-13,20.83,20.9,20.62,20.85,180652000,NVDA
2021-10-13,137.76,137.92,135.77,137.44,78762700,AAPL
2021-10-13,283.03,285.31,281.67,284.38,23416300,MSFT
2021-10-13,270.16,271.8,268.59,270.36,42360300,TSLA
2021-10-14,410.67,414.02,410.2,413.87,70236800,SPY
2021-10-14,21.19,21.66,21.03,21.65,243589000,NVDA
2021-10-14,138.61,140.34,138.02,140.22,69907100,AAPL
2021-10-14,287.16,291.06,285.84,290.56,27262900,MSFT
2021-10-14,271.83,273.42,271.12,272.77,36741600,TSLA
2021-10-15,415.98,417.39,415.36,417.02,66260200,SPY
2021-10-15,21.71,21.83,21.57,21.77,226994000,NVDA
2021-10-15,140.23,141.33,139.98,141.27,67940300,AAPL
2021-10-15,290.16,292.19,288.42,291.96,25384800,MSFT
2021-10-15,274.58,281.07,274.12,281.01,56773800,TSLA
2021-10-18,415.25,418.59,414.59,418.26,62213200,SPY
2021-10-18,21.65,22.19,21.55,22.12,189494000,NVDA
2021-10-18,139.92,143.22,139.63,142.94,85589200,AAPL
2021-10-18,291.34,295.8,290.5,294.91,22729300,MSFT
2021-10-18,283.93,291.75,283.82,290.04,72621600,TSLA
2021-10-19,419.88,421.55,419.27,421.48,46996800,SPY
2021-10-19,22.18,22.28,21.94,22.19,161473000,NVDA
2021-10-19,143.39,145.5,142.94,145.1,76378900,AAPL
2021-10-19,295.93,296.84,294.85,295.82,17682100,MSFT
2021-10-19,292.51,292.65,287.5,288.09,52143300,TSLA
2021-10-20,421.94,423.44,421.83,423.14,49571600,SPY
2021-10-20,22.21,22.33,21.89,22.01,146276000,NVDA
2021-10-20,145.04,146.06,144.47,145.58,58418800,AAPL
2021-10-20,296.76,297.23,293.78,295.03,16537100,MSFT
2021-10-20,288.45,289.83,285.79,288.6,42096300,TSLA
2021-10-21,422.54,424.47,422.11,424.24,41305400,SPY
2021-10-21,22.0,22.61,21.99,22.59,187590000,NVDA
2021-10-21,145.14,145.95,144.23,145.8,61421000,AAPL
2021-10-21,294.8,298.49,294.02,298.24,16918100,MSFT
2021-10-21,285.33,300.0,285.17,298.0,94444500,TSLA
2021-10-22,423.81,425.25,421.87,423.8,58845100,SPY
2021-10-22,22.72,23.03,22.46,22.63,249384000,NVDA
2021-10-22,146.0,146.48,144.98,145.03,58883400,AAPL
2021-10-22,297.9,298.56,295.4,296.71,17449300,MSFT
2021-10-22,298.5,303.33,296.99,303.23,68642400,TSLA
2021-10-25,424.89,426.4,423.12,426.08,45214500,SPY
2021-10-25,22.87,23.25,22.67,23.06,230235000,NVDA
2021-10-25,145.02,145.69,143.98,144.98,50720600,AAPL
2021-10-25,296.9,296.94,294.12,295.72,17554500,MSFT
2021-10-25,316.84,348.34,314.73,341.62,188556300,TSLA
2021-10-26,427.62,428.83,426.09,426.46,56075100,SPY
2021-10-26,23.88,25.15,23.82,24.61,485898000,NVDA
2021-10-26,145.65,147.13,145.34,145.64,60893400,AAPL
2021-10-26,298.48,299.82,296.17,297.62,28107300,MSFT
2021-10-26,341.56,364.98,333.81,339.48,187245000,TSLA
2021-10-27,426.92,427.58,424.5,424.57,72438000,SPY
2021-10-27,24.37,24.98,24.18,24.34,245990000,NVDA
2021-10-27,145.68,146.04,144.83,145.18,56094900,AAPL
2021-10-27,303.27,312.97,303.27,310.16,52588700,MSFT
2021-10-27,346.55,356.96,343.59,345.95,115579500,TSLA
2021-10-28,425.99,428.74,425.98,428.67,51437900,SPY
2021-10-28,24.77,24.84,24.42,24.83,234204000,NVDA
2021-10-28,146.13,149.4,146.03,148.81,100077900,AAPL
2021-10-28,311.27,311.79,308.42,311.29,26297900,MSFT
2021-10-28,356.1,360.33,351.4,359.01,81639600,TSLA
2021-10-29,426.38,429.83,426.09,429.54,70162400,SPY
2021-10-29,24.89,25.6,24.89,25.45,292503000,NVDA
2021-10-29,143.59,146.25,142.8,146.11,124953200,AAPL
2021-10-29,311.08,318.63,310.86,318.26,34766000,MSFT
2021-10-29,360.62,371.74,357.74,371.33,89755200,TSLA
2021-11-01,430.52,430.89,428.56,430.28,48433600,SPY
2021-11-01,25.54,25.78,25.12,25.71,265740000,NVDA
2021-11-01,145.32,146.01,144.16,145.29,74588300,AAPL
2021-11-01,318.02,318.14,313.23,316.11,27073200,MSFT
2021-11-01,381.67,403.25,372.89,402.86,168146100,TSLA
2021-11-02,430.44,432.32,430.31,432.02,48908400,SPY
2021-11-02,25.71,26.56,25.69,26.29,294112000,NVDA
2021-11-02,145.0,147.84,144.99,146.33,69122000,AAPL
2021-11-02,317.01,320.02,316.71,319.71,26487100,MSFT
2021-11-02,386.45,402.86,382.0,390.67,128213400,TSLA
2021-11-03,431.46,435.06,431.02,434.65,52509800,SPY
2021-11-03,26.55,26.67,26.12,26.48,239910000,NVDA
2021-11-03,146.69,148.23,146.13,147.76,54511500,AAPL
2021-11-03,320.45,321.41,317.33,320.55,21500100,MSFT
2021-11-03,392.44,405.13,384.21,404.62,103885500,TSLA
2021-11-04,435.25,436.79,434.91,436.7,52847100,SPY
2021-11-04,27.11,31.23,27.0,29.67,1153631000,NVDA
2021-11-04,147.85,148.68,146.93,147.24,60394600,AAPL
2021-11-04,319.48,322.99,316.24,322.89,23992200,MSFT
2021-11-04,411.47,414.5,405.67,409.97,76192200,TSLA
2021-11-05,438.92,440.2,436.71,438.22,66390600,SPY
2021-11-05,30.05,31.26,29.28,29.62,851260000,NVDA
2021-11-05,148.37,148.67,146.58,147.77,65463900,AAPL
2021-11-05,324.88,325.15,320.95,322.53,22570100,MSFT
2021-11-05,409.33,413.29,402.67,407.36,64886400,TSLA
2021-11-08,439.31,439.81,437.91,438.59,50405200,SPY
2021-11-08,30.02,30.96,29.78,30.67,503101000,NVDA
2021-11-08,147.9,148.05,146.68,146.95,55020900,AAPL
2021-11-08,323.72,324.05,320.97,323.42,20897000,MSFT
2021-11-08,383.26,399.0,377.67,387.65,100337100,TSLA
2021-11-09,438.96,439.19,435.74,437.14,51149100,SPY
2021-11-09,32.14,32.17,29.83,30.52,646746000,NVDA
2021-11-09,146.71,147.92,146.58,147.31,56787900,AAPL
2021-11-09,323.53,325.08,321.06,322.42,21307400,MSFT
2021-11-09,391.2,391.5,337.17,341.17,177317400,TSLA
2021-11-10,435.46,437.14,432.15,433.62,69429700,SPY
2021-11-10,29.23,30.71,28.65,29.33,636206000,NVDA
2021-11-10,146.54,146.65,144.42,144.49,65187100,AAPL
2021-11-10,321.1,321.15,316.63,317.48,25500900,MSFT
2021-11-10,336.8,359.37,329.1,355.98,128408100,TSLA
2021-11-11,435.11,435.19,433.75,433.77,34848500,SPY
2021-11-11,30.33,30.46,29.65,30.26,332172000,NVDA
2021-11-11,145.5,145.96,144.25,144.44,41000000,AAPL
2021-11-11,317.91,320.33,317.2,319.04,16849800,MSFT
2021-11-11,367.59,368.32,351.56,354.5,67189800,TSLA
2021-11-12,435.03,437.59,434.08,437.04,53466700,SPY
2021-11-12,29.88,30.55,29.5,30.26,413054000,NVDA
2021-11-12,144.99,146.91,144.06,146.51,63804000,AAPL
2021-11-12,320.47,323.65,320.35,323.16,23831000,MSFT
2021-11-12,349.17,351.5,339.73,344.47,76719300,TSLA
2021-11-15,438.32,438.48,436.07,437.19,46980500,SPY
2021-11-15,30.42,30.51,29.12,29.89,384909000,NVDA
2021-11-15,146.88,148.36,145.96,146.52,59222800,AAPL
2021-11-15,323.95,324.27,320.58,322.54,16723000,MSFT
2021-11-15,339.21,343.99,326.2,337.8,104326800,TSLA
2021-11-16,436.93,440.05,436.85,438.92,48857500,SPY
2021-11-16,29.63,30.26,29.58,30.07,264484000,NVDA
2021-11-16,146.46,147.97,145.87,147.5,59256200,AAPL
2021-11-16,322.16,326.95,322.0,325.84,20886800,MSFT
2021-11-16,334.44,352.4,334.06,351.58,79627200,TSLA
2021-11-17,438.66,438.83,437.24,437.85,47858300,SPY
2021-11-17,30.28,30.38,28.67,29.13,428508000,NVDA
2021-11-17,147.5,151.4,147.49,149.93,88807000,AAPL
2021-11-17,325.89,329.01,324.98,326.06,19053400,MSFT
2021-11-17,354.5,373.21,351.83,363.0,94336200,TSLA
2021-11-18,438.88,439.6,436.17,439.34,50625600,SPY
2021-11-18,32.23,32.62,31.18,31.54,781711000,NVDA
2021-11-18,150.14,154.99,149.5,154.21,137827700,AAPL
2021-11-18,325.15,329.26,324.14,328.13,22463500,MSFT
2021-11-18,368.85,370.67,358.34,365.46,62696700,TSLA
2021-11-19,439.23,440.47,438.19,438.55,57315600,SPY
2021-11-19,32.1,32.94,31.77,32.84,533867000,NVDA
2021-11-19,153.99,157.28,152.9,156.82,117305600,AAPL
2021-11-19,329.44,331.81,329.02,329.89,21963400,MSFT
2021-11-19,366.29,379.57,364.23,379.02,64926900,TSLA
2021-11-22,440.42,442.9,437.11,437.32,72762000,SPY
2021-11-22,33.37,34.5,31.76,31.82,754335000,NVDA
2021-11-22,157.93,161.85,157.26,157.28,117467900,AAPL
2021-11-22,331.35,336.2,326.47,326.74,31031100,MSFT
2021-11-22,387.44,400.65,377.48,385.62,99217500,TSLA
2021-11-23,436.99,438.75,434.4,437.9,73206500,SPY
2021-11-23,31.4,32.22,30.74,31.61,532163000,NVDA
2021-11-23,157.38,158.05,155.37,157.66,96041900,AAPL
2021-11-23,324.07,326.38,320.71,324.67,30427600,MSFT
2021-11-23,389.17,393.5,354.23,369.68,108515100,TSLA
2021-11-24,435.91,439.19,435.09,439.07,61858800,SPY
2021-11-24,31.32,32.71,30.79,32.53,435162000,NVDA
2021-11-24,157.02,158.38,155.94,158.18,69463600,AAPL
2021-11-24,323.33,325.14,321.05,324.89,21661300,MSFT
2021-11-24,360.13,377.59,354.0,372.0,67680600,TSLA
2021-11-26,432.43,433.89,428.15,429.28,112669600,SPY
2021-11-26,32.46,32.57,31.21,31.36,283069000,NVDA
2021-11-26,155.87,156.73,152.73,153.17,76959800,AAPL
2021-11-26,321.47,324.91,315.48,316.98,24217200,MSFT
2021-11-26,366.49,369.59,360.33,360.64,35042700,TSLA
2021-11-29,434.05,436.37,431.86,434.54,86268800,SPY
2021-11-29,32.22,33.27,31.9,33.23,454964000,NVDA
2021-11-29,155.67,157.45,155.11,156.52,88748200,AAPL
2021-11-29,322.04,325.97,321.85,323.66,28563500,MSFT
2021-11-29,367.0,380.89,366.73,379.0,58393500,TSLA
2021-11-30,432.11,434.01,425.84,426.09,148559600,SPY
2021-11-30,33.02,33.21,31.72,32.53,622066000,NVDA
2021-11-30,156.28,161.68,156.21,161.46,174048100,AAPL
2021-11-30,322.4,324.77,316.32,317.86,42885600,MSFT
2021-11-30,381.46,389.33,372.67,381.59,81276000,TSLA
2021-12-01,431.77,434.61,421.16,421.35,131939200,SPY
2021-12-01,33.08,33.15,31.25,31.3,484368000,NVDA
2021-12-01,163.59,166.35,160.71,160.95,152052500,AAPL
2021-12-01,322.22,326.21,316.7,317.37,33337600,MSFT
2021-12-01,386.9,390.95,363.59,365.0,68450400,TSLA
2021-12-02,421.57,429.37,421.18,427.81,127637800,SPY
2021-12-02,31.08,32.34,30.89,31.99,472890000,NVDA
2021-12-02,155.06,160.39,154.14,159.96,136739200,AAPL
2021-12-02,317.58,320.64,315.17,316.8,30766000,MSFT
2021-12-02,366.35,371.0,352.22,361.53,73114800,TSLA
2021-12-03,429.46,430.52,419.88,424.08,137331600,SPY
2021-12-03,31.86,31.99,30.0,30.56,544325000,NVDA
2021-12-03,160.21,161.13,156.01,158.08,118023100,AAPL
2021-12-03,319.2,319.89,305.78,310.57,41779300,MSFT
2021-12-03,361.6,363.53,333.4,338.32,92322000,TSLA
2021-12-06,426.62,430.98,424.22,429.11,98977500,SPY
2021-12-06,29.75,30.11,27.92,29.91,658938000,NVDA
2021-12-06,160.48,163.98,160.47,161.48,107497000,AAPL
2021-12-06,311.47,314.84,306.93,313.63,30032600,MSFT
2021-12-06,333.84,340.55,316.83,336.34,81663000,TSLA
2021-12-07,434.36,438.54,428.98,437.98,95484700,SPY
2021-12-07,30.83,32.31,30.52,32.29,593053000,NVDA
2021-12-07,165.16,167.6,164.43,167.21,120405400,AAPL
2021-12-07,318.87,322.87,317.39,322.02,31021900,MSFT
2021-12-07,348.07,352.56,342.27,350.58,56084700,TSLA
2021-12-08,438.38,439.59,436.63,439.14,72238800,SPY
2021-12-08,31.86,32.15,31.29,31.69,475551000,NVDA
2021-12-08,168.14,171.88,166.74,171.02,116998900,AAPL
2021-12-08,322.39,322.58,318.06,322.07,24761000,MSFT
2021-12-08,350.9,357.46,344.33,356.32,41906400,TSLA
2021-12-09,437.86,439.25,435.98,436.18,61272600,SPY
2021-12-09,31.6,32.07,30.3,30.36,488507000,NVDA
2021-12-09,170.85,172.65,169.88,170.51,108923700,AAPL
2021-12-09,321.53,323.53,319.33,320.27,22214200,MSFT
2021-12-09,353.55,354.16,334.12,334.6,59438400,TSLA
2021-12-10,438.87,440.43,436.33,440.28,77159800,SPY
2021-12-10,31.02,31.17,29.73,30.07,488825000,NVDA
2021-12-10,171.14,175.46,170.64,175.29,115402700,AAPL
2021-12-10,322.08,329.79,321.89,329.35,38095700,MSFT
2021-12-10,336.25,340.33,327.51,339.01,59664300,TSLA
2021-12-13,439.77,440.12,436.1,436.38,87724700,SPY
2021-12-13,30.12,30.16,28.0,28.04,598344000,NVDA
2021-12-13,176.92,177.9,171.46,171.66,153237000,AAPL
2021-12-13,327.56,330.55,326.02,326.33,28899400,MSFT
2021-12-13,333.7,335.0,317.14,322.14,78595500,TSLA
2021-12-14,433.13,435.61,430.47,433.38,97264100,SPY
2021-12-14,27.58,28.56,27.13,28.22,667035000,NVDA
2021-12-14,171.18,173.62,168.21,170.28,139380400,AAPL
2021-12-14,320.39,321.75,311.63,315.69,44438700,MSFT
2021-12-14,315.0,322.14,310.0,319.5,70806300,TSLA
2021-12-15,433.44,440.4,430.93,440.15,116899300,SPY
2021-12-15,28.28,30.37,27.72,30.33,698297000,NVDA
2021-12-15,171.05,175.33,168.31,175.14,131063300,AAPL
2021-12-15,315.95,322.28,312.0,321.76,35381100,MSFT
2021-12-15,317.74,326.25,309.42,325.33,75169200,TSLA
2021-12-16,442.0,442.28,434.73,436.27,116568600,SPY
2021-12-16,31.02,31.03,27.97,28.27,707366000,NVDA
2021-12-16,175.12,176.94,166.79,168.26,150185800,AAPL
2021-12-16,322.78,323.79,310.58,312.39,35034800,MSFT
2021-12-16,331.5,331.66,307.28,308.97,82771500,TSLA
2021-12-17,433.21,436.2,429.93,431.63,135511600,SPY
2021-12-17,27.87,28.8,27.64,27.68,713758000,NVDA
2021-12-17,165.99,169.44,165.75,167.17,195432700,AAPL
2021-12-17,308.52,312.41,305.03,311.33,47750300,MSFT
2021-12-17,304.92,320.22,303.01,310.86,100437300,TSLA
2021-12-20,426.57,427.43,423.43,427.04,107134800,SPY
2021-12-20,27.19,28.02,27.03,27.6,461847000,NVDA
2021-12-20,164.37,166.62,163.57,165.81,107499100,AAPL
2021-12-20,307.72,310.37,305.34,307.59,28326500,MSFT
2021-12-20,303.57,307.23,297.8,299.98,56480100,TSLA
2021-12-21,430.45,434.76,428.29,434.62,69806300,SPY
2021-12-21,28.25,29.0,27.28,28.95,524385000,NVDA
2021-12-21,167.58,169.18,165.2,168.98,91185900,AAPL
2021-12-21,310.84,315.11,307.48,314.68,24740600,MSFT
2021-12-21,305.62,313.17,295.37,312.84,71517900,TSLA
2021-12-22,434.37,439.08,434.17,438.97,58890200,SPY
2021-12-22,28.77,29.43,28.33,29.27,395184000,NVDA
2021-12-22,169.02,171.78,168.16,171.56,92135300,AAPL
2021-12-22,315.65,320.76,313.2,320.37,24831500,MSFT
2021-12-22,321.89,338.55,319.02,336.29,93634200,TSLA
2021-12-23,439.96,443.19,439.86,441.7,56439700,SPY
2021-12-23,29.63,29.93,29.31,29.51,343022000,NVDA
2021-12-23,171.77,172.75,171.2,172.19,68356600,AAPL
2021-12-23,319.93,323.43,319.91,321.8,19617800,MSFT
2021-12-23,335.6,357.66,332.52,355.67,92713200,TSLA
2021-12-27,443.07,448.0,443.02,447.95,56808600,SPY
2021-12-27,29.53,30.95,29.51,30.81,403686000,NVDA
2021-12-27,172.98,176.23,172.96,176.15,74919600,AAPL
2021-12-27,322.54,329.29,322.51,329.26,19947000,MSFT
2021-12-27,357.89,372.33,356.91,364.65,71145900,TSLA
2021-12-28,448.38,449.41,446.82,447.58,47274600,SPY
2021-12-28,31.18,31.2,29.88,30.19,420591000,NVDA
2021-12-28,175.98,177.12,174.39,175.13,79144300,AAPL
2021-12-28,329.93,330.57,327.21,328.11,15661500,MSFT
2021-12-28,369.83,373.0,359.47,362.82,60324000,TSLA
2021-12-29,447.69,449.17,446.69,448.16,54503000,SPY
2021-12-29,30.14,30.42,29.24,29.87,343139000,NVDA
2021-12-29,175.17,176.44,174.01,175.22,62348900,AAPL
2021-12-29,328.15,331.04,326.6,328.78,15042000,MSFT
2021-12-29,366.21,368.0,354.71,362.06,56154000,TSLA
2021-12-30,448.58,449.58,446.46,446.92,55329000,SPY
2021-12-30,29.7,30.33,29.41,29.46,308864000,NVDA
2021-12-30,175.31,176.38,173.96,174.06,59773000,AAPL
2021-12-30,328.74,329.91,325.77,326.25,15994500,MSFT
2021-12-30,353.78,365.18,351.05,356.78,47040900,TSLA
2021-12-31,446.43,447.58,445.52,445.79,65237400,SPY
2021-12-31,29.55,29.9,29.21,29.29,266530000,NVDA
2021-12-31,173.96,175.07,173.15,173.45,64062300,AAPL
2021-12-31,325.47,326.29,322.91,323.37,18000800,MSFT
2021-12-31,357.81,360.67,351.53,352.26,40733700,TSLA
2022-01-03,447.05,448.5,444.75,448.37,72668200,SPY
2022-01-03,29.69,30.58,29.66,29.99,391547000,NVDA
2022-01-03,173.7,178.64,173.59,177.79,104487900,AAPL
2022-01-03,322.43,324.98,317.08,321.86,28865100,MSFT
2022-01-03,382.58,400.36,378.68,399.93,103931400,TSLA
2022-01-04,449.79,450.5,446.37,448.22,71178700,SPY
2022-01-04,30.15,30.34,28.23,29.17,527154000,NVDA
2022-01-04,178.39,178.69,174.96,175.53,99310400,AAPL
2022-01-04,321.93,322.29,313.56,316.34,32674300,MSFT
2022-01-04,396.52,402.67,374.35,383.2,100248300,TSLA
2022-01-05,447.86,448.63,439.52,439.62,104538900,SPY
2022-01-05,28.83,29.29,27.42,27.49,498064000,NVDA
2022-01-05,175.44,175.99,170.59,170.86,94537600,AAPL
2022-01-05,313.31,313.51,303.81,304.19,40054300,MSFT
2022-01-05,382.22,390.11,360.34,362.71,80119800,TSLA
2022-01-06,439.16,441.91,436.85,439.2,86858900,SPY
2022-01-06,27.52,28.32,26.95,28.06,454186000,NVDA
2022-01-06,168.69,171.23,167.66,168.01,96904000,AAPL
2022-01-06,301.09,306.42,299.49,301.79,39646100,MSFT
2022-01-06,359.0,362.67,340.17,354.9,90336600,TSLA
2022-01-07,439.21,440.39,436.12,437.47,85111600,SPY
2022-01-07,28.02,28.3,26.94,27.13,409939000,NVDA
2022-01-07,168.88,170.1,167.06,168.17,86709100,AAPL
2022-01-07,302.05,304.31,298.15,301.94,32720000,MSFT
2022-01-07,360.12,360.31,336.67,342.32,84164700,TSLA
2022-01-10,434.28,437.14,428.56,436.92,119362000,SPY
2022-01-10,26.47,27.35,25.53,27.28,594681000,NVDA
2022-01-10,165.16,168.5,164.27,168.19,106765600,AAPL
2022-01-10,297.57,302.6,292.95,302.17,44289500,MSFT
2022-01-10,333.33,353.03,326.67,352.71,91815000,TSLA
2022-01-11,436.66,441.0,433.67,440.9,74303100,SPY
2022-01-11,27.21,27.95,26.72,27.7,404089000,NVDA
2022-01-11,168.32,171.11,166.86,171.02,76138300,AAPL
2022-01-11,301.31,304.42,297.95,302.85,29386800,MSFT
2022-01-11,351.22,358.62,346.27,354.8,66063300,TSLA
2022-01-12,442.63,444.14,440.14,442.09,67605400,SPY
2022-01-12,27.95,28.47,27.49,27.88,383413000,NVDA
2022-01-12,172.03,173.07,170.76,171.46,74805200,AAPL
2022-01-12,307.36,310.95,304.87,306.01,34372200,MSFT
2022-01-12,359.62,371.61,357.53,368.74,83739000,TSLA
2022-01-13,443.19,443.84,434.98,436.0,91173100,SPY
2022-01-13,28.26,28.36,26.39,26.46,540171000,NVDA
2022-01-13,171.7,172.52,167.8,168.19,84505800,AAPL
2022-01-13,308.13,308.52,292.29,293.06,45366000,MSFT
2022-01-13,369.69,371.87,342.18,343.85,97209900,TSLA
2022-01-14,432.87,436.53,431.66,436.18,95890900,SPY
2022-01-14,26.19,27.08,26.1,26.83,395832000,NVDA
2022-01-14,167.36,169.75,167.12,169.05,80440800,AAPL
2022-01-14,292.53,298.85,292.05,298.25,39846400,MSFT
2022-01-14,339.96,350.67,337.79,349.87,72924300,TSLA
2022-01-18,431.51,431.71,427.35,428.46,109709100,SPY
2022-01-18,26.15,26.52,25.66,25.79,424270000,NVDA
2022-01-18,167.53,168.54,165.48,165.86,90956700,AAPL
2022-01-18,292.36,297.87,290.12,290.99,42333200,MSFT
2022-01-18,342.2,356.93,338.69,343.5,66743400,TSLA
2022-01-19,430.0,431.38,423.74,424.01,109357600,SPY
2022-01-19,25.97,26.43,24.95,24.96,488315000,NVDA
2022-01-19,166.06,167.11,162.09,162.37,94815000,AAPL
2022-01-19,294.49,301.82,291.04,291.65,45933900,MSFT
2022-01-19,347.24,351.56,331.67,331.88,75442500,TSLA
2022-01-20,425.88,430.57,417.2,419.31,122379700,SPY
2022-01-20,25.2,25.47,23.98,24.05,435181000,NVDA
2022-01-20,163.11,165.74,160.37,160.69,91420500,AAPL
2022-01-20,297.17,299.65,289.54,289.98,35380700,MSFT
2022-01-20,336.58,347.22,331.33,332.09,70488600,TSLA
2022-01-21,418.2,420.54,411.05,411.08,202271200,SPY
2022-01-21,23.41,24.72,23.16,23.27,718958000,NVDA
2022-01-21,160.6,162.47,158.53,158.64,122848900,AAPL
2022-01-21,291.03,292.4,284.22,284.63,57984400,MSFT
2022-01-21,332.11,334.85,313.5,314.63,103416000,TSLA
2022-01-24,405.5,413.34,394.92,412.83,251783900,SPY
2022-01-24,22.23,23.28,20.8,23.27,913982000,NVDA
2022-01-24,156.31,158.53,151.11,157.87,162294600,AAPL
2022-01-24,280.95,285.67,265.42,284.95,85731500,MSFT
2022-01-24,301.59,311.17,283.82,310.0,151565700,TSLA
2022-01-25,406.47,412.72,400.92,407.79,167997300,SPY
2022-01-25,22.45,22.85,21.91,22.23,664616000,NVDA
2022-01-25,155.29,158.98,153.38,156.07,115798400,AAPL
2022-01-25,280.29,283.63,274.19,277.38,72848600,MSFT
2022-01-25,304.73,317.09,301.07,306.13,86595900,TSLA
2022-01-26,413.65,416.77,402.52,406.77,186391100,SPY
2022-01-26,23.14,23.95,22.2,22.67,755959000,NVDA
2022-01-26,159.71,160.58,154.16,155.98,108275300,AAPL
2022-01-26,296.13,296.62,281.74,285.28,90428900,MSFT
2022-01-26,317.48,329.23,302.0,312.47,104867400,TSLA
2022-01-27,411.35,414.47,403.08,404.76,149878300,SPY
2022-01-27,23.47,23.89,21.58,21.85,573353000,NVDA
2022-01-27,158.68,160.04,154.61,155.53,121954600,AAPL
2022-01-27,291.0,295.46,286.45,288.29,53481300,MSFT
2022-01-27,311.12,311.8,276.33,276.37,147109500,TSLA
2022-01-28,406.11,414.86,401.55,414.81,164457400,SPY
2022-01-28,21.92,22.76,21.21,22.74,543774000,NVDA
2022-01-28,161.86,166.4,159.02,166.38,179935700,AAPL
2022-01-28,288.67,296.6,283.11,296.39,49743700,MSFT
2022-01-28,277.19,285.83,264.0,282.12,134789100,TSLA
2022-01-31,414.14,422.63,412.8,422.28,152251400,SPY
2022-01-31,23.08,24.4,22.95,24.38,564680000,NVDA
2022-01-31,166.21,170.94,165.58,170.72,115541600,AAPL
2022-01-31,297.05,300.35,294.57,299.0,46444500,MSFT
2022-01-31,290.9,312.66,287.35,312.24,104436000,TSLA
2022-02-01,423.0,425.77,419.49,425.13,123155400,SPY
2022-02-01,25.0,25.04,23.79,24.53,518925000,NVDA
2022-02-01,169.97,170.78,168.31,170.56,86213900,AAPL
2022-02-01,298.45,298.67,293.38,296.87,40950400,MSFT
2022-02-01,311.74,314.57,301.67,310.42,73138200,TSLA
2022-02-02,427.53,429.99,425.23,429.26,117361000,SPY
2022-02-02,25.68,25.71,24.45,25.13,543419000,NVDA
2022-02-02,170.69,171.8,169.31,171.76,84914300,AAPL
2022-02-02,297.7,302.98,296.98,301.39,36636000,MSFT
2022-02-02,309.39,310.5,296.47,301.89,66792900,TSLA
2022-02-03,423.26,425.15,418.34,419.17,118024400,SPY
2022-02-03,24.35,24.97,23.68,23.85,410178000,NVDA
2022-02-03,170.43,172.15,168.13,168.89,89418100,AAPL
2022-02-03,297.57,299.24,288.41,289.65,43730000,MSFT
2022-02-03,294.0,312.33,293.51,297.05,78855600,TSLA
2022-02-04,418.94,424.97,416.57,421.14,118454400,SPY
2022-02-04,23.87,24.53,23.53,24.22,354829000,NVDA
2022-02-04,167.91,170.28,166.93,168.6,82465400,AAPL
2022-02-04,288.65,296.91,288.42,294.16,35096500,MSFT
2022-02-04,299.07,312.17,293.72,307.77,73625400,TSLA
2022-02-07,421.9,423.29,418.47,419.79,84472900,SPY
2022-02-07,24.27,25.07,24.1,24.62,376868000,NVDA
2022-02-07,169.06,170.13,167.2,167.89,77251200,AAPL
2022-02-07,294.38,295.98,288.35,289.36,28533300,MSFT
2022-02-07,307.93,315.92,300.9,302.45,60994500,TSLA
2022-02-08,419.3,424.17,417.88,423.25,81012000,SPY
2022-02-08,24.26,25.12,23.88,25.0,410359000,NVDA
2022-02-08,167.96,171.5,167.67,170.99,74829200,AAPL
2022-02-08,289.65,293.79,288.4,292.83,32421200,MSFT
2022-02-08,301.84,308.76,298.27,307.33,50729100,TSLA
2022-02-09,427.26,429.76,427.07,429.44,92589900,SPY
2022-02-09,25.51,26.61,25.24,26.59,524282000,NVDA
2022-02-09,172.18,172.77,171.06,172.41,71285000,AAPL
2022-02-09,297.93,299.92,295.55,299.22,31284700,MSFT
2022-02-09,311.67,315.42,306.67,310.67,52259400,TSLA
2022-02-10,423.62,429.6,419.74,421.73,140103700,SPY
2022-02-10,25.88,26.81,25.49,25.71,513200000,NVDA
2022-02-10,170.32,171.63,167.78,168.34,90865900,AAPL
2022-02-10,292.33,297.21,289.12,290.73,45386200,MSFT
2022-02-10,302.79,314.6,298.9,301.52,66126900,TSLA
2022-02-11,421.81,423.88,411.98,413.41,153214600,SPY
2022-02-11,25.81,26.04,23.67,23.85,605472000,NVDA
2022-02-11,168.55,169.28,164.35,164.94,98670700,AAPL
2022-02-11,291.51,292.57,282.89,283.68,39175600,MSFT
2022-02-11,303.21,305.32,283.57,286.67,79645800,TSLA
2022-02-14,412.9,414.48,408.61,412.06,123006300,SPY
2022-02-14,23.83,24.77,23.65,24.16,440424000,NVDA
2022-02-14,163.69,165.86,162.9,165.17,86185500,AAPL
2022-02-14,282.45,285.33,280.13,283.64,36359500,MSFT
2022-02-14,287.19,299.63,284.38,291.92,67756500,TSLA
2022-02-15,416.48,418.87,415.96,418.7,88482700,SPY
2022-02-15,24.84,26.43,24.68,26.38,699869000,NVDA
2022-02-15,167.22,169.15,166.51,169.0,62527400,AAPL
2022-02-15,288.45,289.21,285.58,288.9,27058300,MSFT
2022-02-15,300.0,307.67,297.79,307.48,57286200,TSLA
2022-02-16,416.67,420.54,414.8,419.17,84863600,SPY
2022-02-16,26.15,26.47,25.44,26.4,732676000,NVDA
2022-02-16,168.08,169.53,166.32,168.76,61177400,AAPL
2022-02-16,287.47,289.88,282.95,288.56,29982100,MSFT
2022-02-16,304.68,308.81,300.4,307.8,51294300,TSLA
2022-02-17,416.0,419.15,409.62,410.22,102259100,SPY
2022-02-17,25.52,25.68,24.06,24.4,810595000,NVDA
2022-02-17,167.27,168.13,164.77,165.17,69589300,AAPL
2022-02-17,285.53,285.96,279.41,280.11,32461600,MSFT
2022-02-17,304.42,306.17,291.37,292.12,55178400,TSLA
2022-02-18,410.47,411.72,405.3,407.56,132642900,SPY
2022-02-18,24.56,24.88,23.0,23.54,761255000,NVDA
2022-02-18,166.09,166.79,162.54,163.63,82772700,AAPL
2022-02-18,282.35,283.13,275.85,277.41,34264000,MSFT
2022-02-18,295.33,295.62,279.2,285.66,68501700,TSLA
2022-02-22,405.37,408.76,399.71,403.19,124391800,SPY
2022-02-22,22.94,23.96,22.9,23.29,633422000,NVDA
2022-02-22,161.36,163.03,158.59,160.71,91162800,AAPL
2022-02-22,274.59,280.89,274.11,277.21,41736100,MSFT
2022-02-22,278.04,285.58,267.03,273.84,83288100,TSLA
2022-02-23,406.09,406.65,395.47,396.04,132578000,SPY
2022-02-23,23.7,24.05,22.21,22.29,566511000,NVDA
2022-02-23,161.9,162.5,156.24,156.55,90009200,AAPL
2022-02-23,279.58,281.04,269.87,270.03,37811200,MSFT
2022-02-23,276.81,278.43,253.52,254.68,95256900,TSLA
2022-02-24,385.78,402.43,385.42,402.0,213942900,SPY
2022-02-24,20.93,23.7,20.8,23.65,735801000,NVDA
2022-02-24,149.23,159.27,148.66,159.17,141147500,AAPL
2022-02-24,262.56,284.38,261.6,283.83,56989700,MSFT
2022-02-24,233.46,267.49,233.33,266.92,135322200,TSLA
2022-02-25,403.23,410.95,401.58,410.87,121804500,SPY
2022-02-25,23.62,24.11,23.28,24.05,528866000,NVDA
2022-02-25,160.24,161.49,157.34,161.23,91974200,AAPL
2022-02-25,284.36,286.76,281.0,286.45,32546700,MSFT
2022-02-25,269.74,273.17,260.8,269.96,76067700,TSLA
2022-02-28,405.5,411.29,404.25,409.82,145615000,SPY
2022-02-28,23.89,24.56,23.61,24.28,477319000,NVDA
2022-02-28,159.48,161.79,158.86,161.49,95056600,AAPL
2022-02-28,283.56,288.21,282.3,287.88,34627500,MSFT
2022-02-28,271.67,292.29,271.57,290.14,99006900,TSLA
2022-03-01,408.32,410.32,400.88,403.57,137785900,SPY
2022-03-01,24.19,24.27,23.03,23.38,412056000,NVDA
2022-03-01,161.08,162.94,158.41,159.62,83474400,AAPL
2022-03-01,285.57,289.01,281.48,284.18,31217800,MSFT
2022-03-01,289.89,296.63,284.59,288.12,74766900,TSLA
2022-03-02,405.82,412.72,405.07,411.0,117726500,SPY
2022-03-02,23.66,24.31,23.32,24.12,389642000,NVDA
2022-03-02,160.78,163.68,159.37,162.9,79724800,AAPL
2022-03-02,284.57,290.46,282.97,289.22,31873000,MSFT
2022-03-02,290.71,295.49,281.42,293.3,74643300,TSLA
2022-03-03,413.42,414.02,407.16,408.95,105501700,SPY
2022-03-03,24.16,24.23,23.37,23.62,365095000,NVDA
2022-03-03,164.77,165.2,161.91,162.58,76678400,AAPL
2022-03-03,291.83,292.06,283.31,285.11,27314500,MSFT
2022-03-03,292.92,295.48,277.53,279.76,61623600,TSLA
2022-03-04,405.24,406.76,401.6,405.63,113978200,SPY
2022-03-04,23.29,23.58,22.39,22.84,431415000,NVDA
2022-03-04,160.88,161.91,158.54,159.59,83737200,AAPL
2022-03-04,283.54,284.86,276.68,279.27,32356500,MSFT
2022-03-04,283.03,285.22,275.05,279.43,66999600,TSLA
2022-03-07,405.05,405.75,393.61,393.67,137896600,SPY
2022-03-07,22.72,22.94,21.24,21.26,450821000,NVDA
2022-03-07,159.77,161.4,155.55,155.8,96418800,AAPL
2022-03-07,277.99,279.11,268.36,268.72,43157200,MSFT
2022-03-07,285.43,288.71,268.19,268.19,72494100,TSLA
2022-03-08,393.85,400.97,389.63,390.69,164772700,SPY
2022-03-08,21.22,22.28,20.57,21.43,557467000,NVDA
2022-03-08,155.33,159.3,152.38,153.98,131148300,AAPL
2022-03-08,267.65,273.59,260.14,265.77,48159500,MSFT
2022-03-08,265.18,283.33,260.72,274.8,80399100,TSLA
2022-03-09,399.03,403.13,396.85,401.16,116990800,SPY
2022-03-09,22.3,23.12,22.16,22.92,492742000,NVDA
2022-03-09,157.93,159.82,155.91,159.37,91454900,AAPL
2022-03-09,273.09,279.02,270.52,277.96,35204500,MSFT
2022-03-09,279.83,286.85,277.34,286.32,59184000,TSLA
2022-03-10,396.57,400.24,394.62,399.35,93972700,SPY
2022-03-10,22.44,22.69,21.79,22.57,428066000,NVDA
2022-03-10,156.68,156.87,152.55,155.04,105342000,AAPL
2022-03-10,272.68,276.13,270.33,275.16,30628000,MSFT
2022-03-10,283.82,284.82,270.12,279.43,58648500,TSLA
2022-03-11,401.83,402.44,393.77,394.27,95636300,SPY
2022-03-11,22.93,23.05,21.96,22.01,367209000,NVDA
2022-03-11,155.44,155.78,151.11,151.33,96970100,AAPL
2022-03-11,277.44,278.93,269.22,269.84,27209300,MSFT
2022-03-11,280.07,281.27,264.59,265.12,67037100,TSLA
2022-03-14,395.04,398.48,390.26,391.39,95729200,SPY
2022-03-14,21.78,22.17,21.07,21.24,385354000,NVDA
2022-03-14,148.12,150.74,146.8,147.31,108732100,AAPL
2022-03-14,270.1,274.97,265.74,266.34,30660700,MSFT
2022-03-14,260.2,266.9,252.01,255.46,71152200,TSLA
2022-03-15,393.99,400.63,392.72,400.0,106219100,SPY
2022-03-15,21.43,22.94,21.23,22.88,491996000,NVDA
2022-03-15,147.59,152.15,147.08,151.68,92964300,AAPL
2022-03-15,270.11,277.31,268.55,276.66,34245100,MSFT
2022-03-15,258.42,268.52,252.19,267.3,66841200,TSLA
2022-03-16,403.49,408.92,398.71,408.87,144954800,SPY
2022-03-16,23.4,24.5,23.08,24.4,671422000,NVDA
2022-03-16,153.6,156.49,151.07,156.09,102300200,AAPL
2022-03-16,278.55,283.81,272.86,283.64,37826300,MSFT
2022-03-16,269.67,280.67,267.42,280.08,84028800,TSLA
2022-03-17,406.96,413.98,406.59,413.98,102676900,SPY
2022-03-17,24.02,24.74,23.81,24.66,471941000,NVDA
2022-03-17,155.13,157.46,154.17,157.09,75615400,AAPL
2022-03-17,282.58,284.81,278.8,284.44,30816600,MSFT
2022-03-17,277.0,291.67,275.24,290.53,66582900,TSLA
2022-03-18,412.38,418.84,411.64,418.52,106345500,SPY
2022-03-18,24.7,26.46,24.52,26.34,730719000,NVDA
2022-03-18,156.99,160.87,156.25,160.38,123511700,AAPL
2022-03-18,284.58,290.0,282.04,289.46,43390600,MSFT
2022-03-18,291.5,302.62,289.13,301.8,100414200,TSLA
2022-03-21,418.35,420.34,414.9,418.4,88349800,SPY
2022-03-21,26.4,27.04,25.86,26.62,591727000,NVDA
2022-03-21,159.92,162.7,159.43,161.75,95811400,AAPL
2022-03-21,287.97,289.18,284.13,288.23,28351200,MSFT
2022-03-21,304.99,314.28,302.36,307.05,81981600,TSLA
2022-03-22,419.78,424.22,419.78,423.29,74650400,SPY
2022-03-22,26.62,27.13,25.97,26.42,547007000,NVDA
2022-03-22,161.88,165.7,161.29,165.11,81532000,AAPL
2022-03-22,288.85,293.86,287.86,292.95,27599700,MSFT
2022-03-22,310.0,332.62,307.25,331.33,105868500,TSLA
2022-03-23,420.77,422.26,417.75,417.84,79426100,SPY
2022-03-23,26.02,26.5,25.47,25.53,502120000,NVDA
2022-03-23,164.3,168.85,163.97,166.47,98062700,AAPL
2022-03-23,289.53,292.15,286.84,288.55,25715400,MSFT
2022-03-23,326.65,346.9,325.47,333.04,120676200,TSLA
2022-03-24,419.85,424.15,418.74,424.14,64736900,SPY
2022-03-24,26.06,28.2,25.8,28.03,877379000,NVDA
2022-03-24,167.3,170.32,166.47,170.25,90131400,AAPL
2022-03-24,288.21,293.09,287.42,292.99,24484500,MSFT
2022-03-24,336.58,341.5,329.6,337.97,68920800,TSLA
2022-03-25,424.77,426.48,422.2,426.21,77101300,SPY
2022-03-25,27.77,28.24,27.16,27.58,579016000,NVDA
2022-03-25,170.06,171.43,168.96,170.88,80546200,AAPL
2022-03-25,294.08,294.34,288.36,292.59,22566500,MSFT
2022-03-25,336.0,340.6,332.44,336.88,62031600,TSLA
2022-03-28,425.62,429.24,423.73,429.24,68529800,SPY
2022-03-28,27.64,28.13,27.09,28.1,425494000,NVDA
2022-03-28,168.39,171.87,168.22,171.74,90371900,AAPL
2022-03-28,293.21,299.45,293.21,299.35,29578200,MSFT
2022-03-28,355.03,365.96,351.2,363.95,102506100,TSLA
2022-03-29,433.11,435.04,430.44,434.55,86581500,SPY
2022-03-29,28.58,28.83,27.87,28.54,488984000,NVDA
2022-03-29,172.81,175.08,172.47,175.03,100589400,AAPL
2022-03-29,302.44,304.28,297.76,303.89,30393400,MSFT
2022-03-29,369.33,371.59,357.7,366.52,73614900,TSLA
2022-03-30,433.41,434.22,429.77,431.87,79666900,SPY
2022-03-30,28.19,28.38,27.39,27.58,463487000,NVDA
2022-03-30,174.63,175.67,172.82,173.87,92633200,AAPL
2022-03-30,302.3,304.41,300.2,302.4,28163600,MSFT
2022-03-30,363.72,371.32,361.33,364.66,59865000,TSLA
2022-03-31,431.11,431.92,424.77,425.22,121699900,SPY
2022-03-31,27.67,28.13,27.16,27.17,523440000,NVDA
2022-03-31,173.93,174.12,170.57,170.78,103049300,AAPL
2022-03-31,302.43,303.63,296.64,297.05,33422100,MSFT
2022-03-31,364.86,367.71,358.88,359.2,48992700,TSLA
2022-04-01,426.79,426.93,422.87,426.43,89048800,SPY
2022-04-01,27.26,27.38,26.16,26.6,517235000,NVDA
2022-04-01,170.21,171.04,168.16,170.48,78751300,AAPL
2022-04-01,298.07,298.8,294.38,298.12,27110500,MSFT
2022-04-01,360.38,364.92,355.55,361.53,54263100,TSLA
2022-04-04,426.62,430.18,425.8,430.08,59601000,SPY
2022-04-04,26.62,27.45,26.5,27.25,397120000,NVDA
2022-04-04,170.74,174.57,170.61,174.52,76468400,AAPL
2022-04-04,298.76,303.6,298.4,303.46,24289600,MSFT
2022-04-04,363.13,383.3,357.51,381.82,82035900,TSLA
2022-04-05,428.59,431.05,423.51,424.65,74214500,SPY
2022-04-05,27.14,27.21,25.71,25.82,436615000,NVDA
2022-04-05,173.6,174.38,170.59,171.22,73401800,AAPL
2022-04-05,301.83,303.37,298.55,299.52,23156700,MSFT
2022-04-05,378.77,384.29,362.43,363.75,80075100,TSLA
2022-04-06,420.75,422.67,417.53,420.4,106898000,SPY
2022-04-06,24.83,25.2,23.9,24.31,703833000,NVDA
2022-04-06,168.57,169.82,166.39,168.06,89058800,AAPL
2022-04-06,294.04,295.79,285.87,288.56,40110400,MSFT
2022-04-06,357.82,359.67,342.57,348.59,89348400,TSLA
2022-04-07,419.52,424.33,417.59,422.52,78097200,SPY
2022-04-07,24.34,24.62,23.38,24.11,557992000,NVDA
2022-04-07,167.4,169.55,166.12,168.36,77594700,AAPL
2022-04-07,285.82,292.56,285.52,290.36,31411200,MSFT
2022-04-07,350.8,358.86,340.51,352.42,79447200,TSLA
2022-04-08,421.77,424.27,419.85,421.39,79272700,SPY
2022-04-08,23.82,23.83,22.97,23.02,524781000,NVDA
2022-04-08,168.01,168.01,165.48,166.35,76575500,AAPL
2022-04-08,289.47,290.12,285.46,286.12,24361900,MSFT
2022-04-08,347.74,349.48,340.81,341.83,55013700,TSLA
2022-04-11,418.13,418.97,413.69,414.19,89770500,SPY
2022-04-11,22.12,22.23,21.57,21.83,575207000,NVDA
2022-04-11,165.0,165.32,161.87,162.11,72246700,AAPL
2022-04-11,281.13,281.92,274.59,274.84,34569300,MSFT
2022-04-11,326.8,336.16,324.88,325.31,59357100,TSLA
2022-04-12,417.16,419.68,411.11,412.65,84363600,SPY
2022-04-12,22.44,22.63,21.19,21.42,662258000,NVDA
2022-04-12,164.33,166.14,162.98,163.98,79265200,AAPL
2022-04-12,278.67,280.12,270.24,271.76,30966700,MSFT
2022-04-12,332.55,340.4,325.53,328.98,65976000,TSLA
2022-04-13,412.41,418.13,412.23,417.38,74070400,SPY
2022-04-13,21.64,22.41,21.37,22.11,516943000,NVDA
2022-04-13,163.71,167.28,163.11,166.66,70618900,AAPL
2022-04-13,272.4,278.04,271.02,277.11,21907200,MSFT
2022-04-13,327.03,342.08,324.37,340.79,55121100,TSLA
2022-04-14,417.6,418.72,412.08,412.18,97869500,SPY
2022-04-14,22.41,22.68,21.08,21.17,569097000,NVDA
2022-04-14,166.87,167.51,161.42,161.66,75329400,AAPL
2022-04-14,277.57,277.78,269.12,269.61,28221600,MSFT
2022-04-14,333.1,337.57,327.4,328.33,58422300,TSLA
2022-04-18,411.26,414.03,410.13,412.35,66002500,SPY
2022-04-18,21.11,22.0,20.99,21.69,525701000,NVDA
2022-04-18,160.32,162.94,159.98,161.44,69023900,AAPL
2022-04-18,268.72,272.14,268.17,270.27,20778000,MSFT
2022-04-18,329.68,338.31,324.47,334.76,51715200,TSLA
2022-04-19,412.25,419.72,412.08,419.01,77821000,SPY
2022-04-19,21.63,22.28,21.23,22.11,512781000,NVDA
2022-04-19,161.4,164.13,160.31,163.72,67723800,AAPL
2022-04-19,269.17,275.72,268.24,274.88,22297700,MSFT
2022-04-19,335.02,344.98,331.78,342.72,49847700,TSLA
2022-04-20,420.78,421.39,417.54,418.7,65224400,SPY
2022-04-20,22.42,22.58,21.11,21.39,468974000,NVDA
2022-04-20,165.05,165.17,162.45,163.56,67929800,AAPL
2022-04-20,278.83,279.12,274.95,275.9,22906700,MSFT
2022-04-20,343.33,344.67,325.08,325.73,70711200,TSLA
2022-04-21,422.3,423.69,411.53,412.44,85417300,SPY
2022-04-21,21.62,22.3,19.92,20.1,656209000,NVDA
2022-04-21,165.2,167.76,162.27,162.77,87227800,AAPL
2022-04-21,278.04,282.59,269.83,270.55,29454600,MSFT
2022-04-21,358.24,364.07,332.14,336.26,105416400,TSLA
2022-04-22,411.35,412.45,400.55,401.12,132471800,SPY
2022-04-22,20.22,20.4,19.42,19.44,624713000,NVDA
2022-04-22,162.8,164.18,157.95,158.24,84882400,AAPL
2022-04-22,271.39,272.86,263.39,264.02,29405800,MSFT
2022-04-22,338.3,344.95,331.33,335.02,69696600,TSLA
2022-04-25,398.89,403.61,394.34,403.44,119647700,SPY
2022-04-25,19.12,19.86,19.02,19.82,641566000,NVDA
2022-04-25,157.58,159.59,154.98,159.3,96046400,AAPL
2022-04-25,263.31,270.84,260.88,270.47,35678900,MSFT
2022-04-25,326.32,336.21,325.1,332.67,68341200,TSLA
2022-04-26,400.92,401.12,391.73,391.76,103996300,SPY
2022-04-26,19.64,19.71,18.59,18.71,653143000,NVDA
2022-04-26,158.69,158.77,153.28,153.36,95623200,AAPL
2022-04-26,267.36,268.19,260.14,260.35,46518400,MSFT
2022-04-26,331.81,333.33,291.67,292.14,136133700,TSLA
2022-04-27,392.83,398.18,390.73,392.86,122030000,SPY
2022-04-27,18.52,19.09,18.22,18.34,499460000,NVDA
2022-04-27,152.49,156.28,151.97,153.13,88063200,AAPL
2022-04-27,271.8,280.34,268.96,272.87,63477700,MSFT
2022-04-27,299.53,306.0,292.45,293.84,76956300,TSLA
2022-04-28,397.59,404.51,393.17,402.78,105449100,SPY
2022-04-28,18.89,19.95,18.41,19.7,570327000,NVDA
2022-04-28,155.75,160.91,155.44,160.05,130216800,AAPL
2022-04-28,274.77,280.35,271.18,279.05,33646600,MSFT
2022-04-28,299.99,300.0,273.9,292.5,124948500,TSLA
2022-04-29,398.81,400.96,387.16,387.9,145491100,SPY
2022-04-29,19.32,20.05,18.44,18.47,500435000,NVDA
2022-04-29,158.29,162.55,153.8,154.19,131747600,AAPL
2022-04-29,278.07,279.29,266.4,267.38,37073900,MSFT
2022-04-29,300.75,311.47,290.0,290.25,88133100,TSLA
2022-05-02,387.97,391.59,381.33,390.23,158312500,SPY
2022-05-02,18.47,19.49,18.32,19.45,572049000,NVDA
2022-05-02,153.27,154.76,149.9,154.49,123055300,AAPL
2022-05-02,267.57,274.53,266.13,274.08,35151100,MSFT
2022-05-02,286.92,302.12,282.68,300.98,75781500,TSLA
2022-05-03,390.73,394.42,389.18,392.02,100028200,SPY
2022-05-03,19.32,19.74,19.05,19.52,475751000,NVDA
2022-05-03,154.68,157.18,152.89,155.98,88966500,AAPL
2022-05-03,273.59,273.75,269.92,271.49,25978600,MSFT
2022-05-03,301.06,308.03,296.2,303.08,63709500,TSLA
2022-05-04,392.68,404.53,389.51,403.96,144247900,SPY
2022-05-04,19.84,20.32,18.67,20.25,648855000,NVDA
2022-05-04,156.16,162.82,155.76,162.37,108256500,AAPL
2022-05-04,272.27,280.25,266.62,279.39,33599300,MSFT
2022-05-04,301.31,318.5,295.09,317.54,81643800,TSLA
2022-05-05,399.72,400.14,385.49,389.6,172929100,SPY
2022-05-05,19.79,19.84,18.42,18.77,626331000,NVDA
2022-05-05,160.25,160.48,151.55,153.33,130525300,AAPL
2022-05-05,275.11,275.89,264.32,267.22,43260400,MSFT
2022-05-05,313.01,315.2,285.9,291.09,92519100,TSLA
2022-05-06,387.05,390.54,382.0,387.28,151770800,SPY
2022-05-06,18.66,19.43,17.92,18.6,633297000,NVDA
2022-05-06,152.81,156.17,151.02,154.05,116124600,AAPL
2022-05-06,264.77,269.05,261.36,264.69,37780300,MSFT
2022-05-06,295.67,296.0,281.04,288.55,72903000,TSLA
2022-05-09,381.4,382.64,373.31,374.88,155586100,SPY
2022-05-09,17.96,18.18,16.76,16.88,644455000,NVDA
2022-05-09,151.75,152.63,148.38,148.94,131577900,AAPL
2022-05-09,260.2,262.41,253.7,254.92,47726000,MSFT
2022-05-09,278.82,281.88,260.38,262.37,90810300,TSLA
2022-05-10,380.83,382.33,371.72,375.74,132497200,SPY
2022-05-10,17.62,18.12,16.96,17.52,761474000,NVDA
2022-05-10,152.33,153.52,149.79,151.34,115366700,AAPL
2022-05-10,261.77,263.75,255.39,259.66,39336400,MSFT
2022-05-10,273.1,275.12,258.08,266.68,84401700,TSLA
2022-05-11,374.78,380.41,369.03,369.78,142361000,SPY
2022-05-11,17.28,17.68,16.5,16.56,670167000,NVDA
2022-05-11,150.35,152.26,142.82,143.49,142689800,AAPL
2022-05-11,255.98,261.45,249.83,251.03,48975900,MSFT
2022-05-11,265.0,269.92,242.4,244.67,97224600,TSLA
2022-05-12,366.59,372.65,362.62,369.39,125090800,SPY
2022-05-12,16.15,16.72,15.5,16.11,708728000,NVDA
2022-05-12,139.84,143.2,135.95,139.63,182602000,AAPL
2022-05-12,248.28,250.39,240.89,246.02,51033800,MSFT
2022-05-12,233.67,253.22,226.67,242.67,140313000,TSLA
2022-05-13,373.5,379.6,372.47,378.22,104174400,SPY
2022-05-13,16.72,17.85,16.53,17.63,670437000,NVDA
2022-05-13,141.62,145.06,140.17,144.09,113990900,AAPL
2022-05-13,247.95,253.43,246.02,251.58,34925100,MSFT
2022-05-13,257.83,262.45,250.52,256.53,92150700,TSLA
2022-05-16,376.58,380.34,374.34,376.69,78622400,SPY
2022-05-16,17.44,17.72,17.04,17.19,521446000,NVDA
2022-05-16,142.56,144.49,141.22,142.55,86643800,AAPL
2022-05-16,250.46,256.11,246.44,251.95,32550900,MSFT
2022-05-16,255.72,256.59,239.7,241.46,86098500,TSLA
2022-05-17,382.75,384.67,379.03,384.44,83029700,SPY
2022-05-17,18.0,18.3,17.56,18.1,585830000,NVDA
2022-05-17,145.8,146.7,143.67,146.18,78336300,AAPL
2022-05-17,256.39,258.53,252.87,257.07,28828800,MSFT
2022-05-17,249.12,254.83,242.95,253.87,80236200,TSLA
2022-05-18,379.9,380.18,367.7,368.94,117674500,SPY
2022-05-18,17.63,18.04,16.79,16.87,545161000,NVDA
2022-05-18,143.84,144.34,137.03,137.93,109742900,AAPL
2022-05-18,253.98,254.56,244.1,245.37,31356000,MSFT
2022-05-18,248.17,253.5,233.6,236.6,87811800,TSLA
2022-05-19,365.89,371.08,364.47,366.68,98510700,SPY
2022-05-19,16.87,17.61,16.67,17.05,621310000,NVDA
2022-05-19,137.01,138.75,133.8,134.53,136095600,AAPL
2022-05-19,245.2,248.84,243.24,244.46,32692300,MSFT
2022-05-19,235.67,244.67,231.37,236.47,90296700,TSLA
2022-05-20,370.25,373.81,358.28,366.84,131432200,SPY
2022-05-20,17.26,17.34,15.69,16.63,739105000,NVDA
2022-05-20,136.24,137.81,129.89,134.77,137426100,AAPL
2022-05-20,248.42,249.68,237.99,243.9,39199300,MSFT
2022-05-20,238.0,240.53,211.0,221.3,144973200,TSLA
2022-05-23,369.85,374.46,367.54,373.7,76414900,SPY
2022-05-23,16.21,16.85,16.11,16.83,639889000,NVDA
2022-05-23,134.96,140.32,134.82,140.17,117726300,AAPL
2022-05-23,246.73,252.53,244.74,251.71,33175400,MSFT
2022-05-23,218.34,226.65,212.69,224.97,88903500,TSLA
2022-05-24,369.6,372.04,364.32,370.85,91448800,SPY
2022-05-24,16.44,16.53,15.72,16.09,588550000,NVDA
2022-05-24,137.92,139.06,134.51,137.48,104132700,AAPL
2022-05-24,249.05,252.37,244.81,250.72,29043900,MSFT
2022-05-24,217.84,217.97,206.86,209.39,89092500,TSLA
2022-05-25,369.36,376.08,368.97,374.13,91472900,SPY
2022-05-25,15.95,17.04,15.93,16.91,781132000,NVDA
2022-05-25,135.59,138.88,135.5,137.64,92482700,AAPL
2022-05-25,249.29,255.51,248.31,253.52,28547900,MSFT
2022-05-25,207.95,223.11,207.67,219.6,92139300,TSLA
2022-05-26,375.35,383.23,375.14,381.6,82168300,SPY
2022-05-26,15.97,18.02,15.96,17.78,996575000,NVDA
2022-05-26,134.57,141.38,134.33,140.83,90601500,AAPL
2022-05-26,253.28,257.95,252.47,256.78,25002100,MSFT
2022-05-26,220.47,239.56,217.89,235.91,106003200,TSLA
2022-05-27,384.05,391.08,383.85,390.97,84768700,SPY
2022-05-27,18.11,18.8,18.03,18.73,738379000,NVDA
2022-05-27,142.41,146.61,142.28,146.57,90978500,AAPL
2022-05-27,259.28,263.97,258.39,263.87,26910800,MSFT
2022-05-27,241.08,253.27,240.18,253.21,89295000,TSLA
2022-05-31,389.36,392.1,386.04,388.78,95937000,SPY
2022-05-31,18.9,19.12,18.27,18.6,664100000,NVDA
2022-05-31,146.01,147.57,143.83,145.79,103718400,AAPL
2022-05-31,263.19,265.35,259.71,262.55,37827700,MSFT
2022-05-31,257.95,259.6,244.74,252.75,101914500,TSLA
2022-06-01,390.88,391.89,383.13,385.63,86585800,SPY
2022-06-01,18.65,18.98,18.05,18.25,544514000,NVDA
2022-06-01,146.82,148.63,144.65,145.66,74286600,AAPL
2022-06-01,265.76,268.17,260.78,263.08,25292200,MSFT
2022-06-01,251.72,257.33,243.64,246.79,77247900,TSLA
2022-06-02,385.47,393.02,383.23,392.97,79609600,SPY
2022-06-02,18.22,19.54,18.12,19.51,648656000,NVDA
2022-06-02,144.8,148.17,143.85,148.11,72348100,AAPL
2022-06-02,255.38,265.23,252.63,265.17,44008200,MSFT
2022-06-02,244.16,264.21,242.07,258.33,93473100,TSLA
2022-06-03,388.28,389.82,385.56,386.53,71874300,SPY
2022-06-03,19.0,19.25,18.45,18.64,598779000,NVDA
2022-06-03,143.89,144.93,141.5,142.4,88570300,AAPL
2022-06-03,261.04,264.07,259.21,260.76,28059000,MSFT
2022-06-03,243.23,247.8,233.42,234.52,112393800,TSLA
2022-06-06,390.52,392.24,386.53,387.7,57508900,SPY
2022-06-06,19.06,19.26,18.49,18.71,422406000,NVDA
2022-06-06,144.01,145.52,141.93,143.14,71598400,AAPL
2022-06-06,262.73,264.78,258.06,259.54,22400300,MSFT
2022-06-06,244.35,244.87,234.35,238.28,84204600,TSLA
2022-06-07,384.23,391.87,383.77,391.42,59272400,SPY
2022-06-07,18.4,18.92,18.11,18.85,388914000,NVDA
2022-06-07,141.39,145.94,141.14,145.66,67808200,AAPL
2022-06-07,257.5,263.77,256.82,263.16,22860700,MSFT
2022-06-07,234.0,240.0,230.09,238.89,72808500,TSLA
2022-06-08,389.72,391.5,386.37,387.17,64350000,SPY
2022-06-08,18.73,19.11,18.46,18.58,363252000,NVDA
2022-06-08,145.53,146.79,144.43,144.92,53950200,AAPL
2022-06-08,262.39,263.64,260.37,261.14,17372300,MSFT
2022-06-08,240.09,249.96,239.18,241.87,76210500,TSLA
2022-06-09,385.4,387.65,377.96,377.96,86289800,SPY
2022-06-09,18.41,18.86,17.97,17.98,395574000,NVDA
2022-06-09,144.06,144.91,139.6,139.71,69473000,AAPL
2022-06-09,258.6,263.36,255.56,255.71,26439700,MSFT
2022-06-09,249.34,255.55,239.33,239.71,96491400,TSLA
2022-06-10,371.78,372.63,366.95,367.0,132893900,SPY
2022-06-10,17.53,17.63,16.8,16.91,465248000,NVDA
2022-06-10,137.4,137.87,134.25,134.32,91437900,AAPL
2022-06-10,251.65,251.65,243.87,244.32,31422800,MSFT
2022-06-10,235.16,239.5,227.91,232.23,97536600,TSLA
2022-06-13,357.63,359.48,351.46,353.06,170004900,SPY
2022-06-13,15.94,16.25,15.55,15.59,604153000,NVDA
2022-06-13,130.14,132.43,128.74,129.17,122207100,AAPL
2022-06-13,236.71,240.48,233.25,233.95,46135800,MSFT
2022-06-13,223.17,226.63,214.68,215.74,102767400,TSLA
2022-06-14,354.81,355.83,348.91,352.0,104011800,SPY
2022-06-14,15.67,16.0,15.35,15.77,469680000,NVDA
2022-06-14,130.4,131.14,128.78,130.04,84784300,AAPL
2022-06-14,235.5,237.31,233.23,236.11,28651500,MSFT
2022-06-14,218.29,226.33,211.74,220.89,97988700,TSLA
2022-06-15,355.29,361.44,350.35,357.02,125666800,SPY
2022-06-15,16.03,16.8,15.86,16.46,563936000,NVDA
2022-06-15,131.53,134.52,129.45,132.65,91533000,AAPL
2022-06-15,239.8,246.55,237.97,243.13,33111700,MSFT
2022-06-15,220.92,235.66,218.15,233.0,119131800,TSLA
2022-06-16,348.84,349.24,342.78,345.2,134473300,SPY
2022-06-16,15.8,15.88,15.34,15.54,545749000,NVDA
2022-06-16,129.37,129.67,126.39,127.39,108123900,AAPL
2022-06-16,237.55,238.94,234.69,236.57,33169200,MSFT
2022-06-16,222.74,225.17,208.69,213.1,107390700,TSLA
2022-06-17,345.62,349.28,342.46,345.95,111113900,SPY
2022-06-17,15.59,15.93,15.27,15.82,630334000,NVDA
2022-06-17,127.4,130.35,127.15,128.86,134520300,AAPL
2022-06-17,236.31,241.91,235.66,239.16,43084800,MSFT
2022-06-17,213.43,220.97,213.2,216.76,92641800,TSLA
2022-06-21,351.65,356.04,351.57,354.66,76811900,SPY
2022-06-21,16.41,16.94,16.34,16.5,483089000,NVDA
2022-06-21,130.68,134.25,130.58,133.08,81000500,AAPL
2022-06-21,241.68,246.02,240.96,245.04,29928300,MSFT
2022-06-21,224.6,243.58,224.33,237.04,122793000,TSLA
2022-06-22,350.45,358.11,350.03,354.01,90059400,SPY
2022-06-22,16.16,16.6,16.12,16.3,437135000,NVDA
2022-06-22,132.02,134.93,131.16,132.57,73409200,AAPL
2022-06-22,243.25,248.35,241.79,244.45,25939900,MSFT
2022-06-22,234.5,246.83,233.83,236.09,101107500,TSLA
2022-06-23,356.14,358.21,352.59,357.48,79292100,SPY
2022-06-23,16.45,16.52,15.79,16.16,463680000,NVDA
2022-06-23,134.01,135.75,132.85,135.43,72433800,AAPL
2022-06-23,246.81,250.48,244.93,249.99,25861400,MSFT
2022-06-23,237.91,239.32,228.64,235.07,104202600,TSLA
2022-06-24,360.64,368.86,360.61,368.85,98050300,SPY
2022-06-24,16.44,17.07,16.25,17.06,472153000,NVDA
2022-06-24,137.03,139.0,136.9,138.75,89116800,AAPL
2022-06-24,252.83,258.79,252.75,258.52,33923200,MSFT
2022-06-24,237.47,246.07,236.09,245.71,95770800,TSLA
2022-06-27,369.77,370.06,366.35,367.44,66009600,SPY
2022-06-27,17.24,17.26,16.56,16.8,427968000,NVDA
2022-06-27,139.77,140.55,138.08,138.75,70207900,AAPL
2022-06-27,259.01,259.1,254.25,255.81,24615100,MSFT
2022-06-27,249.37,252.07,242.57,244.92,89178300,TSLA
2022-06-28,368.99,371.76,359.82,359.93,86548900,SPY
2022-06-28,16.83,17.14,15.88,15.92,461149000,NVDA
2022-06-28,139.21,140.48,134.5,134.62,67083400,AAPL
2022-06-28,254.93,257.76,247.53,247.69,27295500,MSFT
2022-06-28,244.48,249.97,232.34,232.66,90391200,TSLA
2022-06-29,360.48,361.46,357.82,359.64,65676000,SPY
2022-06-29,15.75,15.76,15.11,15.48,482352000,NVDA
2022-06-29,134.64,137.78,133.86,136.37,66242400,AAPL
2022-06-29,248.76,252.99,246.99,251.34,20069800,MSFT
2022-06-29,230.5,231.17,222.27,228.49,82897200,TSLA
2022-06-30,355.76,359.94,352.28,356.72,112508300,SPY
2022-06-30,15.3,15.51,14.8,15.1,686070000,NVDA
2022-06-30,134.43,135.53,131.02,133.91,98964500,AAPL
2022-06-30,248.24,250.63,244.23,248.02,31730900,MSFT
2022-06-30,224.51,229.46,218.86,224.47,94600500,TSLA
2022-07-01,356.06,360.92,353.45,360.49,74839700,SPY
2022-07-01,14.84,15.0,14.34,14.47,577610000,NVDA
2022-07-01,133.25,136.19,132.88,136.08,71051600,AAPL
2022-07-01,247.6,250.86,245.88,250.68,22837700,MSFT
2022-07-01,227.0,230.23,222.12,227.26,74460300,TSLA
2022-07-05,355.42,361.19,352.6,361.17,81438000,SPY
2022-07-05,14.12,14.91,14.0,14.91,651397000,NVDA
2022-07-05,134.94,138.7,134.12,138.65,73353800,AAPL
2022-07-05,247.38,253.96,246.01,253.84,22941000,MSFT
2022-07-05,223.0,233.15,216.17,233.07,84581100,TSLA
2022-07-06,361.31,364.87,358.94,362.39,70426200,SPY
2022-07-06,14.95,15.26,14.73,15.07,529066000,NVDA
2022-07-06,138.45,141.16,138.18,139.99,74064300,AAPL
2022-07-06,254.71,258.8,253.4,257.08,23824400,MSFT
2022-07-06,230.78,234.56,227.19,231.73,71853600,TSLA
2022-07-07,364.16,368.61,362.41,367.82,64525900,SPY
2022-07-07,15.4,15.88,15.33,15.8,492903000,NVDA
2022-07-07,140.35,143.54,140.34,143.35,66253700,AAPL
2022-07-07,256.03,259.84,255.93,259.2,20859900,MSFT
2022-07-07,233.92,245.36,232.21,244.54,81930600,TSLA
2022-07-08,366.19,369.38,364.67,367.52,72397800,SPY
2022-07-08,15.37,15.97,15.33,15.78,467972000,NVDA
2022-07-08,142.28,144.52,142.02,144.02,64547800,AAPL
2022-07-08,255.71,258.91,254.26,258.48,19658800,MSFT
2022-07-08,242.33,254.98,241.16,250.76,101854200,TSLA
2022-07-11,364.85,365.81,362.63,363.32,58366900,SPY
2022-07-11,15.47,15.47,14.98,15.09,437321000,NVDA
2022-07-11,142.68,143.63,140.83,141.9,63141600,AAPL
2022-07-11,256.54,257.39,253.19,255.44,19455200,MSFT
2022-07-11,252.1,253.06,233.63,234.34,99241200,TSLA
2022-07-12,362.77,365.14,358.36,360.1,62219200,SPY
2022-07-12,15.21,15.37,14.82,15.02,458483000,NVDA
2022-07-12,142.77,145.4,142.07,142.87,77588800,AAPL
2022-07-12,256.76,256.82,243.4,244.97,35868500,MSFT
2022-07-12,236.85,239.77,228.37,233.07,87930900,TSLA
2022-07-13,354.68,361.13,354.27,358.21,84224600,SPY
2022-07-13,14.53,15.32,14.41,15.11,521918000,NVDA
2022-07-13,140.06,143.44,139.2,142.5,71185600,AAPL
2022-07-13,241.61,244.86,239.6,244.06,29497400,MSFT
2022-07-13,225.5,242.06,225.03,237.04,97954500,TSLA
2022-07-14,353.27,358.42,350.84,357.34,89704800,SPY
2022-07-14,15.05,15.41,14.67,15.31,456235000,NVDA
2022-07-14,141.12,145.89,140.31,145.42,78140700,AAPL
2022-07-14,241.98,246.39,237.51,245.37,25102800,MSFT
2022-07-14,234.9,238.65,229.33,238.31,78557400,TSLA
2022-07-15,361.73,364.28,359.83,364.17,79060400,SPY
2022-07-15,15.6,15.72,15.39,15.7,385935000,NVDA
2022-07-15,146.71,147.76,145.16,147.09,76259900,AAPL
2022-07-15,246.95,251.44,246.04,247.92,29774100,MSFT
2022-07-15,240.0,243.62,236.89,240.07,69683100,TSLA
2022-07-18,367.24,367.91,359.94,361.16,63203600,SPY
2022-07-18,16.24,16.83,15.94,16.04,670517000,NVDA
2022-07-18,147.65,148.46,143.69,144.05,81420900,AAPL
2022-07-18,250.84,251.9,244.62,245.53,20975000,MSFT
2022-07-18,244.94,250.52,239.6,240.55,82537500,TSLA
2022-07-19,365.07,371.49,364.41,370.92,78506000,SPY
2022-07-19,16.42,17.04,16.11,16.93,702366000,NVDA
2022-07-19,144.88,148.13,143.89,147.9,82982400,AAPL
2022-07-19,248.75,250.82,244.98,250.63,25012600,MSFT
2022-07-19,245.0,247.14,236.98,245.53,80890200,TSLA
2022-07-20,371.11,374.69,369.75,373.28,71843800,SPY
2022-07-20,16.88,17.86,16.74,17.74,760538000,NVDA
2022-07-20,148.02,150.57,147.28,149.9,64823400,AAPL
2022-07-20,250.99,255.79,250.03,253.28,22788300,MSFT
2022-07-20,246.78,250.66,243.48,247.5,88864200,TSLA
2022-07-21,372.71,377.13,370.31,377.08,64903900,SPY
2022-07-21,17.82,18.07,17.48,17.98,557049000,NVDA
2022-07-21,151.33,152.38,148.82,152.16,65086600,AAPL
2022-07-21,250.88,255.81,248.22,255.76,22404700,MSFT
2022-07-21,255.11,273.27,254.87,271.71,142032300,TSLA
2022-07-22,377.21,378.4,371.37,373.59,72197300,SPY
2022-07-22,17.82,17.9,17.07,17.25,536671000,NVDA
2022-07-22,152.2,153.07,150.26,150.93,66675400,AAPL
2022-07-22,256.15,256.23,250.19,251.43,21881300,MSFT
2022-07-22,276.22,280.79,270.71,272.24,103472700,TSLA
2022-07-25,374.21,374.89,371.81,374.04,53631500,SPY
2022-07-25,16.95,17.06,16.58,16.96,480748000,NVDA
2022-07-25,150.85,151.86,149.15,149.81,53623900,AAPL
2022-07-25,252.05,252.53,248.01,249.96,21056000,MSFT
2022-07-25,272.22,274.15,267.4,268.43,64073400,TSLA
2022-07-26,372.4,372.61,368.73,369.61,52946400,SPY
2022-07-26,16.82,16.85,16.41,16.47,397865000,NVDA
2022-07-26,149.14,149.95,147.71,148.49,55138700,AAPL
2022-07-26,250.95,250.97,241.01,243.26,39348000,MSFT
2022-07-26,266.51,267.31,256.26,258.86,66820800,TSLA
2022-07-27,372.9,380.95,372.6,379.21,82342100,SPY
2022-07-27,16.97,17.87,16.85,17.72,569776000,NVDA
2022-07-27,149.45,154.1,149.04,153.57,78620700,AAPL
2022-07-27,252.21,260.79,249.98,259.53,45994000,MSFT
2022-07-27,263.81,275.93,261.79,274.82,88110000,TSLA
2022-07-28,380.02,384.66,376.48,383.97,73966600,SPY
2022-07-28,17.91,18.07,17.37,17.91,474646000,NVDA
2022-07-28,153.76,154.4,151.24,154.12,81378700,AAPL
2022-07-28,260.5,268.31,258.69,266.93,33459300,MSFT
2022-07-28,280.07,283.3,272.8,280.9,84723000,TSLA
2022-07-29,385.4,390.55,384.63,389.57,87003700,SPY
2022-07-29,17.74,18.17,17.62,18.09,435460000,NVDA
2022-07-29,157.93,160.27,156.23,159.17,101786900,AAPL
2022-07-29,268.18,272.33,267.15,271.11,32152800,MSFT
2022-07-29,280.7,298.32,279.1,297.15,95313000,TSLA
2022-08-01,386.88,390.91,386.17,388.41,69997500,SPY
2022-08-01,18.11,18.77,17.92,18.37,476469000,NVDA
2022-08-01,157.71,160.23,157.59,158.2,67829400,AAPL
2022-08-01,268.29,271.64,266.38,268.48,21539600,MSFT
2022-08-01,301.28,311.88,295.0,297.28,117042900,TSLA
2022-08-02,386.85,390.52,384.68,385.85,63435400,SPY
2022-08-02,18.05,18.86,18.02,18.45,489527000,NVDA
2022-08-02,156.81,159.08,156.35,156.73,59907000,AAPL
2022-08-02,266.54,268.36,263.04,265.4,22754200,MSFT
2022-08-02,294.0,307.83,292.67,300.59,95577600,TSLA
2022-08-03,387.97,393.06,387.68,391.89,67820600,SPY
2022-08-03,18.11,18.89,18.07,18.82,418146000,NVDA
2022-08-03,157.54,163.17,157.45,162.72,82507500,AAPL
2022-08-03,267.27,273.78,267.13,272.79,23518900,MSFT
2022-08-03,305.0,309.55,301.15,307.4,80091000,TSLA
2022-08-04,391.82,392.5,389.99,391.63,45656600,SPY
2022-08-04,18.78,19.2,18.69,19.14,409652000,NVDA
2022-08-04,162.6,163.76,161.06,162.41,55474100,AAPL
2022-08-04,272.14,274.07,270.56,273.93,18098700,MSFT
2022-08-04,311.0,313.61,305.0,308.63,72256200,TSLA
2022-08-05,387.36,391.61,387.31,390.97,56814900,SPY
2022-08-05,18.74,19.15,18.59,18.92,386068000,NVDA
2022-08-05,160.08,162.67,159.88,162.18,56697000,AAPL
2022-08-05,269.58,273.93,269.13,273.21,16774600,MSFT
2022-08-05,302.67,304.61,285.54,288.17,113172900,TSLA
2022-08-08,392.65,394.89,389.41,390.51,53886100,SPY
2022-08-08,17.43,18.17,17.18,17.72,981859000,NVDA
2022-08-08,163.18,164.59,161.05,161.71,60276900,AAPL
2022-08-08,274.31,276.12,269.74,270.71,18739200,MSFT
2022-08-08,295.0,305.2,289.09,290.42,98994000,TSLA
2022-08-09,389.78,390.28,387.89,388.96,44931800,SPY
2022-08-09,17.19,17.38,16.66,17.02,668263000,NVDA
2022-08-09,160.88,162.64,160.12,161.76,63135500,AAPL
2022-08-09,270.05,273.37,268.09,272.62,23405200,MSFT
2022-08-09,290.29,292.4,279.35,283.33,86244600,TSLA
2022-08-10,395.99,397.27,394.04,397.13,68665700,SPY
2022-08-10,17.63,18.05,17.25,18.03,597422000,NVDA
2022-08-10,164.47,166.09,163.7,166.0,70170500,AAPL
2022-08-10,278.29,279.87,277.1,279.25,24687800,MSFT
2022-08-10,297.07,297.51,283.37,294.36,94918800,TSLA
2022-08-11,399.97,401.82,396.39,397.13,59489700,SPY
2022-08-11,18.06,18.63,17.81,17.87,509327000,NVDA
2022-08-11,166.8,167.71,164.97,165.26,57149200,AAPL
2022-08-11,280.88,281.23,276.69,277.18,20065900,MSFT
2022-08-11,296.51,298.24,285.83,286.63,70155000,TSLA
2022-08-12,399.06,403.96,398.11,403.85,61694500,SPY
2022-08-12,18.09,18.65,17.88,18.64,478094000,NVDA
2022-08-12,166.57,168.87,166.15,168.8,68039400,AAPL
2022-08-12,278.59,281.9,277.1,281.9,22619700,MSFT
2022-08-12,289.42,300.16,285.03,300.03,79657200,TSLA
2022-08-15,401.65,406.04,401.59,405.52,54048300,SPY
2022-08-15,18.63,19.09,18.54,18.96,457666000,NVDA
2022-08-15,168.23,170.07,168.07,169.87,54091700,AAPL
2022-08-15,281.02,284.09,280.16,283.41,18085700,MSFT
2022-08-15,301.79,313.13,301.23,309.32,89359200,TSLA
2022-08-16,404.45,408.23,403.65,406.31,59289000,SPY
2022-08-16,18.85,19.07,18.43,18.81,451240000,NVDA
2022-08-16,169.47,170.38,168.37,169.71,56377100,AAPL
2022-08-16,281.98,283.96,280.46,282.67,18102900,MSFT
2022-08-16,311.67,314.67,302.88,306.56,88136400,TSLA
2022-08-17,402.73,406.12,401.43,403.43,63563400,SPY
2022-08-17,18.45,18.62,18.07,18.26,446799000,NVDA
2022-08-17,169.46,172.77,169.26,171.21,79542000,AAPL
2022-08-17,280.4,283.89,280.14,281.93,18253400,MSFT
2022-08-17,303.4,309.66,300.03,304.0,68766000,TSLA
2022-08-18,403.63,405.28,402.34,404.6,49023200,SPY
2022-08-18,18.23,18.79,18.11,18.7,415447000,NVDA
2022-08-18,170.42,171.55,169.8,170.81,62290100,AAPL
2022-08-18,280.84,282.5,279.76,280.82,17186200,MSFT
2022-08-18,306.0,306.5,301.85,302.87,47500500,TSLA
2022-08-19,401.85,402.11,398.29,399.16,68016900,SPY
2022-08-19,18.33,18.45,17.7,17.78,441588000,NVDA
2022-08-19,169.71,170.41,168.03,168.23,70346300,AAPL
2022-08-19,279.59,279.93,276.35,276.93,20570000,MSFT
2022-08-19,299.0,300.36,292.5,296.67,61395300,TSLA
2022-08-22,394.35,394.52,389.95,390.85,77695600,SPY
2022-08-22,17.42,17.49,16.9,16.97,409593000,NVDA
2022-08-22,166.44,166.6,163.94,164.36,69026800,AAPL
2022-08-22,272.99,273.35,268.28,268.8,25061100,MSFT
2022-08-22,291.91,292.4,286.3,289.91,55843200,TSLA
2022-08-23,390.43,392.81,389.36,389.91,49105200,SPY
2022-08-23,16.92,17.4,16.9,17.11,369986000,NVDA
2022-08-23,163.88,165.48,163.46,164.03,54147100,AAPL
2022-08-23,267.53,269.87,266.52,267.53,17527400,MSFT
2022-08-23,291.45,298.83,287.92,296.45,63984900,TSLA
2022-08-24,389.68,392.52,389.0,391.15,49177800,SPY
2022-08-24,16.95,17.34,16.83,17.16,522661000,NVDA
2022-08-24,164.11,164.89,163.06,164.32,53841500,AAPL
2022-08-24,266.53,268.29,266.24,266.9,18137000,MSFT
2022-08-24,297.56,303.65,296.5,297.1,57259800,TSLA
2022-08-25,392.64,396.72,391.55,396.68,50942300,SPY
2022-08-25,16.78,17.88,16.77,17.84,770691000,NVDA
2022-08-25,165.55,166.88,165.12,166.77,51218200,AAPL
2022-08-25,268.39,270.03,265.67,269.86,16583400,MSFT
2022-08-25,302.36,302.96,291.6,296.07,53230000,TSLA
2022-08-26,396.56,397.1,383.19,383.25,103087000,SPY
2022-08-26,17.79,17.85,16.17,16.2,769127000,NVDA
2022-08-26,167.3,167.77,160.43,160.48,78961000,AAPL
2022-08-26,270.08,271.3,259.34,259.45,27549300,MSFT
2022-08-26,297.43,302.0,287.47,288.09,57163900,TSLA
2022-08-29,380.31,383.75,379.36,380.72,65370800,SPY
2022-08-29,15.96,16.27,15.71,15.74,496132000,NVDA
2022-08-29,158.06,159.78,156.76,158.29,73314000,AAPL
2022-08-29,257.28,258.78,255.34,256.68,20338500,MSFT
2022-08-29,282.83,287.74,280.7,284.82,41864700,TSLA
2022-08-30,381.87,382.11,374.45,376.54,85652400,SPY
2022-08-30,15.9,15.98,15.12,15.41,530181000,NVDA
2022-08-30,159.02,159.44,154.7,155.86,77906200,AAPL
2022-08-30,258.07,258.44,252.26,254.49,22767100,MSFT
2022-08-30,287.87,288.48,272.65,277.7,50541800,TSLA
2022-08-31,378.16,379.4,373.54,373.67,76029700,SPY
2022-08-31,15.32,15.48,14.9,15.04,573710000,NVDA
2022-08-31,157.24,157.5,154.13,154.21,87991100,AAPL
2022-08-31,256.84,258.5,252.91,253.04,24791800,MSFT
2022-08-31,280.62,281.25,271.81,275.61,52107300,TSLA
2022-09-01,371.51,375.18,368.81,374.84,78740100,SPY
2022-09-01,14.15,14.32,13.22,13.88,1178865000,NVDA
2022-09-01,153.64,155.38,151.71,154.93,74229900,AAPL
2022-09-01,250.53,252.48,247.18,252.01,23263400,MSFT
2022-09-01,272.58,277.58,266.15,277.16,54287000,TSLA
2022-09-02,378.49,379.7,369.08,370.89,99632100,SPY
2022-09-02,14.05,14.12,13.54,13.59,743157000,NVDA
2022-09-02,156.69,157.29,152.0,152.82,76957800,AAPL
2022-09-02,253.26,256.21,246.27,247.81,22855400,MSFT
2022-09-02,281.07,282.35,269.08,270.21,50890100,TSLA
2022-09-06,371.73,372.67,367.28,369.49,76637400,SPY
2022-09-06,13.68,13.73,13.3,13.41,535751000,NVDA
2022-09-06,153.47,154.08,150.74,151.57,73714800,AAPL
2022-09-06,247.94,249.52,243.82,245.09,21328200,MSFT
2022-09-06,272.68,275.99,265.74,274.42,55860000,TSLA
2022-09-07,369.18,376.9,368.96,376.13,70964200,SPY
2022-09-07,13.51,13.79,13.3,13.66,512657000,NVDA
2022-09-07,151.85,153.67,150.67,152.97,87449600,AAPL
2022-09-07,246.49,250.49,245.06,249.77,24126700,MSFT
2022-09-07,273.1,283.84,272.27,283.7,50028900,TSLA
2022-09-08,373.87,379.04,372.67,378.59,80821700,SPY
2022-09-08,13.41,13.96,13.32,13.94,624873000,NVDA
2022-09-08,151.68,153.36,149.75,151.5,84923800,AAPL
2022-09-08,249.21,252.04,246.58,250.19,20319900,MSFT
2022-09-08,281.3,289.5,279.76,289.26,53713100,TSLA
2022-09-09,380.82,385.33,380.55,384.47,76706900,SPY
2022-09-09,14.11,14.42,14.08,14.34,486612000,NVDA
2022-09-09,152.49,154.8,151.78,154.35,68028800,AAPL
2022-09-09,252.1,256.68,251.9,255.94,22084700,MSFT
2022-09-09,291.67,299.85,291.25,299.68,54338100,TSLA
2022-09-12,386.53,389.32,386.23,388.6,69256300,SPY
2022-09-12,14.32,14.49,14.15,14.45,484159000,NVDA
2022-09-12,156.53,161.11,156.25,160.3,104956000,AAPL
2022-09-12,257.21,258.83,256.61,258.05,18747700,MSFT
2022-09-12,300.72,305.49,300.4,304.42,48674600,TSLA
2022-09-13,379.96,381.16,370.59,371.7,122947100,SPY
2022-09-13,13.75,13.87,13.05,13.08,714956000,NVDA
2022-09-13,156.84,157.46,150.43,150.89,122656600,AAPL
2022-09-13,250.5,252.01,243.48,243.87,33353300,MSFT
2022-09-13,292.9,297.4,290.4,292.13,68229600,TSLA
2022-09-14,373.0,374.64,369.83,373.12,85023700,SPY
2022-09-14,13.21,13.24,12.87,13.08,588507000,NVDA
2022-09-14,151.82,154.09,150.67,152.33,87965400,AAPL
2022-09-14,245.36,246.03,241.81,244.09,23913000,MSFT
2022-09-14,292.24,306.0,291.64,302.61,72628700,TSLA
2022-09-15,371.57,374.41,367.62,368.89,87633800,SPY
2022-09-15,12.97,13.19,12.74,12.88,523625000,NVDA
2022-09-15,151.69,152.27,148.48,149.45,90481100,AAPL
2022-09-15,241.72,243.3,236.15,237.47,31530900,MSFT
2022-09-15,301.83,309.12,300.72,303.75,64795500,TSLA
2022-09-16,364.72,366.73,362.8,366.07,103084800,SPY
2022-09-16,12.7,13.16,12.57,13.15,670751000,NVDA
2022-09-16,148.31,148.45,145.53,147.81,162278800,AAPL
2022-09-16,236.39,237.39,234.26,236.85,39791800,MSFT
2022-09-16,299.61,303.71,295.6,303.35,87087800,TSLA
2022-09-19,362.94,368.91,362.86,368.91,73278500,SPY
2022-09-19,12.97,13.41,12.96,13.33,569685000,NVDA
2022-09-19,146.45,151.6,146.24,151.52,81474200,AAPL
2022-09-19,234.65,237.24,233.09,236.64,26826900,MSFT
2022-09-19,300.09,309.84,297.8,309.07,60231200,TSLA
2022-09-20,365.6,366.6,361.93,364.68,77274900,SPY
2022-09-20,13.17,13.43,13.01,13.13,524818000,NVDA
2022-09-20,150.46,155.05,150.15,153.89,107689800,AAPL
2022-09-20,234.27,235.66,231.92,234.63,26660300,MSFT
2022-09-20,306.91,313.33,305.58,308.73,61642800,TSLA
2022-09-21,366.59,369.63,358.31,358.32,106746600,SPY
2022-09-21,13.17,13.98,13.06,13.21,807679000,NVDA
2022-09-21,154.32,155.7,150.66,150.77,101696800,AAPL
2022-09-21,236.4,239.68,231.2,231.25,28625600,MSFT
2022-09-21,308.29,313.8,300.63,300.8,62555700,TSLA
2022-09-22,357.55,359.18,354.56,355.31,89472600,SPY
2022-09-22,13.02,13.1,12.38,12.52,759162000,NVDA
2022-09-22,149.46,151.51,148.02,149.81,86652500,AAPL
2022-09-22,230.2,236.0,229.91,233.21,31061200,MSFT
2022-09-22,299.86,301.29,285.82,288.59,70545400,TSLA
2022-09-23,351.85,351.89,344.93,349.35,122346900,SPY
2022-09-23,12.38,12.57,12.21,12.47,663309000,NVDA
2022-09-23,148.29,148.57,145.71,147.55,96029900,AAPL
2022-09-23,231.82,233.36,227.62,230.25,34176000,MSFT
2022-09-23,283.09,284.5,272.82,275.33,63748400,TSLA
2022-09-26,347.89,351.5,344.68,345.9,92581200,SPY
2022-09-26,12.45,12.61,12.17,12.18,547343000,NVDA
2022-09-26,146.79,150.82,146.77,147.88,93339400,AAPL
2022-09-26,229.41,233.67,229.26,229.8,27694200,MSFT
2022-09-26,271.83,284.09,270.31,276.01,58076900,TSLA
2022-09-27,349.42,351.68,342.63,345.01,108294100,SPY
2022-09-27,12.46,12.69,12.21,12.37,553854000,NVDA
2022-09-27,149.81,151.76,147.08,148.85,84442700,AAPL
2022-09-27,232.24,234.01,226.94,228.79,27018700,MSFT
2022-09-27,283.84,288.67,277.51,282.94,61925200,TSLA
2022-09-28,345.96,353.48,344.27,351.8,110802200,SPY
2022-09-28,12.37,12.78,12.31,12.69,542414000,NVDA
2022-09-28,144.81,147.75,142.06,146.97,146691400,AAPL
2022-09-28,229.18,234.52,227.16,233.3,29029700,MSFT
2022-09-28,283.08,289.0,277.57,287.81,54664800,TSLA
2022-09-29,348.27,348.55,341.52,344.45,112952300,SPY
2022-09-29,12.4,12.46,11.9,12.18,532763000,NVDA
2022-09-29,143.3,143.91,137.98,139.75,128138200,AAPL
2022-09-29,231.19,232.22,226.85,229.84,27484200,MSFT
2022-09-29,282.76,283.65,265.78,268.21,77620600,TSLA
2022-09-30,343.51,347.42,338.99,339.13,153711200,SPY
2022-09-30,12.04,12.59,12.03,12.1,565638000,NVDA
2022-09-30,138.57,140.36,135.36,135.55,124925300,AAPL
2022-09-30,230.61,232.79,225.23,225.39,35694800,MSFT
2022-09-30,266.15,275.57,262.47,265.25,67726600,TSLA
2022-10-03,342.83,349.92,341.05,348.08,89756500,SPY
2022-10-03,12.3,12.63,12.06,12.47,547478000,NVDA
2022-10-03,135.56,140.33,135.05,139.72,114311700,AAPL
2022-10-03,227.82,233.82,227.1,232.98,28880400,MSFT
2022-10-03,254.5,255.16,241.01,242.4,98363500,TSLA
2022-10-04,353.58,358.89,348.04,358.87,103602800,SPY
2022-10-04,12.83,13.17,12.83,13.12,584182000,NVDA
2022-10-04,142.25,143.42,141.5,143.3,87830100,AAPL
2022-10-04,237.19,242.29,237.08,240.86,34888400,MSFT
2022-10-04,250.52,257.5,242.01,249.44,109578500,TSLA
2022-10-05,354.52,360.28,352.2,358.03,88065700,SPY
2022-10-05,12.86,13.27,12.58,13.16,507131000,NVDA
2022-10-05,141.31,144.56,140.27,143.59,79471000,AAPL
2022-10-05,238.06,242.5,236.23,241.17,20347100,MSFT
2022-10-05,245.01,246.67,233.27,240.81,86982700,TSLA
2022-10-06,356.63,359.58,353.84,354.34,82333500,SPY
2022-10-06,13.17,13.61,13.06,13.08,644157000,NVDA
2022-10-06,143.02,144.71,142.44,142.64,68402200,AAPL
2022-10-06,239.94,242.27,238.15,238.83,20239900,MSFT
2022-10-06,239.44,244.58,235.35,238.13,69298400,TSLA
2022-10-07,350.32,354.42,342.7,344.45,107789500,SPY
2022-10-07,12.46,12.62,11.98,12.03,672478000,NVDA
2022-10-07,139.81,140.36,136.78,137.41,85925600,AAPL
2022-10-07,233.13,233.54,225.65,226.69,37769600,MSFT
2022-10-07,233.94,234.57,222.02,223.07,83916800,TSLA
2022-10-10,345.56,345.8,339.59,341.82,76042800,SPY
2022-10-10,11.99,12.08,11.37,11.63,698699000,NVDA
2022-10-10,137.73,139.17,135.91,137.73,74899000,AAPL
2022-10-10,225.54,227.0,219.42,221.86,29743600,MSFT
2022-10-10,223.93,226.99,218.36,222.96,67925000,TSLA
2022-10-11,340.13,344.68,337.73,339.66,92482800,SPY
2022-10-11,11.52,11.8,11.24,11.54,667482000,NVDA
2022-10-11,137.22,138.64,135.57,136.32,77033700,AAPL
2022-10-11,220.28,221.68,216.89,218.14,30474000,MSFT
2022-10-11,220.95,225.75,215.0,216.5,77013200,TSLA
2022-10-12,340.07,341.63,338.29,338.54,76991800,SPY
2022-10-12,11.54,11.69,11.3,11.46,492590000,NVDA
2022-10-12,136.46,137.67,135.51,135.69,70433700,AAPL
2022-10-12,218.13,220.51,216.74,218.47,21903900,MSFT
2022-10-12,215.33,219.3,211.51,217.24,66860700,TSLA
2022-10-13,331.56,348.93,330.51,347.47,147254500,SPY
2022-10-13,10.93,12.03,10.77,11.92,850103000,NVDA
2022-10-13,132.4,140.84,131.8,140.25,113224000,AAPL
2022-10-13,212.76,228.49,212.07,226.69,42551800,MSFT
2022-10-13,208.3,222.99,206.22,221.72,91483000,TSLA
2022-10-14,349.92,351.55,338.92,339.55,123737000,SPY
2022-10-14,12.01,12.07,11.16,11.19,713432000,NVDA
2022-10-14,141.54,141.75,135.54,135.73,88598000,AAPL
2022-10-14,227.95,229.59,220.98,221.19,30198600,MSFT
2022-10-14,224.01,226.26,204.16,204.99,94124500,TSLA
2022-10-17,345.61,349.38,339.22,348.28,93168200,SPY
2022-10-17,11.48,11.91,11.48,11.85,580774000,NVDA
2022-10-17,138.37,140.16,137.58,139.68,85250900,AAPL
2022-10-17,228.22,231.26,227.56,229.87,28142300,MSFT
2022-10-17,210.04,221.86,209.45,219.35,79428800,TSLA
2022-10-18,356.17,356.47,348.94,352.37,97162900,SPY
2022-10-18,12.3,12.45,11.58,11.92,659362000,NVDA
2022-10-18,142.7,143.89,137.92,141.0,99136600,AAPL
2022-10-18,235.4,236.07,227.78,230.81,26329600,MSFT
2022-10-18,229.5,229.82,217.25,220.19,75891900,TSLA
2022-10-19,350.34,353.06,347.07,349.87,79746900,SPY
2022-10-19,11.84,12.31,11.79,12.01,523131000,NVDA
2022-10-19,138.97,142.17,138.79,141.1,61758300,AAPL
2022-10-19,229.4,231.89,226.74,228.86,19985700,MSFT
2022-10-19,219.8,222.93,217.78,222.04,66571500,TSLA
2022-10-20,349.43,353.83,346.18,346.94,88283100,SPY
2022-10-20,12.07,12.72,12.06,12.15,652398000,NVDA
2022-10-20,140.28,143.09,139.92,140.64,64522000,AAPL
2022-10-20,228.17,233.53,227.3,228.54,21811000,MSFT
2022-10-20,208.28,215.55,202.0,207.28,117798100,TSLA
2022-10-21,346.67,355.86,345.17,355.37,131038400,SPY
2022-10-21,12.05,12.45,11.84,12.42,609494000,NVDA
2022-10-21,140.13,145.02,139.92,144.45,86548600,AAPL
2022-10-21,227.17,235.17,226.94,234.32,26299700,MSFT
2022-10-21,206.42,214.66,203.8,214.44,75713800,TSLA
2022-10-24,356.89,360.85,354.25,359.72,85436900,SPY
2022-10-24,12.46,12.66,12.02,12.55,517457000,NVDA
2022-10-24,144.37,147.35,143.2,146.59,75981900,AAPL
2022-10-24,235.9,239.85,233.52,239.28,24911200,MSFT
2022-10-24,205.82,213.5,198.59,211.25,100446800,TSLA
2022-10-25,359.64,365.78,359.53,365.46,78846300,SPY
2022-10-25,12.65,13.25,12.62,13.21,505482000,NVDA
2022-10-25,147.21,149.57,146.5,149.42,74732300,AAPL
2022-10-25,239.29,242.95,237.91,242.58,34775500,MSFT
2022-10-25,210.1,224.35,210.0,222.42,96507900,TSLA
2022-10-26,362.33,367.99,362.07,362.71,104087300,SPY
2022-10-26,12.82,13.34,12.66,12.85,532953000,NVDA
2022-10-26,148.07,149.08,145.2,146.49,88194300,AAPL
2022-10-26,223.72,230.62,222.64,223.86,82543200,MSFT
2022-10-26,219.4,230.6,218.2,224.64,85012500,TSLA
2022-10-27,363.71,365.54,360.16,360.77,81971800,SPY
2022-10-27,13.58,13.79,13.07,13.13,583113000,NVDA
2022-10-27,145.23,146.19,141.37,142.03,109180200,AAPL
2022-10-27,223.59,226.16,218.5,219.44,40424600,MSFT
2022-10-27,229.77,233.81,222.85,225.09,61638800,TSLA
2022-10-28,360.67,369.83,360.49,369.36,100302000,SPY
2022-10-28,13.06,13.8,13.01,13.78,521040000,NVDA
2022-10-28,145.36,154.48,144.99,152.76,164762400,AAPL
2022-10-28,218.95,228.97,218.76,228.27,40647700,MSFT
2022-10-28,225.4,228.86,216.35,228.52,69152400,TSLA
2022-10-31,366.91,368.77,365.79,366.69,96631300,SPY
2022-10-31,13.73,13.79,13.25,13.45,486341000,NVDA
2022-10-31,150.22,151.28,149.01,150.4,97943200,AAPL
2022-10-31,226.22,227.35,223.7,224.65,28357300,MSFT
2022-10-31,226.19,229.85,221.94,227.54,61554300,TSLA
2022-11-01,370.42,370.66,363.92,365.08,85407600,SPY
2022-11-01,13.76,13.88,13.47,13.49,432817000,NVDA
2022-11-01,152.11,152.47,146.27,147.76,80379300,AAPL
2022-11-01,227.04,228.14,220.0,220.81,30592300,MSFT
2022-11-01,234.05,237.4,227.28,227.82,62688800,TSLA
2022-11-02,364.5,368.99,355.82,355.92,126990400,SPY
2022-11-02,13.8,14.16,13.16,13.17,672628000,NVDA
2022-11-02,146.1,149.25,142.22,142.25,93604600,AAPL
2022-11-02,222.06,223.84,212.95,213.01,38407000,MSFT
2022-11-02,226.04,227.87,214.82,214.98,63070300,TSLA
2022-11-03,352.69,355.29,350.15,352.26,87100100,SPY
2022-11-03,13.0,13.73,12.91,13.37,500065000,NVDA
2022-11-03,139.34,140.06,136.09,136.22,97918500,AAPL
2022-11-03,213.0,213.31,207.08,207.34,36633900,MSFT
2022-11-03,211.36,221.2,210.14,215.31,56538800,TSLA
2022-11-04,357.94,359.72,351.3,357.33,103505200,SPY
2022-11-04,13.94,14.18,13.65,14.11,612576000,NVDA
2022-11-04,139.6,140.17,132.02,135.95,140814800,AAPL
2022-11-04,210.54,214.45,206.55,214.25,36789100,MSFT
2022-11-04,222.6,223.8,203.08,207.47,98622200,TSLA
2022-11-07,358.62,361.33,356.55,360.75,68286900,SPY
2022-11-07,14.18,14.36,13.9,14.25,410061000,NVDA
2022-11-07,134.71,136.71,133.29,136.48,83374600,AAPL
2022-11-07,214.83,221.05,214.15,220.52,33498000,MSFT
2022-11-07,208.65,208.9,196.66,197.08,93916500,TSLA
2022-11-08,361.85,365.65,358.63,362.69,84641100,SPY
2022-11-08,14.75,14.84,14.17,14.55,595292000,NVDA
2022-11-08,137.95,138.95,135.08,137.05,89908500,AAPL
2022-11-08,221.33,224.18,218.56,221.49,28192500,MSFT
2022-11-08,194.02,195.2,186.75,191.3,128803400,TSLA
2022-11-09,360.73,361.88,354.73,355.22,78495500,SPY
2022-11-09,14.11,14.16,13.71,13.73,454414000,NVDA
2022-11-09,136.07,136.12,132.23,132.5,74917800,AAPL
2022-11-09,220.04,221.26,217.1,217.27,27852900,MSFT
2022-11-09,190.78,195.89,177.12,177.59,127062700,TSLA
2022-11-10,368.44,375.07,366.15,374.74,141455800,SPY
2022-11-10,14.75,15.72,14.49,15.69,700819000,NVDA
2022-11-10,138.76,144.29,137.05,144.29,118854000,AAPL
2022-11-10,227.84,235.49,227.42,235.15,46268000,MSFT
2022-11-10,189.9,191.0,180.03,190.72,132703000,TSLA
2022-11-11,375.6,379.17,373.72,378.37,93839900,SPY
2022-11-11,15.75,16.33,15.43,16.27,655487000,NVDA
2022-11-11,143.26,147.38,141.84,147.07,93979700,AAPL
2022-11-11,235.16,240.0,234.13,239.14,34620200,MSFT
2022-11-11,186.0,196.52,182.59,195.97,114403600,TSLA
2022-11-14,376.61,379.95,374.87,375.15,71903500,SPY
2022-11-14,16.16,16.48,15.86,16.24,527852000,NVDA
2022-11-14,146.36,147.64,144.84,145.68,73374100,AAPL
2022-11-14,234.19,236.05,231.5,233.76,31123300,MSFT
2022-11-14,192.77,195.73,186.34,190.95,92226600,TSLA
2022-11-15,380.87,381.98,374.55,378.35,93194500,SPY
2022-11-15,16.66,16.94,16.32,16.61,545876000,NVDA
2022-11-15,149.55,150.9,145.95,147.41,89868300,AAPL
2022-11-15,237.74,239.04,232.29,234.17,31390100,MSFT
2022-11-15,195.88,200.82,192.06,194.42,91293800,TSLA
2022-11-16,376.73,377.67,374.84,375.46,68508500,SPY
2022-11-16,16.1,16.3,15.82,15.85,649547000,NVDA
2022-11-16,146.51,147.24,144.71,146.18,64218300,AAPL
2022-11-16,235.63,236.61,233.33,234.6,24093300,MSFT
2022-11-16,191.51,192.57,185.66,186.92,66567600,TSLA
2022-11-17,370.72,374.99,370.42,374.31,74496300,SPY
2022-11-17,15.66,16.21,15.48,15.62,710894000,NVDA
2022-11-17,143.86,148.82,143.59,148.08,80389400,AAPL
2022-11-17,230.76,236.07,230.62,234.55,23123500,MSFT
2022-11-17,183.96,186.16,180.9,183.17,64336000,TSLA
2022-11-18,377.64,377.7,373.17,376.01,92922500,SPY
2022-11-18,15.91,15.94,15.07,15.35,492072000,NVDA
2022-11-18,149.64,150.02,147.34,148.64,74829600,AAPL
2022-11-18,236.32,236.55,231.98,234.1,27613500,MSFT
2022-11-18,185.05,185.19,176.55,180.19,76048900,TSLA
2022-11-21,374.69,375.81,372.81,374.65,51243200,SPY
2022-11-21,15.09,15.42,15.03,15.26,404739000,NVDA
2022-11-21,147.53,147.73,145.13,145.41,58724100,AAPL
2022-11-21,234.31,237.45,234.07,234.91,26394700,MSFT
2022-11-21,175.85,176.77,167.54,167.87,92882700,TSLA
2022-11-22,376.58,379.85,375.18,379.69,60429000,SPY
2022-11-22,15.27,16.0,15.07,15.98,472866000,NVDA
2022-11-22,145.53,147.78,144.35,147.55,51804100,AAPL
2022-11-22,236.4,238.07,233.61,237.8,19665700,MSFT
2022-11-22,168.63,170.92,166.19,169.91,78452300,TSLA
2022-11-23,379.35,382.56,379.13,382.08,68261600,SPY
2022-11-23,16.04,16.47,15.99,16.46,427241000,NVDA
2022-11-23,146.83,149.17,146.72,148.42,58301400,AAPL
2022-11-23,237.88,240.95,237.06,240.27,19508500,MSFT
2022-11-23,173.57,183.62,172.5,183.2,109536700,TSLA
2022-11-25,381.52,382.55,381.24,381.99,30545400,SPY
2022-11-25,16.26,16.43,16.11,16.21,167934000,NVDA
2022-11-25,145.71,146.27,144.54,145.51,35195900,AAPL
2022-11-25,240.01,241.36,239.45,240.19,9200800,MSFT
2022-11-25,185.06,185.2,180.63,182.86,50672700,TSLA
2022-11-28,378.92,380.55,375.14,375.9,67881600,SPY
2022-11-28,15.97,16.3,15.67,15.77,303741000,NVDA
2022-11-28,142.59,144.07,140.87,141.69,69246000,AAPL
2022-11-28,238.82,239.37,233.69,234.63,24778200,MSFT
2022-11-28,179.96,188.5,179.0,182.92,92905200,TSLA
2022-11-29,376.03,377.22,373.42,375.25,52310000,SPY
2022-11-29,15.77,15.87,15.46,15.58,298384000,NVDA
2022-11-29,141.76,142.27,137.89,138.69,83763800,AAPL
2022-11-29,234.28,235.63,231.18,233.24,17956300,MSFT
2022-11-29,184.99,186.38,178.75,180.83,83357100,TSLA
2022-11-30,375.5,387.07,373.59,387.07,144566700,SPY
2022-11-30,15.64,16.87,15.55,16.87,565298000,NVDA
2022-11-30,138.92,146.11,138.09,145.43,111380900,AAPL
2022-11-30,233.47,247.8,232.78,247.61,47594200,MSFT
2022-11-30,182.43,194.76,180.63,194.7,109186400,TSLA
2022-12-01,388.11,389.28,384.29,386.79,76398200,SPY
2022-12-01,16.94,17.21,16.58,17.08,470977000,NVDA
2022-12-01,145.61,146.51,144.04,145.71,71250400,AAPL
2022-12-01,246.38,248.56,243.52,247.17,26041500,MSFT
2022-12-01,197.08,198.92,191.8,194.7,80046200,TSLA
2022-12-02,381.92,387.24,381.81,386.34,85342700,SPY
2022-12-02,16.6,16.88,16.39,16.82,371389000,NVDA
2022-12-02,143.4,145.4,143.1,145.22,65447400,AAPL
2022-12-02,242.45,248.5,242.32,247.49,21528500,MSFT
2022-12-02,191.78,196.25,191.11,194.86,73645900,TSLA
2022-12-05,383.53,384.46,378.04,379.39,77289800,SPY
2022-12-05,16.62,16.94,16.42,16.55,352255000,NVDA
2022-12-05,145.18,148.27,143.21,144.06,68826400,AAPL
2022-12-05,244.57,246.33,240.74,242.82,23435300,MSFT
2022-12-05,189.44,191.27,180.55,182.45,93122700,TSLA
2022-12-06,379.23,379.77,371.84,373.92,77972200,SPY
2022-12-06,16.47,16.52,15.77,15.93,352694000,NVDA
2022-12-06,144.49,144.72,139.43,140.4,64727200,AAPL
2022-12-06,243.42,244.43,236.59,237.89,22463700,MSFT
2022-12-06,181.22,183.65,175.33,179.82,92150800,TSLA
2022-12-07,373.08,375.64,372.16,373.29,65927900,SPY
2022-12-07,15.72,16.13,15.61,16.07,372388000,NVDA
2022-12-07,139.7,140.86,137.54,138.47,69721100,AAPL
2022-12-07,237.61,238.9,235.06,237.16,20481500,MSFT
2022-12-07,175.03,179.38,172.22,174.04,84213300,TSLA
2022-12-08,375.17,377.28,373.39,376.21,60737900,SPY
2022-12-08,16.22,17.12,15.91,17.11,515456000,NVDA
2022-12-08,139.86,141.0,138.63,140.15,62128300,AAPL
2022-12-08,237.62,241.4,235.89,240.1,22611800,MSFT
2022-12-08,172.2,175.2,169.06,173.44,97624500,TSLA
2022-12-09,374.98,377.52,373.28,373.4,81447700,SPY
2022-12-09,17.1,17.52,16.92,16.94,465338000,NVDA
2022-12-09,139.84,143.02,138.43,139.67,76097000,AAPL
2022-12-09,237.48,240.98,236.96,238.18,20609700,MSFT
2022-12-09,173.84,182.5,173.36,179.05,104872300,TSLA
2022-12-12,374.19,378.79,373.53,378.79,75405800,SPY
2022-12-12,16.98,17.48,16.74,17.48,457328000,NVDA
2022-12-12,140.2,141.97,138.59,141.96,70462700,AAPL
2022-12-12,240.15,245.09,239.88,245.06,30665100,MSFT
2022-12-12,176.1,177.37,167.52,167.82,109794500,TSLA
2022-12-13,389.49,389.74,378.9,381.65,123782500,SPY
2022-12-13,18.47,18.73,17.65,18.01,656589000,NVDA
2022-12-13,146.88,147.34,141.71,142.92,93886200,AAPL
2022-12-13,253.97,256.13,245.6,249.34,42196900,MSFT
2022-12-13,174.87,175.05,156.91,160.95,175862700,TSLA
2022-12-14,381.31,385.0,376.28,379.21,108111300,SPY
2022-12-14,17.93,18.19,17.36,17.62,496888000,NVDA
2022-12-14,142.8,144.09,138.68,140.7,82291200,AAPL
2022-12-14,249.54,254.84,246.81,249.63,35410900,MSFT
2022-12-14,159.25,161.62,155.31,156.8,140682300,TSLA
2022-12-15,374.37,375.27,368.28,369.94,117705900,SPY
2022-12-15,17.09,17.26,16.64,16.9,478542000,NVDA
2022-12-15,138.64,139.31,133.64,134.11,98931900,AAPL
2022-12-15,246.23,246.7,240.04,241.66,35560400,MSFT
2022-12-15,153.44,160.93,153.28,157.67,122334500,TSLA
2022-12-16,367.39,368.73,363.44,365.57,119858000,SPY
2022-12-16,16.81,16.98,16.36,16.52,478232000,NVDA
2022-12-16,134.29,135.24,131.38,132.15,160156900,AAPL
2022-12-16,241.22,242.47,236.32,237.47,86102000,MSFT
2022-12-16,159.64,160.99,150.04,150.23,139032200,TSLA
2022-12-19,365.76,366.09,360.81,362.47,79878100,SPY
2022-12-19,16.52,16.55,16.09,16.2,354039000,NVDA
2022-12-19,132.74,132.83,129.02,130.05,79592600,AAPL
2022-12-19,237.63,237.97,231.67,233.35,29696400,MSFT
2022-12-19,154.0,155.25,145.82,149.87,139390600,TSLA
2022-12-20,361.72,364.58,360.4,362.96,74427200,SPY
2022-12-20,16.01,16.26,15.8,16.03,403260000,NVDA
2022-12-20,129.09,130.91,127.61,129.98,77432800,AAPL
2022-12-20,232.34,235.74,231.38,234.67,25150800,MSFT
2022-12-20,146.05,148.47,137.66,137.8,159563300,TSLA
2022-12-21,365.55,369.52,365.02,368.39,78167400,SPY
2022-12-21,16.06,16.57,16.05,16.45,325025000,NVDA
2022-12-21,130.65,134.41,130.42,133.07,85928000,AAPL
2022-12-21,234.56,238.37,233.02,237.22,23690600,MSFT
2022-12-21,139.34,141.26,135.89,137.57,145417400,TSLA
2022-12-22,365.36,368.37,357.46,363.14,100120900,SPY
2022-12-22,16.04,16.08,14.83,15.29,565045000,NVDA
2022-12-22,131.99,132.2,128.02,129.91,77852100,AAPL
2022-12-22,234.14,234.85,226.97,231.16,28651700,MSFT
2022-12-22,136.0,136.63,122.26,125.35,210090300,TSLA
2022-12-23,362.12,365.37,360.57,365.23,59857300,SPY
2022-12-23,15.15,15.29,14.83,15.16,349326000,NVDA
2022-12-23,128.62,130.1,127.37,129.55,63814900,AAPL
2022-12-23,229.14,231.82,227.04,231.69,21207000,MSFT
2022-12-23,126.37,128.62,121.02,123.15,166989700,TSLA
2022-12-27,365.11,365.45,362.12,363.79,51638200,SPY
2022-12-27,15.02,15.05,14.01,14.07,464902000,NVDA
2022-12-27,129.08,129.11,126.46,127.75,69007800,AAPL
2022-12-27,231.66,231.88,228.87,229.97,16688600,MSFT
2022-12-27,117.5,119.67,108.76,109.1,208643400,TSLA
2022-12-28,363.72,365.68,359.04,359.26,70911500,SPY
2022-12-28,13.88,14.21,13.84,13.99,351066000,NVDA
2022-12-28,127.4,128.73,123.66,123.83,85438400,AAPL
2022-12-28,229.9,232.65,227.26,227.61,17457100,MSFT
2022-12-28,110.35,116.27,108.24,112.71,221070500,TSLA
2022-12-29,362.1,366.6,361.57,365.73,66970900,SPY
2022-12-29,14.35,14.63,14.18,14.55,354923000,NVDA
2022-12-29,125.75,128.19,125.49,127.34,75703700,AAPL
2022-12-29,228.7,234.78,228.7,233.9,19770700,MSFT
2022-12-29,120.39,123.57,117.5,121.82,221923300,TSLA
2022-12-30,363.06,364.91,360.95,364.77,84022200,SPY
2022-12-30,14.29,14.58,14.19,14.57,310490000,NVDA
2022-12-30,126.16,127.67,125.2,127.65,77034200,AAPL
2022-12-30,231.18,232.88,229.68,232.74,21938500,MSFT
2022-12-30,119.95,124.48,119.75,123.18,157777300,TSLA
2023-01-03,366.62,368.58,360.38,363.23,74850700,SPY
2023-01-03,14.8,14.95,14.05,14.27,401277000,NVDA
2023-01-03,128.0,128.6,121.99,122.88,112117500,AAPL
2023-01-03,235.91,238.5,230.39,232.51,25740000,MSFT
2023-01-03,118.47,118.8,104.64,108.1,231402800,TSLA
2023-01-04,365.48,368.06,362.45,366.04,85934100,SPY
2023-01-04,14.52,14.8,14.19,14.7,431324000,NVDA
2023-01-04,124.66,126.4,122.89,124.14,89113600,AAPL
2023-01-04,225.43,226.0,219.29,222.34,50623400,MSFT
2023-01-04,109.11,114.59,107.52,113.64,180389000,TSLA
2023-01-05,364.09,364.2,361.27,361.86,76970500,SPY
2023-01-05,14.44,14.52,14.1,14.22,389168000,NVDA
2023-01-05,124.9,125.53,122.57,122.83,80962700,AAPL
2023-01-05,220.5,220.84,215.22,215.75,39585600,MSFT
2023-01-05,110.51,111.75,107.16,110.34,157986300,TSLA
2023-01-06,364.94,371.27,361.89,370.16,104189600,SPY
2023-01-06,14.43,14.96,13.99,14.81,405044000,NVDA
2023-01-06,123.8,128.01,122.7,127.35,87754700,AAPL
2023-01-06,216.42,219.1,212.88,218.29,43613600,MSFT
2023-01-06,103.0,114.39,101.81,113.06,220911100,TSLA
2023-01-09,372.34,375.52,369.77,369.95,73978100,SPY
2023-01-09,15.23,16.0,15.09,15.58,504231000,NVDA
2023-01-09,128.18,131.07,127.61,127.87,70790800,AAPL
2023-01-09,219.77,224.42,219.73,220.42,27369800,MSFT
2023-01-09,118.96,123.52,117.11,119.77,190284000,TSLA
2023-01-10,369.37,372.61,368.43,372.54,65358100,SPY
2023-01-10,15.46,15.91,15.42,15.86,384101000,NVDA
2023-01-10,127.98,128.96,125.87,128.44,63896200,AAPL
2023-01-10,221.04,224.48,220.62,222.1,27033900,MSFT
2023-01-10,121.07,122.76,114.92,118.85,167642500,TSLA
2023-01-11,374.11,377.33,373.3,377.25,68881100,SPY
2023-01-11,15.79,15.97,15.51,15.95,353285000,NVDA
2023-01-11,128.95,131.17,128.17,131.15,69458900,AAPL
2023-01-11,224.47,228.99,224.29,228.81,28669300,MSFT
2023-01-11,122.09,125.95,120.51,123.22,183810800,TSLA
2023-01-12,378.35,380.09,374.3,378.63,90157700,SPY
2023-01-12,16.05,16.58,15.44,16.46,551409000,NVDA
2023-01-12,131.53,131.91,129.14,131.07,71379600,AAPL
2023-01-12,228.32,232.82,226.67,231.47,27269500,MSFT
2023-01-12,122.56,124.13,117.0,123.56,169400900,TSLA
2023-01-13,375.44,380.67,375.17,380.1,63903900,SPY
2023-01-13,16.22,16.87,16.11,16.84,447287000,NVDA
2023-01-13,129.71,132.55,129.35,132.4,57809700,AAPL
2023-01-13,230.01,232.31,227.99,232.17,21333300,MSFT
2023-01-13,116.55,122.63,115.6,122.4,180714100,TSLA
2023-01-17,380.08,381.75,378.72,379.4,62677300,SPY
2023-01-17,16.84,17.67,16.84,17.64,511102000,NVDA
2023-01-17,132.47,134.88,131.78,133.56,63646600,AAPL
2023-01-17,230.95,233.8,230.09,233.26,29831300,MSFT
2023-01-17,125.7,131.7,125.02,131.49,186477000,TSLA
2023-01-18,380.58,381.64,373.21,373.41,99632300,SPY
2023-01-18,17.61,17.81,17.22,17.32,439624000,NVDA
2023-01-18,134.42,136.18,132.66,132.84,69672800,AAPL
2023-01-18,234.44,235.23,228.57,228.85,30028700,MSFT
2023-01-18,136.56,136.68,127.01,128.78,195680300,TSLA
2023-01-19,371.38,373.02,369.37,370.69,86958900,SPY
2023-01-19,16.98,17.14,16.68,16.71,452932000,NVDA
2023-01-19,131.73,133.86,131.42,132.9,58280400,AAPL
2023-01-19,226.88,228.57,223.87,225.09,28623000,MSFT
2023-01-19,127.26,129.99,124.31,127.17,170291900,TSLA
2023-01-20,372.08,377.75,370.44,377.6,91806400,SPY
2023-01-20,16.95,17.8,16.77,17.78,564967000,NVDA
2023-01-20,132.91,135.6,131.87,135.45,80223600,AAPL
2023-01-20,227.93,233.64,227.59,233.13,35389800,MSFT
2023-01-20,128.68,133.51,127.35,133.42,138858100,TSLA
2023-01-23,378.4,384.05,377.44,382.13,84178800,SPY
2023-01-23,18.0,19.18,17.76,19.13,655163000,NVDA
2023-01-23,135.7,140.81,135.48,138.64,81760300,AAPL
2023-01-23,233.99,237.94,232.58,235.42,31934000,MSFT
2023-01-23,135.87,145.38,134.27,143.75,203119200,TSLA
2023-01-24,380.46,382.62,379.28,381.72,59524900,SPY
2023-01-24,18.76,19.43,18.76,19.2,496204000,NVDA
2023-01-24,137.85,140.65,137.84,140.03,66435100,AAPL
2023-01-24,235.34,236.75,233.35,234.9,40234400,MSFT
2023-01-24,143.0,146.5,141.1,143.89,158699100,TSLA
2023-01-25,377.66,382.19,375.38,381.86,84800300,SPY
2023-01-25,18.85,19.31,18.52,19.26,449537000,NVDA
2023-01-25,138.42,139.93,136.38,139.37,65799300,AAPL
2023-01-25,227.56,236.12,224.09,233.51,66526600,MSFT
2023-01-25,141.91,146.41,138.07,144.43,192734300,TSLA
2023-01-26,384.51,386.22,381.55,386.06,72287400,SPY
2023-01-26,19.64,20.1,19.21,19.74,489535000,NVDA
2023-01-26,140.66,141.72,139.41,141.44,54105100,AAPL
2023-01-26,236.46,240.98,234.86,240.68,33454500,MSFT
2023-01-26,159.97,161.42,154.76,160.27,234815100,TSLA
2023-01-27,385.02,389.31,384.81,386.94,68346200,SPY
2023-01-27,19.4,20.56,19.34,20.3,542142000,NVDA
2023-01-27,140.65,144.65,140.57,143.37,70555800,AAPL
2023-01-27,241.64,242.46,239.55,240.84,26498900,MSFT
2023-01-27,162.43,180.68,161.17,177.9,306590600,TSLA
2023-01-30,384.2,386.42,381.79,382.09,74202000,SPY
2023-01-30,19.88,20.07,19.09,19.1,488611000,NVDA
2023-01-30,142.42,143.0,140.34,140.49,64015300,AAPL
2023-01-30,237.3,238.35,235.05,235.55,25867400,MSFT
2023-01-30,178.05,179.77,166.5,166.66,230878800,TSLA
2023-01-31,382.6,387.75,382.26,387.71,86811800,SPY
2023-01-31,19.11,19.62,18.89,19.47,498017000,NVDA
2023-01-31,140.2,141.81,139.78,141.76,65874500,AAPL
2023-01-31,236.27,240.63,235.78,240.5,26541100,MSFT
2023-01-31,164.57,174.3,162.78,173.22,196813500,TSLA
2023-02-01,386.5,394.56,383.77,391.83,101459200,SPY
2023-02-01,19.63,21.12,19.55,20.87,660477000,NVDA
2023-02-01,141.45,144.04,138.84,142.88,77663600,AAPL
2023-02-01,240.68,247.65,238.23,245.29,31259900,MSFT
2023-02-01,173.89,183.81,169.93,181.41,213806300,TSLA
2023-02-02,395.7,398.99,393.81,397.53,101654500,SPY
2023-02-02,20.93,21.88,20.63,21.64,564276000,NVDA
2023-02-02,146.29,148.53,145.57,148.18,118339000,AAPL
2023-02-02,251.18,256.88,249.66,256.79,39940400,MSFT
2023-02-02,187.33,196.75,182.61,188.27,217448300,TSLA
2023-02-03,392.58,397.71,392.1,393.31,94736800,SPY
2023-02-03,20.93,21.67,20.72,21.03,429366000,NVDA
2023-02-03,145.43,154.62,145.24,151.79,154357300,AAPL
2023-02-03,251.88,256.4,249.51,250.73,29077300,MSFT
2023-02-03,183.95,199.0,183.69,189.98,232662000,TSLA
2023-02-06,390.86,392.29,389.25,390.9,60295300,SPY
2023-02-06,20.74,21.5,20.72,21.02,452197000,NVDA
2023-02-06,149.89,150.42,148.14,149.07,69858300,AAPL
2023-02-06,249.84,250.68,247.26,249.19,22518000,MSFT
2023-02-06,193.01,198.17,189.92,194.76,186188100,TSLA
2023-02-07,389.99,397.25,388.75,396.01,90990700,SPY
2023-02-07,21.31,22.18,21.08,22.1,664150000,NVDA
2023-02-07,148.0,152.51,148.0,151.94,83322600,AAPL
2023-02-07,252.84,260.84,252.41,259.66,50841400,MSFT
2023-02-07,196.43,197.5,189.55,196.81,186010300,TSLA
2023-02-08,394.05,395.39,391.0,391.68,76227500,SPY
2023-02-08,22.31,22.8,21.93,22.13,559651000,NVDA
2023-02-08,151.18,151.87,148.52,149.26,64120100,AAPL
2023-02-08,265.14,268.59,258.35,258.86,54686000,MSFT
2023-02-08,196.1,203.0,194.31,201.29,180673600,TSLA
2023-02-09,395.27,395.42,387.07,388.29,78694900,SPY
2023-02-09,22.53,22.94,22.05,22.26,523876000,NVDA
2023-02-09,151.08,151.62,147.78,148.22,56007100,AAPL
2023-02-09,265.72,265.9,255.05,255.84,42375100,MSFT
2023-02-09,207.78,214.0,204.77,207.32,215431400,TSLA
2023-02-10,387.12,389.58,386.3,389.19,70769700,SPY
2023-02-10,21.62,22.0,20.74,21.19,550737000,NVDA
2023-02-10,147.06,148.91,146.83,148.59,57450700,AAPL
2023-02-10,253.81,256.3,252.97,255.34,25818500,MSFT
2023-02-10,202.23,206.2,192.89,196.89,204754100,TSLA
2023-02-13,389.84,393.9,389.39,393.76,64913500,SPY
2023-02-13,21.47,21.97,20.89,21.72,474919000,NVDA
2023-02-13,148.53,151.79,148.5,151.38,62199000,AAPL
2023-02-13,259.74,266.5,259.27,263.31,44630900,MSFT
2023-02-13,194.42,196.3,187.61,194.64,172475500,TSLA
2023-02-14,392.25,395.88,389.64,393.58,88389300,SPY
2023-02-14,21.51,22.97,21.29,22.89,675474000,NVDA
2023-02-14,149.68,151.3,148.44,150.74,61707600,AAPL
2023-02-14,264.62,266.86,261.33,264.14,37047900,MSFT
2023-02-14,191.94,209.82,189.44,209.25,216455700,TSLA
2023-02-15,391.4,394.94,390.56,394.86,61555700,SPY
2023-02-15,22.47,22.78,22.03,22.69,420575000,NVDA
2023-02-15,150.65,153.01,150.43,152.84,65573800,AAPL
2023-02-15,261.05,263.4,258.97,262.03,28922400,MSFT
2023-02-15,211.76,214.66,206.11,214.24,181006400,TSLA
2023-02-16,389.91,393.84,389.29,389.42,76431500,SPY
2023-02-16,22.06,22.47,21.85,21.93,412026000,NVDA
2023-02-16,151.05,153.82,150.89,151.25,68167900,AAPL
2023-02-16,256.87,259.52,254.81,255.05,29603600,MSFT
2023-02-16,210.78,217.65,201.84,202.04,229586500,TSLA
2023-02-17,387.31,388.69,385.39,388.45,89257800,SPY
2023-02-17,21.56,21.67,20.91,21.32,465888000,NVDA
2023-02-17,149.91,150.55,148.43,150.1,59144100,AAPL
2023-02-17,252.37,253.05,249.07,251.07,30000100,MSFT
2023-02-17,199.99,208.44,197.5,208.31,213738500,TSLA
2023-02-21,384.44,385.49,380.4,380.66,82655900,SPY
2023-02-21,20.93,21.42,20.55,20.59,410015000,NVDA
2023-02-21,147.79,148.87,146.03,146.1,58867200,AAPL
2023-02-21,247.59,248.57,244.78,245.83,28397400,MSFT
2023-02-21,204.99,209.71,197.22,197.37,180018600,TSLA
2023-02-22,381.07,382.6,378.68,380.13,83742300,SPY
2023-02-22,20.64,21.03,20.35,20.68,513184000,NVDA
2023-02-22,146.48,147.55,144.8,146.52,51011300,AAPL
2023-02-22,247.21,247.45,243.56,244.7,22491100,MSFT
2023-02-22,197.93,201.99,191.78,200.86,191828500,TSLA
2023-02-23,383.01,383.62,377.95,382.16,96242400,SPY
2023-02-23,23.36,23.81,22.95,23.59,1117995000,NVDA
2023-02-23,147.68,147.93,144.88,147.0,48394200,AAPL
2023-02-23,248.64,249.89,243.7,247.87,29219100,MSFT
2023-02-23,203.91,205.14,196.33,202.07,146360000,TSLA
2023-02-24,377.16,378.9,375.46,378.07,108194400,SPY
2023-02-24,23.15,23.4,22.87,23.21,589716000,NVDA
2023-02-24,144.75,144.83,143.38,144.36,55469600,AAPL
2023-02-24,243.19,244.2,241.38,242.47,24990900,MSFT
2023-02-24,196.33,197.67,192.8,196.88,142228100,TSLA
2023-02-27,381.4,382.76,378.43,379.36,80444700,SPY
2023-02-27,23.59,23.8,23.38,23.42,452994000,NVDA
2023-02-27,145.34,146.78,145.09,145.55,44998500,AAPL
2023-02-27,245.62,245.97,242.64,243.39,21190000,MSFT
2023-02-27,202.03,209.42,201.26,207.63,161028300,TSLA
2023-02-28,378.88,380.84,377.85,377.96,96438600,SPY
2023-02-28,23.29,23.75,23.13,23.14,455963000,NVDA
2023-02-28,144.69,146.69,144.48,145.05,50547000,AAPL
2023-02-28,242.33,244.68,242.0,242.67,22491000,MSFT
2023-02-28,210.59,211.23,203.75,205.71,153144900,TSLA
2023-03-01,377.15,378.37,375.21,376.51,99706800,SPY
2023-03-01,23.11,23.18,22.43,22.62,460026000,NVDA
2023-03-01,144.48,144.87,142.68,142.98,55479000,AAPL
2023-03-01,243.97,244.14,239.13,239.6,27565300,MSFT
2023-03-01,206.21,207.2,198.52,202.77,156852800,TSLA
2023-03-02,374.54,380.28,374.21,379.44,85127800,SPY
2023-03-02,22.41,23.3,22.36,23.24,389415000,NVDA
2023-03-02,142.06,144.36,141.59,143.57,52238100,AAPL
2023-03-02,239.87,244.59,238.96,244.31,24808200,MSFT
2023-03-02,186.74,193.75,186.01,190.9,181500700,TSLA
2023-03-03,381.25,385.77,380.6,385.52,90120000,SPY
2023-03-03,23.24,23.82,23.05,23.81,412393000,NVDA
2023-03-03,145.67,148.69,144.97,148.61,70732300,AAPL
2023-03-03,245.36,248.7,244.58,248.38,30760100,MSFT
2023-03-03,194.8,200.48,192.88,197.79,154193300,TSLA
2023-03-06,386.34,388.63,385.35,385.79,72795900,SPY
2023-03-06,23.81,24.17,23.41,23.48,437429000,NVDA
2023-03-06,151.32,153.79,151.0,151.36,87558000,AAPL
2023-03-06,249.49,253.08,249.05,249.91,24109800,MSFT
2023-03-06,198.54,198.6,192.3,193.81,128100100,TSLA
2023-03-07,385.74,385.98,379.27,379.88,108310600,SPY
2023-03-07,23.53,24.05,23.17,23.21,515154000,NVDA
2023-03-07,151.24,151.56,148.71,149.17,56182000,AAPL
2023-03-07,249.36,250.71,246.53,247.27,21473200,MSFT
2023-03-07,191.38,194.2,186.1,187.71,148125800,TSLA
2023-03-08,379.99,381.25,378.27,380.5,74746600,SPY
2023-03-08,23.41,24.12,23.35,24.1,513573000,NVDA
2023-03-08,150.36,151.01,149.4,150.42,47204800,AAPL
2023-03-08,247.16,247.65,244.02,246.83,17340200,MSFT
2023-03-08,185.04,186.5,180.0,182.0,151897800,TSLA
2023-03-09,381.28,382.94,372.49,373.48,111945300,SPY
2023-03-09,24.1,24.38,23.31,23.36,501257000,NVDA
2023-03-09,151.1,152.06,147.82,148.18,53833600,AAPL
2023-03-09,248.89,252.53,244.77,245.49,26653400,MSFT
2023-03-09,180.25,185.18,172.51,172.92,170023800,TSLA
2023-03-10,372.93,375.0,366.57,368.09,189253000,SPY
2023-03-10,23.33,23.55,22.65,22.89,474866000,NVDA
2023-03-10,147.8,148.52,145.24,146.12,68572400,AAPL
2023-03-10,244.28,245.95,240.9,241.86,28333900,MSFT
2023-03-10,175.13,178.29,168.44,173.44,191488900,TSLA
2023-03-13,364.18,372.36,363.07,367.56,157790000,SPY
2023-03-13,22.68,23.22,22.23,22.89,421890000,NVDA
2023-03-13,145.44,150.68,145.33,148.06,84457100,AAPL
2023-03-13,240.7,250.93,239.08,247.04,33339700,MSFT
2023-03-13,167.46,177.35,163.91,174.48,167790300,TSLA
2023-03-14,372.46,375.28,369.17,373.64,149752400,SPY
2023-03-14,23.42,24.14,23.39,23.99,474910000,NVDA
2023-03-14,148.85,150.94,147.69,150.14,73695900,AAPL
2023-03-14,249.8,254.0,248.93,253.73,33620300,MSFT
2023-03-14,177.31,183.8,177.14,183.26,143717900,TSLA
2023-03-15,368.07,371.5,365.99,371.3,172996900,SPY
2023-03-15,23.69,24.21,23.29,24.15,524486000,NVDA
2023-03-15,148.77,150.79,147.52,150.54,77167900,AAPL
2023-03-15,252.94,259.26,252.19,258.25,46028000,MSFT
2023-03-15,180.8,182.34,176.03,180.45,145995600,TSLA
2023-03-16,368.95,378.16,368.45,377.82,143254200,SPY
2023-03-16,23.95,25.51,23.82,25.46,583253000,NVDA
2023-03-16,149.72,153.95,149.21,153.35,76161100,AAPL
2023-03-16,258.03,269.07,256.15,268.72,54768800,MSFT
2023-03-16,180.37,185.81,178.84,184.13,121136800,TSLA
2023-03-17,376.49,377.62,372.02,373.4,140553400,SPY
2023-03-17,25.9,26.32,25.59,25.64,848547000,NVDA
2023-03-17,153.58,154.23,151.81,152.51,98944600,AAPL
2023-03-17,270.73,275.66,268.84,271.86,69527400,MSFT
2023-03-17,184.52,186.22,177.33,180.13,133197100,TSLA
2023-03-20,374.17,377.4,373.47,376.99,93055800,SPY
2023-03-20,25.53,25.94,25.05,25.82,432747000,NVDA
2023-03-20,152.58,155.29,151.68,154.88,73641400,AAPL
2023-03-20,269.48,269.97,262.54,264.86,43466600,MSFT
2023-03-20,178.08,186.44,176.35,183.25,129684400,TSLA
2023-03-21,380.34,382.42,378.75,381.94,91524200,SPY
2023-03-21,26.1,26.31,25.3,26.12,547408000,NVDA
2023-03-21,154.8,156.84,154.03,156.73,73938300,AAPL
2023-03-21,267.44,267.55,262.22,266.37,34558700,MSFT
2023-03-21,188.28,198.0,188.04,197.58,153391400,TSLA
2023-03-22,381.77,385.37,375.39,375.43,111746600,SPY
2023-03-22,26.34,27.5,26.15,26.38,797295000,NVDA
2023-03-22,156.75,159.54,155.28,155.3,75701800,AAPL
2023-03-22,266.0,273.43,264.81,264.92,34873300,MSFT
2023-03-22,199.3,200.66,190.95,191.15,150376400,TSLA
2023-03-23,378.28,382.3,373.74,376.44,119351300,SPY
2023-03-23,27.03,27.41,26.61,27.1,564889000,NVDA
2023-03-23,156.28,158.96,155.15,156.38,67622100,AAPL
2023-03-23,270.41,273.45,267.75,270.14,36610900,MSFT
2023-03-23,195.26,199.31,188.65,192.22,144193900,TSLA
2023-03-24,375.17,379.0,372.83,378.91,107682400,SPY
2023-03-24,26.95,27.08,26.27,26.69,454920000,NVDA
2023-03-24,156.31,157.77,155.32,157.68,59196500,AAPL
2023-03-24,269.73,273.03,267.83,272.97,28172000,MSFT
2023-03-24,191.65,192.36,187.15,190.41,116312400,TSLA
2023-03-27,381.18,381.95,378.73,379.62,74010400,SPY
2023-03-27,26.75,26.91,26.28,26.45,361026000,NVDA
2023-03-27,157.38,158.19,155.34,155.74,52390300,AAPL
2023-03-27,272.9,273.84,268.06,268.9,26840200,MSFT
2023-03-27,194.42,197.39,189.94,191.81,120851600,TSLA
2023-03-28,378.93,379.62,376.94,378.77,62871700,SPY
2023-03-28,26.36,26.43,25.77,26.33,356104000,NVDA
2023-03-28,155.44,155.95,153.48,155.12,45992200,AAPL
2023-03-28,268.32,268.66,264.68,267.78,21878600,MSFT
2023-03-28,192.0,192.35,185.43,189.19,98654600,TSLA
2023-03-29,382.92,384.51,381.72,384.27,77497900,SPY
2023-03-29,26.74,26.99,26.51,26.9,393694000,NVDA
2023-03-29,156.81,158.47,156.79,158.19,51305700,AAPL
2023-03-29,271.41,273.53,270.87,272.91,25087000,MSFT
2023-03-29,193.13,195.29,189.44,193.88,123660000,TSLA
2023-03-30,386.9,387.15,384.67,386.52,69840000,SPY
2023-03-30,27.14,27.41,27.02,27.3,364516000,NVDA
2023-03-30,158.94,159.86,158.68,159.76,49501700,AAPL
2023-03-30,276.53,276.76,273.86,276.36,25053400,MSFT
2023-03-30,195.58,197.33,194.42,195.28,110252200,TSLA
2023-03-31,387.44,392.27,387.34,391.97,112062600,SPY
2023-03-31,27.05,27.75,27.02,27.69,433933000,NVDA
2023-03-31,159.84,162.35,159.31,162.26,68749800,AAPL
2023-03-31,276.05,281.44,275.34,280.49,32766000,MSFT
2023-03-31,197.53,207.79,197.2,207.46,170222100,TSLA
2023-04-03,391.46,393.87,391.06,393.47,67391100,SPY
2023-04-03,27.42,27.91,27.25,27.88,398716000,NVDA
2023-04-03,161.64,163.62,161.59,163.51,56976200,AAPL
2023-04-03,278.76,280.46,276.26,279.45,24883300,MSFT
2023-04-03,199.91,202.69,192.2,194.77,169545900,TSLA
2023-04-04,394.11,394.4,389.91,391.28,66601500,SPY
2023-04-04,27.88,27.91,27.22,27.37,368592000,NVDA
2023-04-04,163.93,164.16,162.46,162.97,46278300,AAPL
2023-04-04,279.45,282.59,277.93,279.4,25824300,MSFT
2023-04-04,197.32,198.74,190.32,192.58,126463800,TSLA
2023-04-05,390.56,391.31,388.61,390.26,65200200,SPY
2023-04-05,26.74,26.91,26.31,26.8,515015000,NVDA
2023-04-05,162.1,162.4,159.21,161.13,51511700,AAPL
2023-04-05,278.11,279.37,275.26,276.64,22064800,MSFT
2023-04-05,190.52,190.68,183.76,185.52,133882500,TSLA
2023-04-06,389.46,392.06,388.42,391.78,63743300,SPY
2023-04-06,26.5,26.99,26.34,26.95,397654000,NVDA
2023-04-06,159.83,162.31,159.4,162.02,45390100,AAPL
2023-04-06,275.54,284.17,274.39,283.7,29770300,MSFT
2023-04-06,183.08,186.39,179.74,185.06,123857900,TSLA
2023-04-10,389.31,392.26,388.7,392.18,63681000,SPY
2023-04-10,26.74,27.53,26.58,27.49,395279000,NVDA
2023-04-10,158.83,159.43,157.51,159.43,47716900,AAPL
2023-04-10,281.38,281.76,277.0,281.55,23103000,MSFT
2023-04-10,179.94,185.1,176.11,184.51,142154600,TSLA
2023-04-11,392.81,393.69,391.52,392.29,59297900,SPY
2023-04-11,27.64,27.7,27.04,27.08,314378000,NVDA
2023-04-11,159.75,159.76,157.94,158.22,47644200,AAPL
2023-04-11,278.01,278.24,274.01,275.17,27276600,MSFT
2023-04-11,186.69,189.19,185.65,186.79,115770900,TSLA
2023-04-12,394.35,394.63,390.11,390.69,86420400,SPY
2023-04-12,27.28,27.38,26.36,26.41,446259000,NVDA
2023-04-12,158.63,159.46,157.22,157.53,50133100,AAPL
2023-04-12,277.08,279.24,274.33,275.81,27403400,MSFT
2023-04-12,190.74,191.58,180.31,180.54,150256300,TSLA
2023-04-13,391.77,396.23,390.63,395.88,85814800,SPY
2023-04-13,26.65,26.8,26.25,26.38,353615000,NVDA
2023-04-13,159.04,163.14,158.83,162.91,68445600,AAPL
2023-04-13,275.91,282.05,275.5,281.99,24222700,MSFT
2023-04-13,182.96,186.5,180.94,185.9,112933000,TSLA
2023-04-14,395.25,397.43,392.61,394.91,78161500,SPY
2023-04-14,26.42,26.8,26.14,26.67,395660000,NVDA
2023-04-14,161.95,163.65,161.19,162.56,49386500,AAPL
2023-04-14,279.23,280.67,276.01,278.39,20987900,MSFT
2023-04-14,183.95,186.28,182.01,185.0,96438700,TSLA
2023-04-17,394.83,396.35,393.6,396.33,66436400,SPY
2023-04-17,26.48,26.92,26.35,26.92,321471000,NVDA
2023-04-17,162.44,162.74,161.4,162.58,41516200,AAPL
2023-04-17,282.08,283.7,278.41,280.98,23836200,MSFT
2023-04-17,186.32,189.69,182.69,187.04,116662200,TSLA
2023-04-18,397.9,398.03,395.22,396.59,63560000,SPY
2023-04-18,27.45,28.02,27.27,27.58,604812000,NVDA
2023-04-18,163.44,164.73,162.99,163.8,49923000,AAPL
2023-04-18,283.68,283.86,279.24,280.56,20161800,MSFT
2023-04-18,187.15,187.69,183.58,184.31,92067000,TSLA
2023-04-19,394.68,397.42,394.62,396.52,55227300,SPY
2023-04-19,27.27,27.91,27.15,27.84,358660000,NVDA
2023-04-19,163.14,165.46,162.89,164.94,47720200,AAPL
2023-04-19,278.25,281.22,276.84,280.64,17150300,MSFT
2023-04-19,179.1,183.5,177.65,180.59,125732700,TSLA
2023-04-20,393.72,396.1,392.82,394.36,75840400,SPY
2023-04-20,27.58,27.94,26.91,27.02,427713000,NVDA
2023-04-20,163.43,165.18,162.91,163.98,52456400,AAPL
2023-04-20,277.53,281.2,277.36,278.36,23244400,MSFT
2023-04-20,166.17,169.7,160.56,162.99,210970800,TSLA
2023-04-21,394.65,395.12,392.72,394.66,73457400,SPY
2023-04-21,26.87,27.1,26.64,27.03,345103000,NVDA
2023-04-21,162.4,163.78,161.85,162.37,58337300,AAPL
2023-04-21,277.29,278.52,275.4,278.02,21676400,MSFT
2023-04-21,164.8,166.0,161.32,165.08,123539000,TSLA
2023-04-24,394.46,395.5,393.13,395.07,64332100,SPY
2023-04-24,26.93,27.28,26.59,26.96,339282000,NVDA
2023-04-24,162.35,162.94,161.26,162.68,41949600,AAPL
2023-04-24,274.45,277.23,271.17,274.14,26611000,MSFT
2023-04-24,164.65,165.65,158.61,162.55,140006600,TSLA
2023-04-25,393.11,393.67,388.75,388.8,97766700,SPY
2023-04-25,26.99,27.16,26.14,26.16,378527000,NVDA
2023-04-25,162.54,163.64,161.1,161.14,48714100,AAPL
2023-04-25,271.94,273.98,267.91,267.96,45772200,MSFT
2023-04-25,159.82,163.47,158.75,160.67,121999300,TSLA
2023-04-26,389.42,390.49,386.6,387.16,80447000,SPY
2023-04-26,26.92,27.24,26.62,26.87,406337000,NVDA
2023-04-26,160.45,162.63,160.19,161.13,45498800,AAPL
2023-04-26,288.67,291.46,284.8,287.37,64599200,MSFT
2023-04-26,160.29,160.67,153.14,153.75,153364100,TSLA
2023-04-27,389.68,395.13,389.44,394.86,92968400,SPY
2023-04-27,27.28,27.41,26.54,27.14,377161000,NVDA
2023-04-27,162.54,165.86,162.54,165.71,64902300,AAPL
2023-04-27,287.96,296.94,287.26,296.58,46462600,MSFT
2023-04-27,152.64,160.48,152.37,160.19,127015200,TSLA
2023-04-28,393.98,398.24,393.93,398.23,89433100,SPY
2023-04-28,27.14,27.67,26.99,27.66,292216000,NVDA
2023-04-28,165.79,167.13,165.19,166.96,55275900,AAPL
2023-04-28,295.78,300.57,295.1,298.94,36469600,MSFT
2023-04-28,160.9,165.0,157.32,164.31,122515800,TSLA
2023-05-01,397.79,399.85,397.6,397.83,62122300,SPY
2023-05-01,27.75,28.97,27.69,28.82,570329000,NVDA
2023-05-01,166.57,167.72,165.94,166.87,52472900,AAPL
2023-05-01,298.66,300.24,296.89,297.29,21294100,MSFT
2023-05-01,163.17,163.28,158.83,161.83,109015000,TSLA
2023-05-02,397.12,397.17,390.47,393.36,103998500,SPY
2023-05-02,28.59,28.74,27.99,28.12,402730000,NVDA
2023-05-02,167.36,167.62,164.85,165.84,48425700,AAPL
2023-05-02,299.43,300.81,295.68,297.14,26404400,MSFT
2023-05-02,161.88,165.49,158.93,160.31,128259700,TSLA
2023-05-03,393.86,396.26,390.42,390.66,91531800,SPY
2023-05-03,27.75,28.28,27.39,27.71,383387000,NVDA
2023-05-03,166.78,168.18,164.48,164.76,65136000,AAPL
2023-05-03,298.32,300.25,295.86,296.16,22360800,MSFT
2023-05-03,160.01,165.0,159.91,160.61,119728000,TSLA
2023-05-04,389.62,389.94,386.56,387.89,94901900,SPY
2023-05-04,27.56,27.77,27.15,27.47,321850000,NVDA
2023-05-04,162.25,164.36,161.68,163.13,81235400,AAPL
2023-05-04,297.95,299.43,295.18,297.14,22519900,MSFT
2023-05-04,162.71,162.95,159.65,161.2,95108500,TSLA
2023-05-05,391.51,396.12,391.25,395.07,87891800,SPY
2023-05-05,27.74,28.66,27.64,28.59,361494000,NVDA
2023-05-05,168.24,171.5,168.02,170.79,113453200,AAPL
2023-05-05,297.44,303.52,296.03,302.24,28197100,MSFT
2023-05-05,163.97,170.79,163.51,170.06,107607300,TSLA
2023-05-08,395.4,395.66,393.78,395.18,50046800,SPY
2023-05-08,28.43,29.13,28.26,29.06,344979000,NVDA
2023-05-08,169.71,171.06,169.35,170.72,55962800,AAPL
2023-05-08,301.73,301.8,297.8,300.29,21318600,MSFT
2023-05-08,173.72,173.8,169.19,171.79,112249400,TSLA
2023-05-09,393.64,394.56,393.22,393.45,49220100,SPY
2023-05-09,28.81,28.88,28.36,28.48,314869000,NVDA
2023-05-09,170.27,170.76,168.85,169.02,45326900,AAPL
2023-05-09,299.66,301.65,298.02,298.69,21340800,MSFT
2023-05-09,168.95,169.82,166.56,169.15,88965000,TSLA
2023-05-10,396.27,396.9,391.47,395.29,96142900,SPY
2023-05-10,28.91,29.02,28.37,28.79,369350000,NVDA
2023-05-10,170.25,171.24,169.14,170.78,53724500,AAPL
2023-05-10,300.26,304.52,299.34,303.85,30078000,MSFT
2023-05-10,172.55,174.43,166.68,168.54,119840700,TSLA
2023-05-11,394.42,394.88,392.53,394.6,70157100,SPY
2023-05-11,28.8,28.86,28.16,28.49,322149000,NVDA
2023-05-11,171.06,171.79,169.41,170.96,49514700,AAPL
2023-05-11,301.7,302.7,297.97,301.71,31680200,MSFT
2023-05-11,168.7,173.57,166.79,172.08,103889900,TSLA
2023-05-12,395.83,396.04,391.67,394.08,70481500,SPY
2023-05-12,28.44,28.69,27.96,28.25,274222000,NVDA
2023-05-12,171.07,171.51,168.49,170.04,45533100,AAPL
2023-05-12,302.14,302.24,298.3,300.6,19774700,MSFT
2023-05-12,176.07,177.38,167.23,167.98,157849600,TSLA
2023-05-15,394.68,395.84,392.78,395.44,54289400,SPY
2023-05-15,28.42,28.88,28.06,28.86,293926000,NVDA
2023-05-15,170.62,170.67,168.95,169.54,37266700,AAPL
2023-05-15,300.73,301.51,299.26,301.08,16336500,MSFT
2023-05-15,167.66,169.76,164.55,166.35,105592500,TSLA
2023-05-16,394.34,395.26,392.79,392.8,57705500,SPY
2023-05-16,28.75,29.78,28.74,29.12,449405000,NVDA
2023-05-16,169.47,170.6,169.28,169.54,42110300,AAPL
2023-05-16,301.44,305.22,301.44,303.3,26730300,MSFT
2023-05-16,165.65,169.52,164.35,166.52,98288800,TSLA
2023-05-17,394.81,398.17,393.17,397.56,87287000,SPY
2023-05-17,29.49,30.1,29.34,30.08,432535000,NVDA
2023-05-17,169.19,170.39,167.92,170.16,57951600,AAPL
2023-05-17,304.5,306.58,302.99,306.17,24315000,MSFT
2023-05-17,168.41,174.5,167.19,173.86,125473600,TSLA
2023-05-18,397.25,401.82,397.03,401.39,97177200,SPY
2023-05-18,30.31,31.73,30.22,31.58,748725000,NVDA
2023-05-18,170.46,172.67,170.05,172.48,65496700,AAPL
2023-05-18,306.68,311.08,305.89,310.57,27276000,MSFT
2023-05-18,174.22,177.06,172.45,176.89,109520300,TSLA
2023-05-19,402.29,402.82,399.59,400.81,103793300,SPY
2023-05-19,31.44,31.48,30.82,31.17,473908000,NVDA
2023-05-19,173.8,173.8,172.37,172.59,55809500,AAPL
2023-05-19,308.84,310.8,308.48,310.4,27546700,MSFT
2023-05-19,177.17,181.95,176.31,180.14,136196700,TSLA
2023-05-22,400.83,402.5,399.59,400.97,60745400,SPY
2023-05-22,30.8,31.42,30.58,31.08,372000000,NVDA
2023-05-22,171.43,172.15,170.9,171.64,43570900,AAPL
2023-05-22,310.65,314.54,310.08,313.17,24115700,MSFT
2023-05-22,180.7,189.32,180.11,188.87,132001400,TSLA
2023-05-23,399.34,400.91,396.08,396.47,86383500,SPY
2023-05-23,30.9,31.19,30.53,30.59,356253000,NVDA
2023-05-23,170.59,170.84,168.77,169.04,50747300,AAPL
2023-05-23,312.05,314.67,307.38,307.39,30797200,MSFT
2023-05-23,186.2,192.96,185.26,185.77,156952100,TSLA
2023-05-24,394.87,395.26,392.44,393.6,89213700,SPY
2023-05-24,30.11,30.51,29.71,30.44,721419000,NVDA
2023-05-24,168.58,169.89,168.02,169.32,45143500,AAPL
2023-05-24,306.88,308.6,304.81,306.02,23384900,MSFT
2023-05-24,182.23,184.22,178.22,182.9,137605100,TSLA
2023-05-25,397.1,398.45,394.86,397.01,90961600,SPY
2023-05-25,38.4,39.36,36.52,37.86,1543911000,NVDA
2023-05-25,169.88,171.35,169.17,170.45,56058300,AAPL
2023-05-25,315.18,318.74,312.02,317.79,43301700,MSFT
2023-05-25,186.54,186.78,180.58,184.47,96870700,TSLA
2023-05-26,397.66,402.87,397.58,402.15,93830000,SPY
2023-05-26,37.77,39.05,37.43,38.82,714397000,NVDA
2023-05-26,170.78,173.19,170.57,172.86,54835000,AAPL
2023-05-26,315.94,325.08,315.8,324.58,36630600,MSFT
2023-05-26,184.62,198.6,184.53,193.17,162061500,TSLA
2023-05-30,404.08,404.6,400.93,402.3,72216000,SPY
2023-05-30,40.47,41.81,39.82,39.98,923401000,NVDA
2023-05-30,174.36,176.36,173.98,174.7,55964400,AAPL
2023-05-30,326.87,327.36,322.27,322.95,29503100,MSFT
2023-05-30,200.1,204.48,197.53,201.16,128818700,TSLA
2023-05-31,400.48,401.38,398.51,400.07,110811800,SPY
2023-05-31,39.36,40.17,37.7,37.71,1002580000,NVDA
2023-05-31,174.73,176.72,174.17,174.65,99625300,AAPL
2023-05-31,324.0,327.56,319.16,320.2,45950600,MSFT
2023-05-31,199.78,203.95,195.12,203.93,150711700,TSLA
2023-06-01,400.3,404.93,399.06,403.87,88865000,SPY
2023-06-01,38.37,39.92,38.22,39.64,635873000,NVDA
2023-06-01,175.09,177.48,174.33,177.45,68901800,AAPL
2023-06-01,317.8,325.21,316.62,324.28,26773900,MSFT
2023-06-01,202.59,209.8,199.37,207.52,148029900,TSLA
2023-06-02,406.44,410.5,405.91,409.71,91426200,SPY
2023-06-02,39.97,40.37,38.93,39.2,482731000,NVDA
2023-06-02,178.37,179.11,176.63,178.29,61996900,AAPL
2023-06-02,325.91,329.08,324.25,327.03,25873800,MSFT
2023-06-02,210.15,217.25,209.75,213.97,164398400,TSLA
2023-06-05,410.06,411.34,408.23,408.93,65460200,SPY
2023-06-05,38.79,39.44,38.58,39.05,396094000,NVDA
2023-06-05,179.95,182.24,175.43,176.94,121946500,AAPL
2023-06-05,326.86,330.11,326.31,327.56,21307100,MSFT
2023-06-05,217.8,221.29,214.52,217.61,151143100,TSLA
2023-06-06,408.52,410.35,407.87,409.82,64022200,SPY
2023-06-06,38.71,39.04,38.03,38.53,388729000,NVDA
2023-06-06,177.33,177.48,174.83,176.58,64848400,AAPL
2023-06-06,326.96,327.0,323.88,325.35,20396200,MSFT
2023-06-06,216.14,221.91,212.53,221.31,146911600,TSLA
2023-06-07,410.21,411.34,407.98,408.4,85373300,SPY
2023-06-07,38.8,39.38,37.24,37.36,511998000,NVDA
2023-06-07,175.82,178.55,174.72,175.21,61944600,AAPL
2023-06-07,323.38,326.14,314.45,315.31,40717100,MSFT
2023-06-07,228.0,230.83,223.2,224.57,185710800,TSLA
2023-06-08,408.47,411.32,407.7,410.87,61952800,SPY
2023-06-08,37.61,38.75,37.39,38.39,417772000,NVDA
2023-06-08,175.29,178.19,174.86,177.92,50214900,AAPL
2023-06-08,315.86,318.49,315.28,317.14,23277700,MSFT
2023-06-08,224.22,235.23,223.01,234.86,164489700,TSLA
2023-06-09,411.67,413.61,410.62,411.61,85742800,SPY
2023-06-09,38.92,39.59,38.45,38.65,427717000,NVDA
2023-06-09,178.84,179.56,177.98,178.3,48900000,AAPL
2023-06-09,316.88,321.76,316.32,318.64,22529000,MSFT
2023-06-09,249.07,252.42,242.02,244.4,200242400,TSLA
2023-06-12,412.59,415.42,411.87,415.34,76104300,SPY
2023-06-12,39.08,39.41,38.5,39.36,388701000,NVDA
2023-06-12,178.61,181.19,178.31,181.09,54274900,AAPL
2023-06-12,320.38,323.81,317.05,323.57,24260300,MSFT
2023-06-12,247.94,250.97,244.59,249.83,150337900,TSLA
2023-06-13,416.8,418.72,416.14,418.08,95899700,SPY
2023-06-13,40.06,40.98,39.62,40.9,613208000,NVDA
2023-06-13,180.12,181.45,179.76,180.62,54929100,AAPL
2023-06-13,326.12,328.57,322.15,325.95,22951300,MSFT
2023-06-13,253.51,259.68,251.34,258.71,162384300,TSLA
2023-06-14,418.42,420.38,415.14,418.58,100612100,SPY
2023-06-14,40.7,42.87,40.43,42.87,740465000,NVDA
2023-06-14,180.68,181.68,179.35,181.25,57462900,AAPL
2023-06-14,326.0,330.58,324.51,328.92,26003800,MSFT
2023-06-14,260.17,261.57,250.5,256.79,170575500,TSLA
2023-06-15,417.77,425.01,417.67,423.77,110303100,SPY
2023-06-15,42.47,43.16,42.02,42.52,568622000,NVDA
2023-06-15,181.26,183.78,181.08,183.28,65433200,AAPL
2023-06-15,329.06,341.11,328.79,339.41,38899100,MSFT
2023-06-15,248.4,258.95,247.29,255.9,160171200,TSLA
2023-06-16,425.75,426.31,421.86,422.33,114165800,SPY
2023-06-16,43.32,43.59,42.53,42.56,655709000,NVDA
2023-06-16,183.99,184.25,181.57,182.21,101256200,AAPL
2023-06-16,342.55,342.7,333.42,333.79,46552000,MSFT
2023-06-16,258.92,263.6,257.21,260.54,167915600,TSLA
2023-06-20,420.39,421.28,418.07,420.14,76160400,SPY
2023-06-20,42.87,43.86,42.54,43.67,451153000,NVDA
2023-06-20,181.7,183.37,181.7,182.29,49799100,AAPL
2023-06-20,330.84,333.55,327.48,329.62,26375400,MSFT
2023-06-20,261.5,274.75,261.12,274.45,165611200,TSLA
2023-06-21,419.16,419.95,417.4,417.98,76982300,SPY
2023-06-21,43.37,43.48,41.95,42.91,551603000,NVDA
2023-06-21,182.19,182.69,179.91,181.26,49515700,AAPL
2023-06-21,327.98,329.3,323.78,325.24,25117800,MSFT
2023-06-21,275.13,276.99,257.78,259.46,211797100,TSLA
2023-06-22,417.03,419.6,416.69,419.49,70637200,SPY
2023-06-22,42.12,43.29,42.1,42.89,417737000,NVDA
2023-06-22,181.04,184.31,180.97,184.26,51245300,AAPL
2023-06-22,325.78,331.63,325.02,331.23,23556800,MSFT
2023-06-22,250.77,265.0,248.25,264.61,166875900,TSLA
2023-06-23,416.05,418.1,415.61,416.32,92074500,SPY
2023-06-23,42.33,42.68,41.89,42.08,358140000,NVDA
2023-06-23,182.83,184.81,182.29,183.94,53117000,AAPL
2023-06-23,326.02,329.53,325.13,326.66,23146900,MSFT
2023-06-23,259.29,262.45,252.8,256.6,177460800,TSLA
2023-06-26,415.75,417.67,414.38,414.62,72823600,SPY
2023-06-26,42.33,42.63,39.98,40.51,594322000,NVDA
2023-06-26,184.09,185.29,182.51,182.55,48088700,AAPL
2023-06-26,325.39,327.72,320.29,320.4,21520600,MSFT
2023-06-26,250.07,258.37,240.7,241.05,179990600,TSLA
2023-06-27,415.49,419.78,415.04,419.16,72813700,SPY
2023-06-27,40.67,41.81,40.32,41.75,462175000,NVDA
2023-06-27,183.16,185.63,182.95,185.3,50730800,AAPL
2023-06-27,323.58,327.76,321.08,326.22,24354100,MSFT
2023-06-27,243.24,250.39,240.85,250.21,164968200,TSLA
2023-06-28,418.09,420.39,417.47,419.38,75636000,SPY
2023-06-28,40.54,41.72,40.39,40.99,582639000,NVDA
2023-06-28,185.17,187.11,184.85,186.47,51216800,AAPL
2023-06-28,326.31,329.55,325.48,327.47,20259500,MSFT
2023-06-28,249.7,259.88,248.89,256.24,159770800,TSLA
2023-06-29,418.96,421.19,418.56,421.03,67882300,SPY
2023-06-29,41.43,41.47,40.48,40.7,380514000,NVDA
2023-06-29,186.31,187.28,186.17,186.81,46347300,AAPL
2023-06-29,326.36,327.72,324.32,326.69,16997000,MSFT
2023-06-29,258.03,260.74,253.61,257.5,131283400,TSLA
2023-06-30,424.23,426.98,423.91,426.0,104964000,SPY
2023-06-30,41.55,42.42,41.37,42.17,501148000,NVDA
2023-06-30,188.82,191.63,188.45,191.12,85213200,AAPL
2023-06-30,329.32,334.18,328.79,332.04,26832800,MSFT
2023-06-30,260.6,264.45,259.89,261.77,112620800,TSLA
2023-07-03,425.65,426.77,425.37,426.49,32793400,SPY
2023-07-03,42.39,42.77,42.07,42.28,198209000,NVDA
2023-07-03,190.94,191.03,188.95,189.64,31458200,AAPL
2023-07-03,330.73,332.39,328.17,329.56,12508700,MSFT
2023-07-03,276.49,284.25,275.11,279.82,119685900,TSLA
2023-07-05,424.68,426.58,424.67,425.85,58418400,SPY
2023-07-05,42.01,43.04,41.96,42.19,323618000,NVDA
2023-07-05,188.76,190.15,187.82,188.52,46920300,AAPL
2023-07-05,326.73,333.13,326.38,329.71,18172400,MSFT
2023-07-05,278.82,283.85,277.6,282.48,131530900,TSLA
2023-07-06,422.29,422.94,420.02,422.52,80658300,SPY
2023-07-06,41.72,42.05,41.22,41.97,303582000,NVDA
2023-07-06,187.05,189.2,186.42,189.0,45094300,AAPL
2023-07-06,328.88,334.43,327.13,332.76,28161200,MSFT
2023-07-06,278.09,279.97,272.88,276.54,120332100,TSLA
2023-07-07,421.53,425.38,421.21,421.45,86134200,SPY
2023-07-07,42.19,43.08,42.05,42.37,355881000,NVDA
2023-07-07,188.6,189.84,187.45,187.88,46815000,AAPL
2023-07-07,330.85,333.26,328.59,328.81,21214800,MSFT
2023-07-07,278.43,280.78,273.77,274.43,113879200,TSLA
2023-07-10,421.1,422.69,420.53,422.52,62443500,SPY
2023-07-10,42.53,42.68,41.52,42.05,353908000,NVDA
2023-07-10,186.48,187.2,184.3,185.84,59922200,AAPL
2023-07-10,326.25,326.87,319.42,323.55,32791400,MSFT
2023-07-10,276.47,277.52,265.1,269.61,119425400,TSLA
2023-07-11,423.28,425.7,422.31,425.21,64463800,SPY
2023-07-11,42.35,42.63,41.94,42.28,298244000,NVDA
2023-07-11,186.38,186.52,183.86,185.32,46638100,AAPL
2023-07-11,322.8,324.56,318.84,324.17,26698200,MSFT
2023-07-11,268.65,270.9,266.37,269.79,91972400,TSLA
2023-07-12,428.99,430.03,427.56,428.63,91924500,SPY
2023-07-12,42.9,43.8,42.65,43.77,481277000,NVDA
2023-07-12,186.9,188.89,185.7,186.99,60750200,AAPL
2023-07-12,328.2,333.13,327.3,328.79,29995300,MSFT
2023-07-12,276.33,276.52,271.46,271.99,95672100,TSLA
2023-07-13,430.44,432.82,430.0,432.03,72425200,SPY
2023-07-13,44.38,46.01,44.36,45.84,478204000,NVDA
2023-07-13,187.7,188.38,186.99,187.74,41342300,AAPL
2023-07-13,331.09,335.16,330.56,334.11,20567200,MSFT
2023-07-13,274.59,279.45,270.6,277.9,112681500,TSLA
2023-07-14,432.92,433.76,431.0,431.76,69815800,SPY
2023-07-14,46.44,47.94,44.92,45.33,772075000,NVDA
2023-07-14,187.44,188.37,186.85,187.89,41616200,AAPL
2023-07-14,338.92,342.66,335.72,336.63,28352700,MSFT
2023-07-14,277.01,285.3,276.31,281.38,120062400,TSLA
2023-07-17,431.62,434.31,431.57,433.26,52680200,SPY
2023-07-17,46.15,46.35,45.12,46.32,510488000,NVDA
2023-07-17,189.08,191.47,189.0,191.14,50520200,AAPL
2023-07-17,337.06,338.33,333.66,337.1,20363900,MSFT
2023-07-17,286.63,292.23,283.57,290.38,131569600,TSLA
2023-07-18,432.94,437.13,432.5,436.48,80668200,SPY
2023-07-18,46.56,47.75,45.59,47.35,569164000,NVDA
2023-07-18,190.51,191.48,189.6,190.89,48288200,AAPL
2023-07-18,337.2,357.63,333.63,350.52,64738600,MSFT
2023-07-18,290.15,295.26,286.01,293.34,112120300,TSLA
2023-07-19,437.27,438.63,436.41,437.45,65891700,SPY
2023-07-19,47.32,47.67,46.6,46.93,427502000,NVDA
2023-07-19,190.27,195.32,189.82,192.24,80507300,AAPL
2023-07-19,352.72,353.42,343.65,346.22,39732900,MSFT
2023-07-19,296.04,299.29,289.52,291.26,142355400,TSLA
2023-07-20,436.46,437.36,433.84,434.55,70591600,SPY
2023-07-20,46.36,46.94,44.92,45.38,537865000,NVDA
2023-07-20,192.23,193.59,189.68,190.3,59581200,AAPL
2023-07-20,344.75,349.04,336.75,338.22,33778400,MSFT
2023-07-20,279.56,280.93,261.2,262.9,175158300,TSLA
2023-07-21,436.26,436.46,434.54,434.55,71275600,SPY
2023-07-21,45.65,45.73,43.97,44.17,963769000,NVDA
2023-07-21,191.25,192.11,188.42,189.12,71951700,AAPL
2023-07-21,340.44,341.56,331.35,335.19,69405400,MSFT
2023-07-21,268.0,268.0,255.8,260.02,161796100,TSLA
2023-07-24,435.69,437.3,434.67,436.49,54023400,SPY
2023-07-24,44.59,44.97,43.91,44.48,382516000,NVDA
2023-07-24,190.57,192.05,189.43,189.92,45377800,AAPL
2023-07-24,337.22,338.26,333.77,336.5,26678100,MSFT
2023-07-24,255.85,269.85,254.12,269.06,136508500,TSLA
2023-07-25,436.22,438.93,436.17,437.68,55191200,SPY
2023-07-25,44.8,46.04,44.79,45.54,348081000,NVDA
2023-07-25,190.49,191.59,190.09,190.78,37283200,AAPL
2023-07-25,338.45,343.11,336.46,342.22,41637700,MSFT
2023-07-25,272.38,272.9,265.0,265.28,112757300,TSLA
2023-07-26,436.75,439.17,435.7,437.75,71052900,SPY
2023-07-26,45.88,45.91,44.49,45.31,364237000,NVDA
2023-07-26,190.83,192.77,190.48,191.65,47471900,AAPL
2023-07-26,332.92,336.07,324.8,329.34,58383700,MSFT
2023-07-26,263.25,268.04,261.75,264.35,95856200,TSLA
2023-07-27,441.12,441.53,433.95,434.85,92194400,SPY
2023-07-27,46.38,47.25,45.61,45.76,455976000,NVDA
2023-07-27,193.14,194.31,189.72,190.38,47460200,AAPL
2023-07-27,331.99,332.81,320.84,322.47,39635300,MSFT
2023-07-27,268.31,269.13,255.3,255.71,103697300,TSLA
2023-07-28,438.11,439.93,434.85,439.11,80011800,SPY
2023-07-28,46.53,46.88,46.24,46.61,331194000,NVDA
2023-07-28,191.81,193.74,191.29,192.96,48291400,AAPL
2023-07-28,325.34,331.53,324.86,329.93,28484900,MSFT
2023-07-28,259.86,267.25,258.23,266.44,111446000,TSLA
2023-07-31,439.58,440.3,438.27,439.94,62040400,SPY
2023-07-31,46.61,46.99,46.36,46.59,251055000,NVDA
2023-07-31,193.18,193.61,192.39,193.57,38824100,AAPL
2023-07-31,328.51,329.27,325.04,327.54,25446000,MSFT
2023-07-31,267.48,269.08,263.78,267.43,84582200,TSLA
2023-08-01,438.48,439.42,437.73,438.68,55291500,SPY
2023-08-01,46.32,46.76,45.89,46.36,237858000,NVDA
2023-08-01,193.36,193.84,192.41,192.74,35175100,AAPL
2023-08-01,326.83,330.09,325.37,327.95,18311900,MSFT
2023-08-01,266.26,266.47,260.25,261.07,83166000,TSLA
2023-08-02,435.58,435.84,431.83,432.58,93933400,SPY
2023-08-02,45.69,45.7,43.25,44.13,530142000,NVDA
2023-08-02,192.18,192.32,189.03,189.75,50389300,AAPL
2023-08-02,325.31,325.31,318.22,319.33,27761300,MSFT
2023-08-02,255.57,259.52,250.49,254.11,101752900,TSLA
2023-08-03,430.57,433.21,429.93,431.34,64276100,SPY
2023-08-03,43.67,44.98,43.67,44.38,324176000,NVDA
2023-08-03,188.76,189.55,187.89,188.36,61235200,AAPL
2023-08-03,317.87,321.65,317.82,318.51,18253700,MSFT
2023-08-03,252.04,260.49,252.0,259.32,97569100,TSLA
2023-08-04,433.15,435.24,428.87,429.39,100128900,SPY
2023-08-04,44.85,45.5,44.26,44.54,362666000,NVDA
2023-08-04,182.8,184.63,179.25,179.32,115956800,AAPL
2023-08-04,323.6,326.78,319.08,319.6,23741500,MSFT
2023-08-04,260.97,264.77,253.11,253.86,99539900,TSLA
2023-08-07,431.22,433.29,430.52,433.14,58357500,SPY
2023-08-07,44.97,45.4,44.43,45.28,322154000,NVDA
2023-08-07,179.46,180.44,174.75,176.23,97576100,AAPL
2023-08-07,320.18,322.85,319.35,321.87,17741500,MSFT
2023-08-07,251.45,253.65,242.76,251.45,111097900,TSLA
2023-08-08,430.61,433.13,427.91,431.25,71361300,SPY
2023-08-08,44.72,45.1,43.92,44.53,353843000,NVDA
2023-08-08,177.05,177.62,174.97,177.16,67823000,AAPL
2023-08-08,318.8,320.55,314.94,317.92,22327600,MSFT
2023-08-08,247.45,250.92,245.01,249.7,96642200,TSLA
2023-08-09,431.52,431.69,427.61,428.37,78789600,SPY
2023-08-09,44.14,44.18,42.01,42.42,586449000,NVDA
2023-08-09,178.22,178.27,174.41,175.58,60378500,AAPL
2023-08-09,318.32,318.95,313.04,314.19,22373300,MSFT
2023-08-09,250.87,251.1,241.9,242.19,101596300,TSLA
2023-08-10,430.72,434.09,427.36,428.52,93005500,SPY
2023-08-10,42.03,43.44,41.71,42.26,492705000,NVDA
2023-08-10,176.85,178.1,174.99,175.36,54686900,AAPL
2023-08-10,317.89,320.07,313.17,314.87,20113700,MSFT
2023-08-10,245.4,251.8,243.0,245.34,109498600,TSLA
2023-08-11,426.66,429.28,426.06,428.28,68690900,SPY
2023-08-11,41.62,41.89,40.51,40.73,533085000,NVDA
2023-08-11,174.95,176.24,174.19,175.42,52036700,AAPL
2023-08-11,312.27,314.37,311.25,313.0,24355500,MSFT
2023-08-11,241.77,243.79,238.02,242.65,99038600,TSLA
2023-08-14,427.36,430.64,427.05,430.64,47867400,SPY
2023-08-14,40.36,43.67,40.19,43.62,690286000,NVDA
2023-08-14,175.6,177.29,174.94,177.07,43675600,AAPL
2023-08-14,313.37,315.97,312.09,315.96,18836100,MSFT
2023-08-14,235.7,240.66,233.75,239.76,98595300,TSLA
2023-08-15,428.87,429.23,425.06,425.62,75707500,SPY
2023-08-15,44.42,45.13,43.58,43.81,676512000,NVDA
2023-08-15,176.49,177.08,174.69,175.08,43622600,AAPL
2023-08-15,314.94,316.98,312.89,313.83,16966300,MSFT
2023-08-15,238.73,240.5,232.61,232.96,88197600,TSLA
2023-08-16,425.21,426.86,422.39,422.5,80107200,SPY
2023-08-16,44.38,44.54,43.27,43.35,527451000,NVDA
2023-08-16,174.77,176.16,174.14,174.21,46964900,AAPL
2023-08-16,313.46,317.0,312.48,313.07,20698900,MSFT
2023-08-16,228.02,233.97,225.38,225.6,112484500,TSLA
2023-08-17,423.96,424.22,418.76,419.28,95711300,SPY
2023-08-17,43.84,43.93,42.87,43.21,452395000,NVDA
2023-08-17,174.78,175.14,171.16,171.68,66062900,AAPL
2023-08-17,313.2,314.5,308.97,309.63,21257200,MSFT
2023-08-17,226.06,226.74,218.83,219.22,120718400,TSLA
2023-08-18,416.47,420.51,416.13,419.48,98852000,SPY
2023-08-18,42.5,43.44,41.53,43.17,583768000,NVDA
2023-08-18,170.0,172.76,169.67,172.16,61172200,AAPL
2023-08-18,307.29,311.09,304.42,309.24,24755000,MSFT
2023-08-18,214.12,217.58,212.36,215.49,136276600,TSLA
2023-08-21,420.49,422.95,418.35,422.21,68719000,SPY
2023-08-21,44.36,46.92,44.09,46.82,692573000,NVDA
2023-08-21,172.73,173.78,171.42,173.49,46311900,AAPL
2023-08-21,310.65,315.38,309.78,314.51,24040000,MSFT
2023-08-21,221.55,232.13,220.58,231.28,135702700,TSLA
2023-08-22,423.98,423.98,420.51,421.07,64994200,SPY
2023-08-22,47.99,48.04,45.19,45.53,755293000,NVDA
2023-08-22,174.7,175.31,173.9,174.86,42038900,AAPL
2023-08-22,318.05,318.62,314.1,315.08,16084600,MSFT
2023-08-22,240.25,240.82,229.55,233.19,130442800,TSLA
2023-08-23,422.12,426.37,421.98,425.76,68441000,SPY
2023-08-23,45.73,47.06,45.07,46.97,779046000,NVDA
2023-08-23,176.14,179.13,175.95,178.7,52722800,AAPL
2023-08-23,316.41,321.67,316.06,319.52,21166400,MSFT
2023-08-23,229.34,238.98,229.29,236.86,101077600,TSLA
2023-08-24,427.35,427.86,419.83,419.86,88517300,SPY
2023-08-24,50.06,50.11,47.01,47.02,1156044000,NVDA
2023-08-24,178.26,178.68,173.66,174.03,54945800,AAPL
2023-08-24,325.23,325.36,312.64,312.65,23281400,MSFT
2023-08-24,238.66,238.92,228.18,230.04,99777400,TSLA
2023-08-25,421.58,424.09,418.04,422.82,102325100,SPY
2023-08-25,46.87,47.66,44.89,45.88,925341000,NVDA
2023-08-25,175.01,176.76,173.47,176.23,51449600,AAPL
2023-08-25,314.11,317.91,311.5,315.59,21684100,MSFT
2023-08-25,231.31,239.0,230.35,238.59,106612200,TSLA
2023-08-28,425.0,426.11,422.82,425.5,61595400,SPY
2023-08-28,46.34,46.84,44.75,46.69,685192000,NVDA
2023-08-28,177.69,178.18,176.17,177.79,43820700,AAPL
2023-08-28,318.21,318.69,314.36,316.29,14808500,MSFT
2023-08-28,242.58,244.38,235.35,238.82,107673700,TSLA
2023-08-29,425.39,431.93,425.21,431.65,83081900,SPY
2023-08-29,46.52,48.93,46.25,48.63,701397000,NVDA
2023-08-29,177.3,182.43,177.1,181.66,53003900,AAPL
2023-08-29,314.51,321.45,314.51,320.89,19284600,MSFT
2023-08-29,238.58,257.48,237.77,257.18,134047600,TSLA
2023-08-30,431.98,434.06,431.28,433.43,69053900,SPY
2023-08-30,48.89,49.77,48.28,49.11,735206000,NVDA
2023-08-30,182.47,185.34,182.27,185.15,60813900,AAPL
2023-08-30,321.15,322.26,318.98,321.27,15222100,MSFT
2023-08-30,254.2,260.51,250.59,256.9,121988400,TSLA
2023-08-31,434.04,435.18,432.61,432.79,66084600,SPY
2023-08-31,49.23,49.59,48.81,49.2,528570000,NVDA
2023-08-31,185.33,186.6,184.98,185.36,60794500,AAPL
2023-08-31,321.67,323.34,319.3,320.26,26411000,MSFT
2023-08-31,255.98,261.18,255.05,258.08,108861700,TSLA
2023-09-01,435.5,435.98,432.15,433.6,58944100,SPY
2023-09-01,49.61,49.65,47.99,48.36,463830000,NVDA
2023-09-01,186.96,187.39,185.77,186.93,45766500,AAPL
2023-09-01,323.73,324.39,319.3,321.14,14942000,MSFT
2023-09-01,257.26,259.08,242.01,245.01,132541600,TSLA
2023-09-05,433.16,433.47,431.66,431.73,55166200,SPY
2023-09-05,48.08,48.7,47.71,48.4,382653000,NVDA
2023-09-05,185.77,187.44,185.11,187.17,45280000,AAPL
2023-09-05,321.47,327.19,321.14,325.92,18553900,MSFT
2023-09-05,245.0,258.0,244.86,256.49,129469600,TSLA
2023-09-06,430.92,431.02,426.51,428.82,70758500,SPY
2023-09-06,48.3,48.4,46.44,46.92,468670000,NVDA
2023-09-06,185.89,186.33,179.05,180.47,81755800,AAPL
2023-09-06,325.75,326.81,322.62,325.26,17535800,MSFT
2023-09-06,255.14,255.39,245.06,251.92,116959800,TSLA
2023-09-07,425.83,428.18,425.49,427.51,70355400,SPY
2023-09-07,45.39,46.21,45.02,46.1,433330000,NVDA
2023-09-07,172.84,175.83,171.22,175.19,112488800,AAPL
2023-09-07,323.71,325.46,321.5,322.36,18381000,MSFT
2023-09-07,245.07,252.81,243.27,251.49,115312900,TSLA
2023-09-08,427.55,429.68,427.2,428.15,61659700,SPY
2023-09-08,45.81,46.47,45.14,45.44,473069000,NVDA
2023-09-08,175.97,177.83,175.42,175.8,65551300,AAPL
2023-09-08,322.54,328.47,321.92,326.62,19530100,MSFT
2023-09-08,251.22,256.52,246.67,248.5,118367700,TSLA
2023-09-11,430.76,431.27,429.06,430.97,60180100,SPY
2023-09-11,46.01,46.03,44.18,45.04,473966000,NVDA
2023-09-11,177.67,177.89,174.97,176.97,58953100,AAPL
2023-09-11,329.52,330.68,327.75,330.21,16583300,MSFT
2023-09-11,264.27,274.85,260.61,273.58,174667900,TSLA
2023-09-12,429.52,431.04,428.03,428.6,67565400,SPY
2023-09-12,44.6,45.54,44.4,44.74,349256000,NVDA
2023-09-12,177.09,177.73,172.49,173.95,90370200,AAPL
2023-09-12,328.13,329.08,323.89,324.18,17565500,MSFT
2023-09-12,270.76,278.39,266.6,267.48,135999900,TSLA
2023-09-13,428.82,430.25,427.73,429.1,60199300,SPY
2023-09-13,44.47,45.79,44.37,45.35,398355000,NVDA
2023-09-13,174.15,174.93,171.66,171.89,84267900,AAPL
2023-09-13,323.73,329.14,323.59,328.37,16544400,MSFT
2023-09-13,270.07,274.98,268.1,271.3,111673700,TSLA
2023-09-14,431.56,433.49,430.26,432.8,83430800,SPY
2023-09-14,45.81,45.85,45.0,45.45,370097000,NVDA
2023-09-14,171.68,173.75,171.26,173.39,60895800,AAPL
2023-09-14,331.39,333.06,328.87,330.95,20267000,MSFT
2023-09-14,271.32,276.71,270.42,276.04,107709800,TSLA
2023-09-15,431.22,431.55,427.15,427.59,111848900,SPY
2023-09-15,45.21,45.46,43.68,43.77,506831000,NVDA
2023-09-15,174.12,174.14,171.5,172.67,109259500,AAPL
2023-09-15,329.21,329.68,322.11,322.66,37679800,MSFT
2023-09-15,277.55,278.98,271.0,274.39,133692300,TSLA
2023-09-18,427.28,429.13,426.81,427.84,55752200,SPY
2023-09-18,42.62,44.11,41.87,43.84,500271000,NVDA
2023-09-18,174.12,176.99,173.82,175.6,67257600,AAPL
2023-09-18,320.3,322.84,318.89,321.53,16834200,MSFT
2023-09-18,271.16,271.44,263.76,265.28,101543300,TSLA
2023-09-19,426.92,427.51,424.28,426.95,66514600,SPY
2023-09-19,43.7,43.84,42.87,43.39,373064000,NVDA
2023-09-19,175.15,177.23,174.77,176.68,51826900,AAPL
2023-09-19,318.71,321.85,317.08,321.13,16505900,MSFT
2023-09-19,264.35,267.85,261.2,266.5,103704000,TSLA
2023-09-20,428.2,428.62,422.82,423.03,82562600,SPY
2023-09-20,43.47,43.77,42.1,42.11,367108000,NVDA
2023-09-20,176.87,177.3,173.06,173.15,58436200,AAPL
2023-09-20,321.97,322.05,313.17,313.43,21436500,MSFT
2023-09-20,267.04,273.93,262.46,262.59,122514600,TSLA
2023-09-21,420.19,420.45,415.88,416.03,104095800,SPY
2023-09-21,41.46,41.97,40.86,40.89,450736000,NVDA
2023-09-21,172.22,173.95,171.54,171.61,63149100,AAPL
2023-09-21,311.95,317.9,307.79,312.22,35560400,MSFT
2023-09-21,257.85,260.86,254.21,255.7,119951500,TSLA
2023-09-22,417.06,418.65,414.68,415.1,100829700,SPY
2023-09-22,41.45,41.99,41.11,41.49,479236000,NVDA
2023-09-22,172.34,174.72,171.73,172.46,56725400,AAPL
2023-09-22,313.97,314.09,308.91,309.76,21447900,MSFT
2023-09-22,257.4,257.79,244.48,244.88,127524100,TSLA
2023-09-25,413.89,416.88,413.46,416.84,70874500,SPY
2023-09-25,41.47,42.41,41.05,42.1,419091000,NVDA
2023-09-25,171.88,174.61,171.83,173.73,46172700,AAPL
2023-09-25,309.34,310.4,307.79,310.27,17836000,MSFT
2023-09-25,243.38,247.1,238.31,246.99,104636600,TSLA
2023-09-26,413.82,414.52,409.89,410.72,96168400,SPY
2023-09-26,41.88,42.69,41.53,41.79,402282000,NVDA
2023-09-26,172.49,172.86,169.37,169.67,64588900,AAPL
2023-09-26,307.92,308.65,302.92,305.0,26297600,MSFT
2023-09-26,242.98,249.55,241.66,244.12,101993600,TSLA
2023-09-27,411.89,412.45,407.26,410.88,104705800,SPY
2023-09-27,42.2,42.74,41.51,42.34,444935000,NVDA
2023-09-27,170.32,170.73,166.79,168.16,66921800,AAPL
2023-09-27,305.15,307.11,302.6,305.63,19410100,MSFT
2023-09-27,244.26,245.33,234.58,240.5,136597200,TSLA
2023-09-28,410.33,414.93,409.75,413.27,92258300,SPY
2023-09-28,42.33,43.32,41.99,42.96,424663000,NVDA
2023-09-28,167.08,169.73,165.38,168.41,56294400,AAPL
2023-09-28,303.87,308.26,302.37,306.46,19683600,MSFT
2023-09-28,240.02,247.55,238.65,246.38,117058900,TSLA
2023-09-29,416.3,416.48,410.75,412.26,115111300,SPY
2023-09-29,43.7,44.01,43.18,43.37,397830000,NVDA
2023-09-29,169.72,170.76,168.07,168.93,51861100,AAPL
2023-09-29,310.48,312.16,307.77,308.52,24147300,MSFT
2023-09-29,250.0,254.77,246.35,250.22,128522700,TSLA
2023-10-02,411.43,413.34,409.35,412.1,83798600,SPY
2023-10-02,43.9,45.04,43.73,44.65,433298000,NVDA
2023-10-02,168.94,171.97,168.65,171.43,52164500,AAPL
2023-10-02,309.04,314.52,307.97,314.44,20570000,MSFT
2023-10-02,244.81,254.28,242.62,251.6,123810400,TSLA
2023-10-03,409.93,412.16,405.22,406.58,103760600,SPY
2023-10-03,44.67,45.0,43.12,43.39,470850000,NVDA
2023-10-03,169.96,171.31,168.54,170.1,49594600,AAPL
2023-10-03,313.49,314.03,304.09,306.22,21033500,MSFT
2023-10-03,248.61,250.02,244.45,246.53,101985300,TSLA
2023-10-04,407.05,410.29,405.59,409.54,87453000,SPY
2023-10-04,43.61,44.01,43.16,43.91,361821000,NVDA
2023-10-04,168.81,171.89,168.69,171.34,53020300,AAPL
2023-10-04,306.84,312.72,306.81,311.66,20720100,MSFT
2023-10-04,248.14,261.86,247.6,261.16,129721600,TSLA
2023-10-05,409.25,410.23,406.18,409.39,70142700,SPY
2023-10-05,43.92,44.77,43.76,44.55,393483000,NVDA
2023-10-05,171.47,173.11,170.38,172.58,48527900,AAPL
2023-10-05,311.79,312.66,307.69,312.05,16965600,MSFT
2023-10-05,260.0,263.6,256.25,260.05,119159200,TSLA
2023-10-06,406.95,415.78,405.63,414.25,113273300,SPY
2023-10-06,44.06,45.65,43.89,45.63,434436000,NVDA
2023-10-06,171.48,175.61,170.87,175.12,57266700,AAPL
2023-10-06,309.31,321.66,309.06,319.77,25673600,MSFT
2023-10-06,253.98,261.65,250.65,260.53,118121800,TSLA
2023-10-09,412.36,417.47,411.81,416.9,80374400,SPY
2023-10-09,44.71,45.47,44.24,45.14,409675000,NVDA
2023-10-09,174.45,176.66,173.45,176.6,42390800,AAPL
2023-10-09,317.32,322.74,315.78,322.27,19891200,MSFT
2023-10-09,255.31,261.36,252.05,259.67,101377900,TSLA
2023-10-10,417.53,421.66,417.13,419.07,78607300,SPY
2023-10-10,45.18,46.12,44.95,45.66,368582000,NVDA
2023-10-10,175.72,177.32,175.58,176.01,43698000,AAPL
2023-10-10,323.39,323.52,320.17,320.87,20557100,MSFT
2023-10-10,257.75,268.94,257.65,263.62,122656000,TSLA
2023-10-11,420.13,421.04,417.76,420.79,62451700,SPY
2023-10-11,46.06,46.72,45.91,46.67,378137000,NVDA
2023-10-11,175.82,177.45,175.23,177.4,47551100,AAPL
2023-10-11,323.63,325.2,321.61,324.81,20063200,MSFT
2023-10-11,266.2,268.6,260.9,262.99,103706300,TSLA
2023-10-12,421.4,421.77,415.88,418.22,81154200,SPY
2023-10-12,46.64,47.47,46.19,46.81,481325000,NVDA
2023-10-12,177.67,179.91,176.65,178.3,56743100,AAPL
2023-10-12,323.0,325.99,321.2,323.58,19313100,MSFT
2023-10-12,262.92,265.41,256.63,258.87,111508100,TSLA
2023-10-13,419.72,420.91,414.58,416.14,95143100,SPY
2023-10-13,46.82,46.98,45.15,45.33,474115000,NVDA
2023-10-13,179.0,179.5,175.76,176.46,51427100,AAPL
2023-10-13,324.77,326.19,318.89,320.23,21072400,MSFT
2023-10-13,258.9,259.6,250.22,251.12,102073800,TSLA
2023-10-16,418.38,421.58,418.14,420.52,75433200,SPY
2023-10-16,44.93,46.09,44.78,45.96,375099000,NVDA
2023-10-16,174.39,176.69,174.15,176.34,52517000,AAPL
2023-10-16,323.47,328.45,323.03,325.03,22158000,MSFT
2023-10-16,250.05,255.4,248.48,253.92,88917200,TSLA
2023-10-17,417.4,422.54,417.06,420.5,75324700,SPY
2023-10-17,43.87,44.62,42.35,43.81,812333000,NVDA
2023-10-17,174.29,176.04,172.47,174.79,57549400,AAPL
2023-10-17,322.05,325.83,319.92,324.46,18338500,MSFT
2023-10-17,250.1,257.18,247.08,254.85,93562900,TSLA
2023-10-18,418.73,419.69,413.82,414.9,93559800,SPY
2023-10-18,42.46,43.09,41.7,42.07,627294000,NVDA
2023-10-18,173.24,175.21,172.77,173.49,54764400,AAPL
2023-10-18,324.88,327.91,320.79,322.56,23153600,MSFT
2023-10-18,252.7,254.63,242.08,242.68,125147800,TSLA
2023-10-19,415.61,417.41,410.57,411.25,121323000,SPY
2023-10-19,42.68,43.17,41.76,41.98,501233000,NVDA
2023-10-19,173.69,175.47,172.85,173.12,59302900,AAPL
2023-10-19,324.55,329.17,323.34,323.74,25052100,MSFT
2023-10-19,225.95,230.61,216.78,220.11,170772700,TSLA
2023-10-20,410.82,411.36,406.09,406.2,123919900,SPY
2023-10-20,41.77,42.34,40.96,41.26,477266000,NVDA
2023-10-20,172.97,173.08,170.34,170.57,64244000,AAPL
2023-10-20,324.13,324.32,318.0,319.19,25027700,MSFT
2023-10-20,217.01,218.86,210.42,211.99,138010100,TSLA
2023-10-23,404.67,409.34,402.93,405.49,92035100,SPY
2023-10-23,41.11,43.12,40.82,42.85,478530000,NVDA
2023-10-23,168.63,171.69,167.66,170.69,55980100,AAPL
2023-10-23,318.02,325.12,316.97,321.78,24374700,MSFT
2023-10-23,210.0,216.98,202.51,212.08,150683400,TSLA
2023-10-24,407.6,409.7,405.76,408.55,78564200,SPY
2023-10-24,42.95,43.57,42.56,43.53,401463000,NVDA
2023-10-24,170.74,171.35,169.16,171.13,43816600,AAPL
2023-10-24,323.72,324.25,320.1,322.97,31153600,MSFT
2023-10-24,216.5,222.05,214.11,216.52,118231100,TSLA
2023-10-25,406.87,406.9,402.17,402.69,94223200,SPY
2023-10-25,43.27,43.52,41.43,41.65,398379000,NVDA
2023-10-25,169.59,170.75,168.37,168.82,57157000,AAPL
2023-10-25,337.12,338.28,329.89,332.87,55053800,MSFT
2023-10-25,215.88,220.1,212.2,212.42,107065100,TSLA
2023-10-26,401.63,402.47,396.95,397.86,115156800,SPY
2023-10-26,41.73,42.13,39.76,40.21,541001000,NVDA
2023-10-26,168.1,169.09,163.46,164.66,70625300,AAPL
2023-10-26,332.75,333.81,319.46,320.39,37828500,MSFT
2023-10-26,211.32,214.8,204.88,205.76,115112600,TSLA
2023-10-27,399.45,399.84,394.64,396.06,107367700,SPY
2023-10-27,41.01,41.08,39.9,40.38,416784000,NVDA
2023-10-27,164.68,166.71,164.6,165.98,58499100,AAPL
2023-10-27,322.87,329.01,320.88,322.26,29856500,MSFT
2023-10-27,210.6,212.41,205.77,207.3,94881200,TSLA
2023-10-30,398.84,401.85,397.55,400.8,86562700,SPY
2023-10-30,40.96,41.64,40.36,41.04,388028000,NVDA
2023-10-30,166.76,168.89,166.62,168.02,51131000,AAPL
2023-10-30,325.78,331.68,324.24,329.59,22828100,MSFT
2023-10-30,209.28,210.88,194.67,197.36,136448200,TSLA
2023-10-31,401.36,403.63,399.47,403.31,79665200,SPY
2023-10-31,40.33,40.76,39.11,40.66,517969000,NVDA
2023-10-31,167.09,168.62,165.66,168.49,44846000,AAPL
2023-10-31,331.1,331.24,327.03,330.37,20265300,MSFT
2023-10-31,196.12,202.8,194.07,200.84,118068300,TSLA
2023-11-01,404.28,408.42,403.75,407.61,98068100,SPY
2023-11-01,40.76,42.25,40.75,42.2,437593000,NVDA
2023-11-01,168.72,171.9,167.85,171.65,56934900,AAPL
2023-11-01,332.01,339.47,331.88,338.15,28158800,MSFT
2023-11-01,204.04,205.99,197.85,205.66,121661700,TSLA
2023-11-02,411.39,415.58,411.38,415.43,94938900,SPY
2023-11-02,43.2,43.75,42.77,43.38,409172000,NVDA
2023-11-02,173.18,175.41,173.12,175.2,77334800,AAPL
2023-11-02,339.29,340.85,336.88,340.35,24348100,MSFT
2023-11-02,212.97,219.2,211.45,218.51,125987600,TSLA
2023-11-03,417.72,420.76,417.6,419.22,100167800,SPY
2023-11-03,43.89,45.17,43.59,44.87,424610000,NVDA
2023-11-03,171.91,174.46,171.04,174.29,79829200,AAPL
2023-11-03,341.63,346.28,339.38,344.73,23637700,MSFT
2023-11-03,221.15,226.37,218.4,219.96,119534800,TSLA
2023-11-06,419.97,420.62,418.24,420.18,67831700,SPY
2023-11-06,45.15,45.8,44.77,45.61,400733000,NVDA
2023-11-06,174.03,177.04,173.86,176.84,63841300,AAPL
2023-11-06,345.36,349.36,345.26,348.37,23828300,MSFT
2023-11-06,223.98,226.32,215.0,219.27,117335800,TSLA
2023-11-07,420.18,422.01,419.04,421.38,64256100,SPY
2023-11-07,45.58,46.08,45.02,45.82,343165000,NVDA
2023-11-07,176.79,180.01,176.58,179.39,70530000,AAPL
2023-11-07,351.17,354.16,349.45,352.28,25833900,MSFT
2023-11-07,219.98,223.12,215.72,222.18,116900100,TSLA
2023-11-08,421.97,422.49,419.39,421.68,61746000,SPY
2023-11-08,45.96,46.73,45.83,46.44,346719000,NVDA
2023-11-08,179.92,181.0,179.17,180.45,49340300,AAPL
2023-11-08,353.4,355.54,352.3,354.89,26767800,MSFT
2023-11-08,223.15,224.15,217.64,222.11,106584800,TSLA
2023-11-09,422.82,422.86,417.97,418.4,83174400,SPY
2023-11-09,47.33,48.09,46.61,46.81,540496000,NVDA
2023-11-09,180.52,181.66,179.38,179.98,53763500,AAPL
2023-11-09,354.01,356.44,352.11,352.44,24847300,MSFT
2023-11-09,219.75,220.8,206.68,209.98,142110500,TSLA
2023-11-10,420.46,425.23,418.39,424.93,89462200,SPY
2023-11-10,47.36,48.33,47.14,48.19,421245000,NVDA
2023-11-10,181.75,184.32,181.32,184.15,66133400,AAPL
2023-11-10,353.22,361.63,352.81,361.21,28042100,MSFT
2023-11-10,210.03,215.38,205.69,214.65,130994000,TSLA
2023-11-13,423.59,425.62,422.81,424.52,52236100,SPY
2023-11-13,48.18,48.97,47.96,48.48,384136000,NVDA
2023-11-13,183.58,183.79,181.99,182.57,43627500,AAPL
2023-11-13,359.79,360.04,357.53,358.29,19986500,MSFT
2023-11-13,215.6,225.4,211.61,223.71,140447600,TSLA
2023-11-14,430.43,434.04,430.21,432.76,97176900,SPY
2023-11-14,49.53,49.69,48.89,49.51,416954000,NVDA
2023-11-14,185.44,185.84,184.06,185.18,60108400,AAPL
2023-11-14,362.52,363.44,358.94,361.8,27683900,MSFT
2023-11-14,235.03,238.14,230.72,237.41,149771600,TSLA
2023-11-15,434.09,435.31,432.82,433.67,77327600,SPY
2023-11-15,49.79,49.81,48.06,48.74,475497000,NVDA
2023-11-15,185.59,187.22,185.52,185.75,53790500,AAPL
2023-11-15,363.52,365.33,359.44,361.94,26860100,MSFT
2023-11-15,239.29,246.7,236.45,242.84,150354000,TSLA
2023-11-16,433.23,434.52,432.17,434.2,66665800,SPY
2023-11-16,48.53,49.38,48.19,49.33,339756000,NVDA
2023-11-16,187.29,188.66,186.38,187.43,54412900,AAPL
2023-11-16,363.21,368.48,362.44,368.31,27182300,MSFT
2023-11-16,239.49,240.88,230.96,233.59,136816800,TSLA
2023-11-17,434.21,435.35,433.3,434.74,83133200,SPY
2023-11-17,49.38,49.57,48.86,49.15,325205000,NVDA
2023-11-17,187.96,188.09,186.3,187.41,50922700,AAPL
2023-11-17,365.8,366.54,359.33,362.12,40157000,MSFT
2023-11-17,232.0,237.39,226.54,234.3,142532800,TSLA
2023-11-20,434.49,438.93,434.48,438.09,69936200,SPY
2023-11-20,49.17,50.4,49.03,50.26,414120000,NVDA
2023-11-20,187.6,189.6,187.59,189.14,46505100,AAPL
2023-11-20,363.46,370.95,363.25,369.55,52465100,MSFT
2023-11-20,234.04,237.1,231.02,235.6,116320100,TSLA
2023-11-21,437.05,437.96,435.87,437.13,49244600,SPY
2023-11-21,49.98,50.37,49.08,49.8,565747000,NVDA
2023-11-21,189.1,189.21,187.45,188.34,38134500,AAPL
2023-11-21,367.82,368.36,363.36,365.27,28423100,MSFT
2023-11-21,235.04,243.62,233.34,241.2,122288000,TSLA
2023-11-22,438.78,440.13,437.73,438.82,59394900,SPY
2023-11-22,49.7,50.19,47.55,48.57,899420000,NVDA
2023-11-22,189.18,190.61,188.53,189.01,39617700,AAPL
2023-11-22,370.1,371.85,367.13,369.95,23345300,MSFT
2023-11-22,242.04,244.01,231.4,234.21,117950600,TSLA
2023-11-24,438.87,439.29,438.54,439.09,29737400,SPY
2023-11-24,48.33,48.78,47.6,47.63,294645000,NVDA
2023-11-24,188.57,188.6,186.97,187.68,24048300,AAPL
2023-11-24,369.44,370.07,367.3,369.54,10176600,MSFT
2023-11-24,233.75,238.75,232.33,235.45,65125200,TSLA
2023-11-27,438.47,439.28,437.92,438.3,50506000,SPY
2023-11-27,47.66,48.39,47.51,48.1,395662000,NVDA
2023-11-27,187.63,188.37,186.62,187.5,40552600,AAPL
2023-11-27,368.9,372.68,368.34,370.7,22179200,MSFT
2023-11-27,236.89,238.33,232.1,236.08,112031800,TSLA
2023-11-28,437.92,440.03,437.36,438.74,62115000,SPY
2023-11-28,48.09,48.18,47.33,47.68,401491000,NVDA
2023-11-28,187.49,188.78,187.12,188.11,38415400,AAPL
2023-11-28,370.44,374.99,370.26,374.7,20453100,MSFT
2023-11-28,236.68,247.0,234.01,246.72,148549900,TSLA
2023-11-29,440.88,442.0,438.03,438.43,63146000,SPY
2023-11-29,48.23,48.62,47.72,48.0,382005000,NVDA
2023-11-29,188.6,189.78,186.69,187.09,43014200,AAPL
2023-11-29,375.74,376.27,369.55,370.93,28963400,MSFT
2023-11-29,249.21,252.75,242.76,244.14,135401300,TSLA
2023-11-30,439.27,440.5,437.2,440.15,79752700,SPY
2023-11-30,47.88,47.97,46.28,46.63,526247000,NVDA
2023-11-30,187.55,188.03,185.92,187.66,48794400,AAPL
2023-11-30,370.58,372.15,367.62,370.99,30554400,MSFT
2023-11-30,245.14,245.22,236.91,240.08,132353200,TSLA
2023-12-01,439.55,443.29,438.96,442.76,89183400,SPY
2023-12-01,46.39,47.06,46.05,46.63,369317000,NVDA
2023-12-01,188.04,189.25,186.95,188.94,45704800,AAPL
2023-12-01,368.88,370.26,363.55,366.68,33040500,MSFT
2023-12-01,233.14,240.19,231.9,238.83,121331700,TSLA
2023-12-04,439.38,442.78,438.17,440.43,72430900,SPY
2023-12-04,45.94,45.94,44.88,45.37,437543000,NVDA
2023-12-04,187.69,187.76,185.19,187.15,43389500,AAPL
2023-12-04,361.38,361.8,355.31,361.42,32063300,MSFT
2023-12-04,235.75,239.37,233.29,235.58,104099800,TSLA
2023-12-05,439.05,441.3,438.68,440.35,69793500,SPY
2023-12-05,45.33,46.47,45.14,46.43,371718000,NVDA
2023-12-05,187.92,192.06,187.89,191.09,66628400,AAPL
2023-12-05,358.79,365.28,357.98,364.73,23065000,MSFT
2023-12-05,233.87,246.66,233.7,238.72,137971100,TSLA
2023-12-06,442.48,442.51,438.14,438.57,69124700,SPY
2023-12-06,47.08,47.25,45.28,45.37,380590000,NVDA
2023-12-06,192.11,192.41,189.8,190.0,41089700,AAPL
2023-12-06,365.73,366.36,360.34,361.09,21182100,MSFT
2023-12-06,242.92,246.57,239.17,239.37,126436200,TSLA
2023-12-07,440.64,442.56,440.05,441.92,66995400,SPY
2023-12-07,45.57,46.49,45.47,46.46,350823000,NVDA
2023-12-07,191.3,192.65,191.26,191.93,47477700,AAPL
2023-12-07,360.53,363.69,358.66,363.2,23118900,MSFT
2023-12-07,241.55,244.08,236.98,242.64,107142300,TSLA
2023-12-08,441.18,444.35,440.93,443.82,83194400,SPY
2023-12-08,46.46,47.6,46.42,47.37,359224000,NVDA
2023-12-08,191.86,193.63,191.34,193.35,53406400,AAPL
2023-12-08,361.48,366.63,360.53,366.41,20154400,MSFT
2023-12-08,240.27,245.27,239.27,243.84,103126800,TSLA
2023-12-11,443.33,445.72,443.11,445.54,65002200,SPY
2023-12-11,47.35,47.39,45.7,46.49,509728000,NVDA
2023-12-11,190.78,191.16,189.11,190.85,60943700,AAPL
2023-12-11,360.78,363.83,358.45,363.54,27708800,MSFT
2023-12-11,242.74,243.44,237.45,239.74,97913900,TSLA
2023-12-12,445.2,447.68,444.2,447.58,68327600,SPY
2023-12-12,45.91,47.53,45.91,47.52,372387000,NVDA
2023-12-12,190.75,192.37,189.41,192.36,52696900,AAPL
2023-12-12,363.1,366.59,362.72,366.55,24838300,MSFT
2023-12-12,238.55,238.99,233.87,237.01,95328300,TSLA
2023-12-13,447.96,454.0,447.6,453.75,93278000,SPY
2023-12-13,47.49,48.45,47.47,47.95,447792000,NVDA
2023-12-13,192.74,195.62,192.5,195.58,70404200,AAPL
2023-12-13,368.16,369.75,363.02,366.54,30955500,MSFT
2023-12-13,234.19,240.3,228.2,239.29,146286300,TSLA
2023-12-14,455.68,456.87,452.55,455.21,119026000,SPY
2023-12-14,48.25,48.53,47.28,48.21,391232000,NVDA
2023-12-14,195.63,197.22,193.8,195.72,66831600,AAPL
2023-12-14,365.51,365.95,356.52,358.28,43277500,MSFT
2023-12-14,241.22,253.88,240.79,251.05,160829200,TSLA
2023-12-15,454.61,455.78,452.62,454.46,141553700,SPY
2023-12-15,48.05,49.26,47.98,48.75,479948000,NVDA
2023-12-15,195.15,196.01,194.63,195.19,128538400,AAPL
2023-12-15,359.18,364.62,358.62,362.98,78502300,MSFT
2023-12-15,251.21,254.13,248.3,253.5,135932800,TSLA
2023-12-18,456.06,457.99,455.0,457.01,70375300,SPY
2023-12-18,49.26,50.29,49.01,49.93,412587000,NVDA
2023-12-18,193.73,194.26,192.05,193.53,55751900,AAPL
2023-12-18,361.73,365.2,360.97,364.86,21802900,MSFT
2023-12-18,253.78,258.74,251.36,252.08,116416500,TSLA
2023-12-19,457.56,459.87,457.48,459.79,55761800,SPY
2023-12-19,49.28,49.56,48.75,49.46,464444000,NVDA
2023-12-19,193.8,194.58,193.53,194.57,40714100,AAPL
2023-12-19,363.72,365.46,362.11,365.46,20603700,MSFT
2023-12-19,253.48,258.34,253.01,257.22,106737400,TSLA
2023-12-20,458.94,460.82,453.0,453.42,102921000,SPY
2023-12-20,49.51,49.85,47.96,47.97,397894000,NVDA
2023-12-20,194.53,195.3,192.48,192.48,52242800,AAPL
2023-12-20,367.16,368.17,362.79,362.87,26316700,MSFT
2023-12-20,256.41,259.84,247.0,247.14,125097000,TSLA
2023-12-21,456.39,457.99,453.98,457.72,86667500,SPY
2023-12-21,48.67,48.95,48.28,48.85,300425000,NVDA
2023-12-21,193.74,194.71,191.17,192.34,46482500,AAPL
2023-12-21,364.77,366.58,362.31,365.73,17708000,MSFT
2023-12-21,251.9,254.8,248.55,254.5,109594200,TSLA
2023-12-22,458.84,460.32,456.75,458.64,67160400,SPY
2023-12-22,49.05,49.24,48.33,48.69,252507000,NVDA
2023-12-22,192.83,193.06,190.65,191.27,37149600,AAPL
2023-12-22,365.87,367.34,364.92,366.75,17107500,MSFT
2023-12-22,256.76,258.22,251.37,252.54,93370100,TSLA
2023-12-26,459.05,461.48,458.97,460.58,55387000,SPY
2023-12-26,48.83,49.46,48.82,49.14,244200000,NVDA
2023-12-26,191.28,191.55,190.51,190.72,28919300,AAPL
2023-12-26,367.16,369.06,365.69,366.83,12673100,MSFT
2023-12-26,254.49,257.97,252.91,256.61,86892400,TSLA
2023-12-27,460.37,461.56,459.84,461.41,68000300,SPY
2023-12-27,49.37,49.54,48.94,49.27,233648000,NVDA
2023-12-27,190.17,191.17,188.79,190.82,48087700,AAPL
2023-12-27,365.88,367.22,365.02,366.25,14905400,MSFT
2023-12-27,258.35,263.34,257.52,261.44,106494400,TSLA
2023-12-28,461.77,462.42,461.17,461.58,77158100,SPY
2023-12-28,49.5,49.74,49.27,49.38,246587000,NVDA
2023-12-28,191.8,192.32,190.84,191.25,34049900,AAPL
2023-12-28,367.52,368.59,366.34,367.44,14327000,MSFT
2023-12-28,263.66,265.13,252.71,253.18,113619900,TSLA
2023-12-29,461.39,461.91,458.3,460.25,122283100,SPY
2023-12-29,49.67,49.85,48.61,49.38,389293000,NVDA
2023-12-29,191.56,192.06,189.42,190.21,42672100,AAPL
2023-12-29,368.14,369.28,365.67,368.18,18730800,MSFT
2023-12-29,255.1,255.19,247.43,248.48,100891600,TSLA
2024-01-02,457.2,458.66,455.58,457.67,123623700,SPY
2024-01-02,49.1,49.15,47.46,48.03,411254000,NVDA
2024-01-02,184.9,186.17,181.68,183.4,82488700,AAPL
2024-01-02,366.05,368.04,359.1,363.12,25258600,MSFT
2024-01-02,250.08,251.25,244.41,248.42,104654200,TSLA
2024-01-03,455.52,456.26,453.33,453.94,103585900,SPY
2024-01-03,47.35,48.04,47.18,47.43,320896000,NVDA
2024-01-03,182.0,183.64,181.22,182.03,58414500,AAPL
2024-01-03,361.3,365.46,360.81,362.85,23083500,MSFT
2024-01-03,244.98,245.68,236.32,238.45,121082600,TSLA
2024-01-04,453.46,456.04,452.25,452.47,84232200,SPY
2024-01-04,47.63,48.36,47.37,47.86,306535000,NVDA
2024-01-04,179.96,180.88,178.7,179.72,71983600,AAPL
2024-01-04,362.92,365.3,359.5,360.25,20901500,MSFT
2024-01-04,239.25,242.7,237.73,237.93,102629300,TSLA
2024-01-05,452.68,455.53,451.65,453.09,86118900,SPY
2024-01-05,48.32,49.4,48.17,48.96,415039000,NVDA
2024-01-05,179.8,180.56,178.0,179.0,62379700,AAPL
2024-01-05,361.26,364.28,358.84,360.06,21004600,MSFT
2024-01-05,236.86,240.12,234.9,237.49,92488900,TSLA
2024-01-08,453.59,459.71,453.46,459.56,74879100,SPY
2024-01-08,49.37,52.12,49.34,52.1,642510000,NVDA
2024-01-08,179.9,183.36,179.31,183.32,59144500,AAPL
2024-01-08,361.58,367.36,361.3,366.86,23134000,MSFT
2024-01-08,236.14,241.25,235.3,240.45,85166600,TSLA
2024-01-09,456.92,459.88,456.41,458.86,65931400,SPY
2024-01-09,52.25,54.17,51.54,52.99,773100000,NVDA
2024-01-09,181.7,182.92,180.53,182.91,42841800,AAPL
2024-01-09,364.23,368.13,363.43,367.94,20830000,MSFT
2024-01-09,238.11,238.96,232.04,234.96,96705700,TSLA
2024-01-10,459.13,462.32,458.85,461.46,67310600,SPY
2024-01-10,53.46,54.44,53.33,54.19,533796000,NVDA
2024-01-10,182.13,184.15,181.7,183.95,46792900,AAPL
2024-01-10,368.5,376.14,368.45,374.77,25514200,MSFT
2024-01-10,235.1,235.5,231.29,233.94,91628500,TSLA
2024-01-11,462.46,462.97,457.3,461.26,77940700,SPY
2024-01-11,54.84,55.19,53.41,54.66,596759000,NVDA
2024-01-11,184.29,184.8,181.41,183.35,49128400,AAPL
2024-01-11,377.93,382.51,372.43,376.59,27850800,MSFT
2024-01-11,230.57,230.93,225.37,227.22,105873600,TSLA
2024-01-12,462.7,463.43,460.17,461.58,58026400,SPY
2024-01-12,54.46,54.81,54.17,54.55,352994000,NVDA
2024-01-12,183.82,184.49,182.96,183.68,40477800,AAPL
2024-01-12,377.43,380.56,376.61,380.35,21661200,MSFT
2024-01-12,220.08,225.34,217.15,218.89,123043800,TSLA
2024-01-16,460.2,461.51,458.07,459.88,85014900,SPY
2024-01-16,54.86,56.67,54.74,56.22,449580000,NVDA
2024-01-16,179.97,182.04,178.75,181.42,65603000,AAPL
2024-01-16,385.43,385.79,379.52,382.11,27202300,MSFT
2024-01-16,215.1,223.49,212.18,219.91,115355000,TSLA
2024-01-17,456.87,457.81,454.98,457.32,68843900,SPY
2024-01-17,56.18,56.31,54.58,55.89,474394000,NVDA
2024-01-17,179.09,180.73,178.13,180.48,47317400,AAPL
2024-01-17,379.87,381.96,376.77,381.33,22234100,MSFT
2024-01-17,214.86,215.67,212.01,215.55,103164400,TSLA
2024-01-18,458.99,461.94,457.45,461.39,91856200,SPY
2024-01-18,57.09,57.43,55.94,56.94,491650000,NVDA
2024-01-18,183.85,186.86,183.59,186.36,78005800,AAPL
2024-01-18,383.53,385.75,381.97,385.64,23392100,MSFT
2024-01-18,216.88,217.45,208.74,211.88,108595400,TSLA
2024-01-19,462.51,467.42,461.44,467.14,110834500,SPY
2024-01-19,57.82,59.33,57.06,59.32,543501000,NVDA
2024-01-19,187.05,189.64,186.55,189.25,68903000,AAPL
2024-01-19,387.49,390.34,385.27,390.34,29331100,MSFT
2024-01-19,209.99,213.19,207.56,212.19,102260300,TSLA
2024-01-22,468.67,469.84,467.48,468.13,75844900,SPY
2024-01-22,59.88,60.16,58.9,59.48,452955000,NVDA
2024-01-22,189.98,192.98,189.94,191.55,60133900,AAPL
2024-01-22,391.66,392.25,385.36,388.22,27016900,MSFT
2024-01-22,212.26,217.8,206.27,208.8,117952500,TSLA
2024-01-23,468.67,469.74,467.59,469.5,49945300,SPY
2024-01-23,59.4,59.74,58.42,59.7,294654000,NVDA
2024-01-23,192.67,193.39,191.5,192.83,42355600,AAPL
2024-01-23,387.48,391.03,385.7,390.56,20525900,MSFT
2024-01-23,211.3,215.65,207.75,209.14,106605900,TSLA
2024-01-24,472.35,473.28,469.52,470.01,81765000,SPY
2024-01-24,60.13,62.67,59.76,61.18,560271000,NVDA
2024-01-24,193.07,194.01,192.0,192.16,53631300,AAPL
2024-01-24,393.15,397.15,392.08,394.15,24867000,MSFT
2024-01-24,211.88,212.73,206.77,207.83,123369900,TSLA
2024-01-25,472.13,472.84,470.01,472.57,72525000,SPY
2024-01-25,62.17,62.54,60.67,61.44,482777000,NVDA
2024-01-25,192.87,193.91,190.78,191.83,54822100,AAPL
2024-01-25,395.87,398.5,394.12,396.41,21021200,MSFT
2024-01-25,189.7,193.0,180.06,182.63,198076800,TSLA
2024-01-26,472.14,473.62,471.12,471.97,76641600,SPY
2024-01-26,60.78,61.6,60.4,60.85,390309000,NVDA
2024-01-26,191.93,192.41,189.63,190.1,44594000,AAPL
2024-01-26,395.92,397.68,394.02,395.49,17803300,MSFT
2024-01-26,185.5,186.78,182.1,183.25,107343200,TSLA
2024-01-29,472.27,475.85,471.73,475.7,61322800,SPY
2024-01-29,61.06,62.31,60.73,62.28,348733000,NVDA
2024-01-29,189.7,189.89,187.3,189.42,47145600,AAPL
2024-01-29,397.57,401.41,395.88,401.16,24510200,MSFT
2024-01-29,185.63,191.48,183.67,190.93,125013100,TSLA
2024-01-30,475.02,476.04,474.58,475.33,58618400,SPY
2024-01-30,62.72,63.31,62.08,62.59,410735000,NVDA
2024-01-30,188.64,189.49,185.21,185.78,55859400,AAPL
2024-01-30,403.64,404.42,397.95,400.05,33477600,MSFT
2024-01-30,195.33,196.36,190.61,191.59,109982300,TSLA
2024-01-31,473.14,473.58,467.56,467.58,126011100,SPY
2024-01-31,61.26,62.09,60.52,61.35,453795000,NVDA
2024-01-31,184.79,184.85,182.13,182.18,55467800,AAPL
2024-01-31,398.45,406.64,388.91,389.27,47871100,MSFT
2024-01-31,187.0,193.97,185.85,187.29,103221400,TSLA
2024-02-01,469.27,473.73,468.47,473.7,91891600,SPY
2024-02-01,61.92,63.01,61.47,62.84,369146000,NVDA
2024-02-01,181.77,184.7,181.61,184.61,64885400,AAPL
2024-02-01,393.43,399.47,393.4,395.34,30657700,MSFT
2024-02-01,188.5,189.88,184.28,188.86,91843300,TSLA
2024-02-02,474.13,480.33,473.8,478.69,99228200,SPY
2024-02-02,63.79,66.41,63.51,65.97,476578000,NVDA
2024-02-02,177.69,185.07,177.09,183.61,102551700,AAPL
2024-02-02,395.37,404.02,395.12,402.62,28256700,MSFT
2024-02-02,185.04,188.69,182.0,187.91,110612700,TSLA
2024-02-05,478.06,478.71,474.7,476.94,75757100,SPY
2024-02-05,68.03,69.3,67.01,69.13,680078000,NVDA
2024-02-05,185.88,186.97,183.6,185.42,69668800,AAPL
2024-02-05,401.33,402.57,395.55,397.17,25352300,MSFT
2024-02-05,184.26,184.68,175.01,181.06,134294400,TSLA
2024-02-06,477.88,478.66,476.46,478.33,55918600,SPY
2024-02-06,69.43,69.55,66.11,68.03,683111000,NVDA
2024-02-06,184.61,187.03,184.52,187.02,43490800,AAPL
2024-02-06,397.4,399.44,394.49,397.01,18382600,MSFT
2024-02-06,177.21,186.49,177.11,185.1,122676000,TSLA
2024-02-07,480.56,482.73,479.66,482.32,70556500,SPY
2024-02-07,68.12,70.02,67.4,69.9,495575000,NVDA
2024-02-07,188.34,188.75,186.34,187.13,53439000,AAPL
2024-02-07,398.92,405.64,398.88,405.4,22340500,MSFT
2024-02-07,188.18,189.79,182.68,187.58,111535200,TSLA
2024-02-08,482.32,482.91,481.5,482.53,52343600,SPY
2024-02-08,69.87,70.59,69.25,69.44,414422000,NVDA
2024-02-08,187.11,187.26,185.09,186.05,40962000,AAPL
2024-02-08,405.4,406.87,403.91,405.45,21225300,MSFT
2024-02-08,189.0,191.62,185.58,189.56,83034000,TSLA
2024-02-09,483.03,485.75,482.69,485.32,63979400,SPY
2024-02-09,70.33,71.98,70.01,71.92,436637000,NVDA
2024-02-09,186.62,187.94,185.97,186.81,45155200,AAPL
2024-02-09,406.57,412.02,406.41,411.76,22032800,MSFT
2024-02-09,190.18,194.12,189.48,193.57,84476300,TSLA
2024-02-12,485.29,487.55,484.39,485.11,56502300,SPY
2024-02-12,72.39,74.4,71.04,72.04,613710000,NVDA
2024-02-12,186.39,186.64,184.78,185.13,41781900,AAPL
2024-02-12,411.77,411.95,406.08,406.58,21202900,MSFT
2024-02-12,192.11,194.73,187.28,188.13,95498600,TSLA
2024-02-13,478.86,481.34,475.17,478.42,113099200,SPY
2024-02-13,70.2,73.24,69.42,71.92,602580000,NVDA
2024-02-13,183.77,184.2,181.53,183.04,56529500,AAPL
2024-02-13,396.48,401.5,394.96,397.83,27824900,MSFT
2024-02-13,183.99,187.26,182.11,184.02,86759500,TSLA
2024-02-14,481.05,483.26,478.73,482.77,68387800,SPY
2024-02-14,72.99,74.02,71.73,73.69,504917000,NVDA
2024-02-14,183.32,183.53,180.47,182.16,54630500,AAPL
2024-02-14,400.28,402.02,396.85,401.67,20401200,MSFT
2024-02-14,185.3,188.89,183.35,188.71,81203000,TSLA
2024-02-15,483.47,486.29,482.99,486.1,61683000,SPY
2024-02-15,73.66,73.76,72.19,72.45,420122000,NVDA
2024-02-15,181.57,182.5,179.39,181.88,65434500,AAPL
2024-02-15,400.35,401.32,396.57,398.8,21825500,MSFT
2024-02-15,189.16,200.88,188.86,200.45,120831800,TSLA
2024-02-16,485.8,486.94,482.95,483.68,75532900,SPY
2024-02-16,73.89,74.19,72.29,72.4,495327000,NVDA
2024-02-16,181.44,182.86,179.71,180.34,49752500,AAPL
2024-02-16,400.17,400.5,395.74,396.35,22296500,MSFT
2024-02-16,202.06,203.17,197.4,199.95,111346700,TSLA
2024-02-20,481.95,482.62,478.78,481.02,71736700,SPY
2024-02-20,71.74,71.75,67.54,69.25,704833000,NVDA
2024-02-20,179.83,180.46,178.06,179.6,53665600,AAPL
2024-02-20,395.54,396.77,390.41,395.1,24307900,MSFT
2024-02-20,196.13,198.6,189.13,193.76,104545800,TSLA
2024-02-21,479.72,481.61,477.92,481.45,59293400,SPY
2024-02-21,67.81,68.69,66.06,67.28,673755000,NVDA
2024-02-21,179.98,180.92,178.71,180.35,41371400,AAPL
2024-02-21,392.53,394.61,389.64,394.5,18518900,MSFT
2024-02-21,193.36,199.44,191.95,194.77,103500300,TSLA
2024-02-22,488.04,492.38,487.08,491.42,76402500,SPY
2024-02-22,74.81,78.35,74.01,78.31,865100000,NVDA
2024-02-22,181.5,182.97,180.49,182.38,52292200,AAPL
2024-02-22,402.36,404.95,400.77,403.79,27009900,MSFT
2024-02-22,194.0,198.32,191.36,197.41,92739500,TSLA
2024-02-23,493.13,493.97,491.03,491.76,61321800,SPY
2024-02-23,80.56,82.16,77.35,78.59,829388000,NVDA
2024-02-23,183.01,183.04,180.26,180.55,45119700,AAPL
2024-02-23,407.73,407.92,401.16,402.51,16295900,MSFT
2024-02-23,195.31,197.57,191.5,191.97,78841900,TSLA
2024-02-26,492.19,492.63,489.83,489.96,50386700,SPY
2024-02-26,79.47,80.41,78.28,78.86,503973000,NVDA
2024-02-26,180.27,180.79,178.7,179.21,40867400,AAPL
2024-02-26,403.6,404.29,399.58,399.76,16193500,MSFT
2024-02-26,192.29,201.78,192.0,199.4,111747100,TSLA
2024-02-27,490.64,491.09,488.76,490.87,48854500,SPY
2024-02-27,79.15,79.25,76.94,78.47,391705000,NVDA
2024-02-27,179.15,181.94,177.62,180.66,54318900,AAPL
2024-02-27,400.2,400.52,396.14,399.7,14835800,MSFT
2024-02-27,204.04,205.6,198.26,199.73,108645400,TSLA
2024-02-28,489.32,490.8,488.96,490.22,56506600,SPY
2024-02-28,77.4,78.7,76.9,77.44,393110000,NVDA
2024-02-28,180.54,181.15,178.19,179.46,48953900,AAPL
2024-02-28,400.39,401.49,397.58,399.94,13183100,MSFT
2024-02-28,200.42,205.3,198.44,202.04,99806200,TSLA
2024-02-29,491.97,493.59,489.34,491.98,83924800,SPY
2024-02-29,78.87,79.76,78.12,78.88,507289000,NVDA
2024-02-29,179.32,180.6,177.59,178.8,136682600,AAPL
2024-02-29,400.84,406.29,398.17,405.74,31947300,MSFT
2024-02-29,204.18,205.28,198.45,201.88,85907000,TSLA
2024-03-01,492.85,497.02,492.44,496.6,76844800,SPY
2024-03-01,79.77,82.06,79.21,82.04,479135000,NVDA
2024-03-01,177.61,178.58,175.47,177.72,73563100,AAPL
2024-03-01,403.42,407.93,403.04,407.57,17823400,MSFT
2024-03-01,200.52,204.52,198.5,202.64,82243100,TSLA
2024-03-04,495.8,497.91,495.78,496.07,49799300,SPY
2024-03-04,83.89,87.44,83.48,84.99,615616000,NVDA
2024-03-04,174.25,174.99,171.92,173.21,81510100,AAPL
2024-03-04,405.55,409.38,404.45,407.0,17596000,MSFT
2024-03-04,198.73,199.75,186.72,188.14,134334900,TSLA
2024-03-05,494.07,494.52,488.91,491.11,72855600,SPY
2024-03-05,85.03,85.85,83.18,85.72,520639000,NVDA
2024-03-05,168.92,170.18,167.79,168.29,95132400,AAPL
2024-03-05,406.06,406.34,392.99,394.96,26919200,MSFT
2024-03-05,183.05,184.59,177.57,180.74,119660800,TSLA
2024-03-06,494.37,495.84,492.31,493.6,68382400,SPY
2024-03-06,87.77,89.47,86.78,88.45,582520000,NVDA
2024-03-06,169.22,169.39,166.86,167.3,68587700,AAPL
2024-03-06,395.28,397.42,390.78,394.41,22344100,MSFT
2024-03-06,179.99,181.58,173.7,176.54,107920900,TSLA
2024-03-07,496.88,499.54,493.66,498.5,58652100,SPY
2024-03-07,89.9,92.5,89.35,92.41,608119000,NVDA
2024-03-07,167.33,168.89,166.67,167.18,71765100,AAPL
2024-03-07,398.37,401.96,394.56,401.33,18718500,MSFT
2024-03-07,174.35,180.04,173.7,178.65,102129000,TSLA
2024-03-08,499.13,501.8,494.93,495.5,86532500,SPY
2024-03-08,94.87,97.12,86.26,87.28,1142269000,NVDA
2024-03-08,167.18,171.83,167.12,168.89,76267000,AAPL
2024-03-08,400.17,402.58,396.61,398.46,18002200,MSFT
2024-03-08,181.5,182.73,174.7,175.34,85544600,TSLA
2024-03-11,494.3,495.66,492.39,495.08,62557200,SPY
2024-03-11,86.18,88.54,83.93,85.53,678364000,NVDA
2024-03-11,171.07,172.5,170.19,170.89,60139500,AAPL
2024-03-11,396.05,397.93,393.6,396.8,16120800,MSFT
2024-03-11,175.45,182.87,174.8,177.77,85391500,TSLA
2024-03-12,497.18,500.99,494.67,500.4,73114400,SPY
2024-03-12,87.8,91.7,85.91,91.65,668075000,NVDA
2024-03-12,171.28,172.15,169.17,171.36,59825400,AAPL
2024-03-12,399.84,407.64,399.02,407.35,22457000,MSFT
2024-03-12,177.77,179.43,172.41,177.54,87391700,TSLA
2024-03-13,500.72,500.9,498.19,499.62,55104100,SPY
2024-03-13,90.8,91.24,88.18,90.63,635713000,NVDA
2024-03-13,170.91,171.32,168.92,169.28,52488700,AAPL
2024-03-13,410.12,410.2,403.59,407.17,17115900,MSFT
2024-03-13,173.05,176.05,169.15,169.48,106524500,TSLA
2024-03-14,500.59,500.74,495.6,498.63,110171800,SPY
2024-03-14,89.32,90.39,86.35,87.69,602318000,NVDA
2024-03-14,171.05,172.43,170.19,171.13,72913500,AAPL
2024-03-14,412.22,419.65,410.01,417.1,34157300,MSFT
2024-03-14,167.77,171.17,160.51,162.5,126325700,TSLA
2024-03-15,495.58,497.02,493.55,495.21,107646300,SPY
2024-03-15,86.68,89.29,86.01,87.59,642086000,NVDA
2024-03-15,169.32,170.76,168.45,170.76,121752700,AAPL
2024-03-15,411.29,414.53,404.91,408.47,45079900,MSFT
2024-03-15,163.16,165.18,160.76,163.57,97146800,TSLA
2024-03-18,499.26,500.7,497.74,498.15,88893300,SPY
2024-03-18,90.13,92.14,86.84,88.2,668976000,NVDA
2024-03-18,173.68,175.79,171.65,171.85,75604200,AAPL
2024-03-18,406.34,412.7,405.88,409.35,20106000,MSFT
2024-03-18,170.02,174.72,165.9,173.8,108214400,TSLA
2024-03-19,497.46,501.2,496.46,500.92,60755300,SPY
2024-03-19,86.45,90.29,84.77,89.14,672171000,NVDA
2024-03-19,172.46,174.71,171.16,174.18,55215200,AAPL
2024-03-19,409.85,413.62,407.62,413.36,19837900,MSFT
2024-03-19,172.36,172.82,167.42,171.32,77271400,TSLA
2024-03-20,500.98,505.69,500.31,505.55,69594600,SPY
2024-03-20,89.54,90.15,87.97,90.12,479063000,NVDA
2024-03-20,173.83,176.74,173.2,176.74,53423100,AAPL
2024-03-20,413.94,417.83,412.63,417.11,17860100,MSFT
2024-03-20,173.0,176.25,170.82,175.66,83846700,TSLA
2024-03-21,508.38,509.08,506.94,507.22,60256100,SPY
2024-03-21,92.04,92.38,90.15,91.18,480372000,NVDA
2024-03-21,175.14,175.58,169.0,169.52,106181300,AAPL
2024-03-21,421.62,422.59,419.0,421.17,21296200,MSFT
2024-03-21,176.39,178.18,171.8,172.82,73178000,TSLA
2024-03-22,507.14,507.62,506.03,506.26,79070800,SPY
2024-03-22,90.88,94.51,90.58,94.02,586719000,NVDA
2024-03-22,169.91,171.18,168.23,170.42,71160100,AAPL
2024-03-22,421.5,421.65,417.94,420.55,17648500,MSFT
2024-03-22,166.69,171.2,166.3,170.83,75580600,TSLA
2024-03-25,504.89,506.01,504.71,504.86,48512100,SPY
2024-03-25,93.67,96.49,93.24,94.73,552136000,NVDA
2024-03-25,168.73,170.09,167.62,169.01,54288300,AAPL
2024-03-25,417.12,419.25,413.56,414.79,18060500,MSFT
2024-03-25,168.76,175.24,168.73,172.63,74228600,TSLA
2024-03-26,506.28,506.62,503.53,503.93,65463700,SPY
2024-03-26,95.58,96.1,92.24,92.3,513648000,NVDA
2024-03-26,168.17,169.57,167.75,167.88,57388400,AAPL
2024-03-26,417.48,417.86,413.31,413.6,16725600,MSFT
2024-03-26,178.58,184.25,177.38,177.67,113186200,TSLA
2024-03-27,506.75,508.2,504.59,508.17,82999800,SPY
2024-03-27,92.85,92.97,88.87,89.99,586067000,NVDA
2024-03-27,168.57,171.73,168.28,171.44,60273300,AAPL
2024-03-27,416.34,416.35,411.01,413.38,16705000,MSFT
2024-03-27,181.41,181.91,176.0,179.83,81804000,TSLA
2024-03-28,508.2,509.56,507.79,508.07,96294900,SPY
2024-03-28,89.74,91.04,88.94,90.1,435212000,NVDA
2024-03-28,169.9,170.37,168.67,169.63,65672700,AAPL
2024-03-28,412.92,413.82,411.12,412.69,21871200,MSFT
2024-03-28,177.45,179.57,175.3,175.79,77654800,TSLA
2024-04-01,508.81,509.34,506.03,507.18,62477500,SPY
2024-04-01,90.04,91.96,88.95,90.11,452441000,NVDA
2024-04-01,169.34,169.4,167.65,168.2,46240500,AAPL
2024-04-01,415.86,419.72,414.16,416.46,16316000,MSFT
2024-04-01,176.17,176.75,170.21,175.22,81562100,TSLA
2024-04-02,503.38,504.1,501.67,503.96,74230300,SPY
2024-04-02,88.2,89.84,87.37,89.2,433064000,NVDA
2024-04-02,167.26,167.51,166.42,167.02,49329500,AAPL
2024-04-02,412.09,414.32,409.86,413.39,17912000,MSFT
2024-04-02,164.75,167.69,163.43,166.63,116650600,TSLA
2024-04-03,502.87,506.01,502.82,504.51,59155800,SPY
2024-04-03,88.23,90.12,88.15,88.71,370067000,NVDA
2024-04-03,166.97,168.84,166.76,167.82,47691700,AAPL
2024-04-03,411.72,415.18,411.09,412.42,16502300,MSFT
2024-04-03,164.02,168.82,163.28,168.38,82950100,TSLA
2024-04-04,508.51,508.85,498.05,498.36,96858100,SPY
2024-04-04,90.15,90.38,85.64,85.66,434965000,NVDA
2024-04-04,168.45,170.07,167.0,167.0,53704400,AAPL
2024-04-04,416.88,420.49,409.6,409.9,19370900,MSFT
2024-04-04,170.07,177.19,168.01,171.11,123162000,TSLA
2024-04-05,499.71,505.51,499.27,503.56,74546500,SPY
2024-04-05,86.62,88.23,85.68,87.76,399678000,NVDA
2024-04-05,167.76,168.55,167.13,167.75,42104800,AAPL
2024-04-05,411.99,418.37,410.33,417.4,16554800,MSFT
2024-04-05,169.08,170.86,160.51,164.9,143157600,TSLA
2024-04-08,504.26,505.26,503.04,503.84,48401800,SPY
2024-04-08,88.45,88.58,86.49,86.89,283220000,NVDA
2024-04-08,167.21,167.38,166.43,166.63,37425500,AAPL
2024-04-08,417.05,419.12,415.22,416.48,14272400,MSFT
2024-04-08,169.34,174.5,167.79,172.98,104423300,TSLA
2024-04-09,505.57,505.82,499.6,504.43,68049200,SPY
2024-04-09,87.19,87.39,82.79,85.11,501700000,NVDA
2024-04-09,166.88,168.25,166.53,167.84,42373800,AAPL
2024-04-09,418.3,419.57,413.57,418.14,12496900,MSFT
2024-04-09,172.91,179.22,171.92,176.88,102951700,TSLA
2024-04-10,498.75,501.36,497.4,499.38,82652800,SPY
2024-04-10,83.69,87.15,83.47,86.79,431929000,NVDA
2024-04-10,166.98,167.27,165.31,165.97,49709300,AAPL
2024-04-10,414.13,415.93,411.69,415.18,16216600,MSFT
2024-04-10,173.04,174.93,170.01,171.76,84532400,TSLA
2024-04-11,500.89,504.58,497.39,503.14,70099000,SPY
2024-04-11,87.17,90.48,86.68,90.36,431637000,NVDA
2024-04-11,166.52,173.57,166.35,173.15,91070300,AAPL
2024-04-11,417.69,421.17,414.3,419.76,17966400,MSFT
2024-04-11,172.55,175.88,168.51,174.6,94516000,TSLA
2024-04-12,499.62,501.03,494.48,496.2,92561100,SPY
2024-04-12,89.44,89.92,87.28,87.94,426805000,NVDA
2024-04-12,172.38,176.44,172.33,174.65,101670900,AAPL
2024-04-12,415.95,417.06,411.76,413.85,19253800,MSFT
2024-04-12,172.34,173.81,170.36,171.05,64722700,TSLA
2024-04-15,500.36,500.52,489.14,489.98,92101400,SPY
2024-04-15,88.84,90.36,85.68,85.76,443077000,NVDA
2024-04-15,173.47,174.73,170.64,170.83,73531800,AAPL
2024-04-15,418.46,418.67,405.54,405.74,20273500,MSFT
2024-04-15,170.24,170.69,161.38,161.48,100245300,TSLA
2024-04-16,490.46,491.97,487.81,489.09,73484000,SPY
2024-04-16,86.19,87.87,85.82,87.17,370453000,NVDA
2024-04-16,169.9,171.89,166.46,167.55,73711200,AAPL
2024-04-16,406.66,410.41,405.83,406.66,16765600,MSFT
2024-04-16,156.74,158.19,153.75,157.11,97000000,TSLA
2024-04-17,491.54,491.7,484.81,486.19,75910300,SPY
2024-04-17,88.09,88.52,83.71,83.8,495400000,NVDA
2024-04-17,167.78,168.81,166.19,166.19,50901200,AAPL
2024-04-17,409.28,410.88,402.5,403.98,15855500,MSFT
2024-04-17,157.64,158.33,153.78,155.45,82439700,TSLA
2024-04-18,487.58,489.67,484.26,485.19,74548100,SPY
2024-04-18,84.73,85.94,82.17,84.43,447260000,NVDA
2024-04-18,166.22,166.82,164.75,165.24,43122900,AAPL
2024-04-18,402.79,404.03,396.24,396.55,21029900,MSFT
2024-04-18,151.25,152.2,148.7,149.93,96098800,TSLA
2024-04-19,485.12,486.11,479.7,480.96,102212600,SPY
2024-04-19,82.91,84.08,75.39,75.98,875198000,NVDA
2024-04-19,164.42,164.61,162.31,163.22,68149400,AAPL
2024-04-19,396.32,397.74,390.18,391.5,30565800,MSFT
2024-04-19,148.97,150.94,146.22,147.05,87074500,TSLA
2024-04-22,483.55,487.97,481.22,485.39,67961000,SPY
2024-04-22,77.88,79.85,76.18,79.29,596341000,NVDA
2024-04-22,163.74,165.46,162.99,164.05,48116400,AAPL
2024-04-22,392.44,395.16,388.19,393.3,20286900,MSFT
2024-04-22,140.56,144.44,138.8,142.05,107097600,TSLA
2024-04-23,487.39,491.58,485.2,491.15,64633600,SPY
2024-04-23,80.54,82.53,80.04,82.19,438559000,NVDA
2024-04-23,163.57,165.25,163.14,165.1,49537800,AAPL
2024-04-23,396.52,400.41,395.36,399.79,15734500,MSFT
2024-04-23,143.33,147.26,141.11,144.68,124545100,TSLA
2024-04-24,492.03,492.82,488.7,490.92,55928100,SPY
2024-04-24,83.71,83.84,78.96,79.45,512208000,NVDA
2024-04-24,164.74,167.47,164.42,167.2,48251800,AAPL
2024-04-24,401.74,404.6,399.01,401.25,15065300,MSFT
2024-04-24,162.84,167.97,157.51,162.13,181178000,TSLA
2024-04-25,484.86,489.81,483.22,489.05,69122400,SPY
2024-04-25,78.64,83.09,78.0,82.4,424641000,NVDA
2024-04-25,167.7,168.77,166.34,168.06,50558300,AAPL
2024-04-25,386.51,392.26,380.62,391.42,40586500,MSFT
2024-04-25,158.96,170.88,158.36,170.18,126427500,TSLA
2024-04-26,491.83,495.26,491.2,493.68,64306100,SPY
2024-04-26,83.58,88.08,83.15,87.49,551011000,NVDA
2024-04-26,168.05,169.49,167.36,167.47,44838400,AAPL
2024-04-26,404.3,405.12,398.01,398.56,29694700,MSFT
2024-04-26,168.85,172.12,166.37,168.29,109815700,TSLA
2024-04-29,495.46,496.1,492.7,495.43,46415400,SPY
2024-04-29,87.35,87.74,85.02,87.51,388971000,NVDA
2024-04-29,171.5,174.13,171.23,171.63,68169400,AAPL
2024-04-29,397.51,398.56,391.57,394.57,19582100,MSFT
2024-04-29,188.42,198.87,184.54,194.05,243869700,TSLA
2024-04-30,493.97,494.95,487.58,487.58,77483600,SPY
2024-04-30,86.99,88.57,86.05,86.16,363709000,NVDA
2024-04-30,171.46,173.1,168.17,168.49,65934800,AAPL
2024-04-30,393.82,394.48,381.74,381.9,28781400,MSFT
2024-04-30,186.98,190.95,182.84,183.28,127031800,TSLA
2024-05-01,487.0,493.62,485.53,486.0,80242800,SPY
2024-05-01,84.84,85.76,81.02,82.8,559863000,NVDA
2024-05-01,167.75,170.85,167.29,167.47,50383100,AAPL
2024-05-01,385.11,394.05,382.86,387.4,23562500,MSFT
2024-05-01,182.0,185.86,179.01,179.99,92829700,TSLA
2024-05-02,489.69,491.38,485.22,490.55,62550200,SPY
2024-05-02,84.21,85.99,82.96,85.57,377898000,NVDA
2024-05-02,170.65,171.55,169.05,171.16,94214900,AAPL
2024-05-02,390.07,392.29,387.12,390.24,17709400,MSFT
2024-05-02,182.86,184.6,176.02,180.01,89148000,TSLA
2024-05-03,496.5,497.85,493.97,496.63,72756700,SPY
2024-05-03,87.54,89.03,86.79,88.54,398341000,NVDA
2024-05-03,184.64,184.98,180.69,181.4,163224100,AAPL
2024-05-03,394.6,399.38,394.19,398.9,17446700,MSFT
2024-05-03,182.1,184.78,178.42,181.19,75491500,TSLA
2024-05-06,499.02,501.79,498.58,501.76,47264700,SPY
2024-05-06,89.14,91.96,88.8,91.88,376203000,NVDA
2024-05-06,180.38,182.21,178.47,179.75,78569700,AAPL
2024-05-06,400.96,406.03,398.61,405.64,16996600,MSFT
2024-05-06,183.8,187.56,182.2,184.76,84390300,TSLA
2024-05-07,502.72,503.7,501.64,502.31,52561300,SPY
2024-05-07,90.84,91.52,88.76,90.3,437342000,NVDA
2024-05-07,181.47,182.91,179.36,180.43,77305800,AAPL
2024-05-07,406.74,406.75,401.28,401.52,20018200,MSFT
2024-05-07,182.4,183.26,177.4,177.81,75045900,TSLA
2024-05-08,500.48,502.89,500.37,502.36,42047200,SPY
2024-05-08,89.23,90.93,89.17,90.15,325721000,NVDA
2024-05-08,180.88,181.1,179.49,180.77,45057100,AAPL
2024-05-08,400.38,404.36,398.95,402.7,11792300,MSFT
2024-05-08,171.59,176.06,170.15,174.72,79969500,TSLA
2024-05-09,502.54,505.29,501.89,505.25,43643700,SPY
2024-05-09,90.27,90.81,87.98,88.49,378013000,NVDA
2024-05-09,180.59,182.67,180.15,182.58,48983000,AAPL
2024-05-09,402.73,404.84,401.29,404.45,14689700,MSFT
2024-05-09,175.01,175.62,171.37,171.97,65950300,TSLA
2024-05-10,506.84,507.65,504.69,505.9,52233200,SPY
2024-05-10,90.05,91.14,88.97,89.62,335325000,NVDA
2024-05-10,183.15,183.34,180.41,181.32,50759500,AAPL
2024-05-10,405.06,407.45,403.94,406.82,13402300,MSFT
2024-05-10,173.05,173.06,167.75,168.47,72627200,TSLA
2024-05-13,507.57,507.68,504.83,505.97,36716400,SPY
2024-05-13,90.22,90.74,88.28,90.14,289680000,NVDA
2024-05-13,183.69,185.33,182.88,184.52,72044800,AAPL
2024-05-13,410.03,410.36,402.98,405.82,15440200,MSFT
2024-05-13,170.0,175.4,169.0,171.89,67018900,TSLA
2024-05-14,506.16,508.81,505.63,508.29,57535900,SPY
2024-05-14,89.34,91.39,88.68,91.1,296507000,NVDA
2024-05-14,185.74,186.52,184.53,185.66,52393600,AAPL
2024-05-14,404.15,409.52,403.69,408.61,15109300,MSFT
2024-05-14,174.5,179.49,174.07,177.55,86407400,TSLA
2024-05-15,510.75,514.88,510.12,514.59,59504900,SPY
2024-05-15,92.21,94.59,91.34,94.36,417735000,NVDA
2024-05-15,186.14,188.85,185.6,187.93,70400000,AAPL
2024-05-15,410.66,416.47,410.04,415.75,22239500,MSFT
2024-05-15,179.9,180.0,173.11,173.99,79663000,TSLA
2024-05-16,514.68,516.28,513.38,513.53,50244800,SPY
2024-05-16,94.64,95.55,93.84,94.09,323952000,NVDA
2024-05-16,188.67,189.3,187.87,188.05,52845200,AAPL
2024-05-16,414.49,418.05,413.07,413.7,17530100,MSFT
2024-05-16,174.1,175.79,171.43,174.84,59812200,TSLA
2024-05-17,513.64,514.33,512.2,514.27,59187600,SPY
2024-05-17,94.1,94.47,91.54,92.22,359691000,NVDA
2024-05-17,187.72,189.01,187.39,188.08,41282900,AAPL
2024-05-17,415.22,415.59,410.79,412.93,15352200,MSFT
2024-05-17,173.55,179.63,172.75,177.46,77445800,TSLA
2024-05-20,514.38,516.32,513.99,514.86,37764200,SPY
2024-05-20,93.48,94.93,93.17,94.51,318764000,NVDA
2024-05-20,187.54,190.11,187.23,189.24,44361300,AAPL
2024-05-20,412.93,419.38,412.71,417.97,16272100,MSFT
2024-05-20,177.56,177.75,173.52,174.95,61727400,TSLA
2024-05-21,514.1,516.28,513.9,516.12,33437000,SPY
2024-05-21,93.33,95.13,92.92,95.11,328946000,NVDA
2024-05-21,189.29,190.91,189.12,190.53,42309400,AAPL
2024-05-21,419.44,425.47,417.49,421.61,21453300,MSFT
2024-05-21,175.51,186.88,174.71,186.6,115266500,TSLA
2024-05-22,515.43,516.14,512.47,514.63,48390000,SPY
2024-05-22,95.19,95.75,92.98,94.68,548648000,NVDA
2024-05-22,190.45,191.0,188.47,189.1,34648500,AAPL
2024-05-22,422.64,424.92,419.73,423.06,18073700,MSFT
2024-05-22,182.85,183.8,178.12,180.11,88313500,TSLA
2024-05-23,517.68,517.78,509.67,510.88,57211200,SPY
2024-05-23,101.74,106.02,101.23,103.5,835065000,NVDA
2024-05-23,189.18,189.2,184.87,185.12,51005900,AAPL
2024-05-23,425.47,426.09,418.05,419.6,17211700,MSFT
2024-05-23,181.8,181.9,173.26,173.74,71975500,TSLA
2024-05-24,512.71,515.06,511.77,514.26,41291100,SPY
2024-05-24,104.15,106.17,102.71,106.17,429494000,NVDA
2024-05-24,187.04,188.78,186.26,188.19,36327000,AAPL
2024-05-24,419.79,423.59,417.06,422.71,11855300,MSFT
2024-05-24,174.84,180.08,173.73,179.24,65584500,TSLA
2024-05-28,515.06,515.3,511.99,514.62,36269600,SPY
2024-05-28,109.93,114.61,109.57,113.58,652728000,NVDA
2024-05-28,189.7,191.18,187.31,188.2,52280100,AAPL
2024-05-28,422.19,423.36,419.21,422.87,15718000,MSFT
2024-05-28,176.4,178.25,173.16,176.75,59736600,TSLA
2024-05-29,510.6,512.19,510.3,511.01,45190300,SPY
2024-05-29,112.73,115.16,110.59,114.5,557442000,NVDA
2024-05-29,187.82,190.43,187.72,188.49,53068000,AAPL
2024-05-29,418.32,423.48,418.32,421.74,15517100,MSFT
2024-05-29,174.19,178.15,173.93,176.19,54782600,TSLA
2024-05-30,509.48,510.14,506.38,507.62,46377600,SPY
2024-05-30,114.32,115.49,109.35,110.19,484553000,NVDA
2024-05-30,188.96,190.37,188.83,189.48,49889100,AAPL
2024-05-30,416.95,416.95,407.06,407.49,28394500,MSFT
2024-05-30,178.58,182.67,175.38,178.79,77618400,TSLA
2024-05-31,508.57,512.37,503.49,512.25,90785800,SPY
2024-05-31,112.2,112.4,106.64,109.32,613263000,NVDA
2024-05-31,189.63,190.75,188.12,190.43,75158300,AAPL
2024-05-31,409.53,409.53,397.5,407.94,47995300,MSFT
2024-05-31,178.5,180.32,173.82,178.08,67314600,TSLA
2024-06-03,513.85,514.13,507.61,512.66,46835700,SPY
2024-06-03,113.3,114.67,111.68,114.67,438392000,NVDA
2024-06-03,191.08,193.15,190.7,192.2,50080500,AAPL
2024-06-03,408.33,409.22,401.84,406.36,17484700,MSFT
2024-06-03,178.13,182.64,174.49,176.29,68568900,TSLA
2024-06-04,511.36,513.97,509.9,513.24,34632700,SPY
2024-06-04,115.39,116.27,113.72,116.11,403324000,NVDA
2024-06-04,192.8,193.48,191.21,192.51,47471400,AAPL
2024-06-04,405.29,409.23,402.58,408.86,14348900,MSFT
2024-06-04,174.78,177.76,174.0,174.77,60056300,TSLA
2024-06-05,515.55,519.36,513.57,519.34,47610400,SPY
2024-06-05,118.03,122.1,117.13,122.09,528402000,NVDA
2024-06-05,193.55,195.04,193.03,194.02,54156800,AAPL
2024-06-05,410.57,416.73,409.09,416.67,16988000,MSFT
2024-06-05,175.35,176.15,172.13,175.0,57953800,TSLA
2024-06-06,519.64,520.06,517.4,519.33,30808500,SPY
2024-06-06,123.7,125.23,117.98,120.65,664696000,NVDA
2024-06-06,193.84,194.64,192.34,192.64,41181800,AAPL
2024-06-06,416.67,417.94,413.29,417.17,14861300,MSFT
2024-06-06,174.6,179.73,172.73,177.94,69887000,TSLA
2024-06-07,518.35,521.49,517.27,518.69,43224500,SPY
2024-06-07,119.43,121.35,117.69,120.54,412386000,NVDA
2024-06-07,192.81,195.08,192.31,195.03,53103900,AAPL
2024-06-07,418.82,418.9,415.67,416.51,13621700,MSFT
2024-06-07,176.13,179.35,175.58,177.48,56244900,TSLA
2024-06-10,517.89,520.62,517.3,520.3,35686100,SPY
2024-06-10,120.03,122.75,116.68,121.44,313434100,NVDA
2024-06-10,195.04,195.44,190.34,191.3,97010200,AAPL
2024-06-10,417.34,420.66,416.55,420.46,13982900,MSFT
2024-06-10,176.06,178.57,173.17,173.79,50774600,TSLA
2024-06-11,518.75,521.61,516.79,521.55,36383400,SPY
2024-06-11,121.43,122.53,118.41,120.58,222551200,NVDA
2024-06-11,191.82,205.2,191.8,205.19,172373300,AAPL
2024-06-11,418.11,425.32,417.88,425.18,14551100,MSFT
2024-06-11,173.92,174.75,167.41,170.66,64761900,TSLA
2024-06-12,526.1,528.51,524.8,525.83,63251300,SPY
2024-06-12,122.72,126.53,122.23,124.85,299595000,NVDA
2024-06-12,205.41,218.12,204.95,211.06,198134300,AAPL
2024-06-12,427.78,435.72,425.75,433.42,22366200,MSFT
2024-06-12,171.12,180.55,169.8,177.29,90389400,TSLA
2024-06-13,527.57,527.75,524.12,526.89,44760900,SPY
2024-06-13,129.03,129.44,126.81,129.25,260704500,NVDA
2024-06-13,212.71,214.7,209.6,212.22,97862700,AAPL
2024-06-13,433.21,435.71,431.76,433.93,15960600,MSFT
2024-06-13,188.39,191.08,181.23,182.47,118984100,TSLA
2024-06-14,525.37,527.24,524.37,527.21,40089900,SPY
2024-06-14,129.6,132.47,127.97,131.52,309320400,NVDA
2024-06-14,211.83,213.14,209.3,210.48,70122700,AAPL
2024-06-14,430.69,435.46,429.15,434.9,13582000,MSFT
2024-06-14,185.8,186.0,176.92,178.01,82038200,TSLA
2024-06-17,526.53,532.8,526.08,531.41,55839500,SPY
2024-06-17,132.62,133.36,129.22,130.62,288504400,NVDA
2024-06-17,211.36,216.88,210.71,214.62,93728300,AAPL
2024-06-17,434.92,443.13,433.09,440.6,20790000,MSFT
2024-06-17,177.92,188.81,177.0,187.44,109786100,TSLA
2024-06-18,531.47,532.89,531.05,532.76,41376400,SPY
2024-06-18,130.78,135.95,130.33,135.21,294335100,NVDA
2024-06-18,215.54,216.57,210.99,212.27,79943300,AAPL
2024-06-18,441.92,442.34,437.18,438.61,17112500,MSFT
2024-06-18,186.56,187.2,182.37,184.86,68982300,TSLA
2024-06-20,533.68,534.34,529.54,531.31,70328200,SPY
2024-06-20,139.41,140.37,129.16,130.42,517768400,NVDA
2024-06-20,211.91,212.22,206.88,207.7,86172500,AAPL
2024-06-20,438.57,438.8,433.63,437.98,19877400,MSFT
2024-06-20,184.68,185.21,179.66,181.57,55893100,TSLA
2024-06-21,530.49,531.71,529.15,530.6,64338600,SPY
2024-06-21,126.77,130.27,123.96,126.22,649445800,NVDA
2024-06-21,208.4,209.89,205.15,205.53,241805100,AAPL
2024-06-21,439.63,442.77,438.78,441.99,34187100,MSFT
2024-06-21,182.3,183.95,180.69,183.01,61937300,TSLA
2024-06-24,530.42,532.98,528.76,528.88,45528700,SPY
2024-06-24,122.9,124.12,117.71,117.78,476060900,NVDA
2024-06-24,205.76,210.69,204.64,206.17,80727000,AAPL
2024-06-24,442.01,444.91,438.68,439.92,15913700,MSFT
2024-06-24,184.97,188.8,182.55,182.58,61992100,TSLA
2024-06-25,530.09,531.27,528.58,530.91,37936200,SPY
2024-06-25,120.87,126.15,118.99,125.74,414192600,NVDA
2024-06-25,207.18,209.38,206.64,207.1,55549700,AAPL
2024-06-25,440.49,443.6,439.01,443.14,16413400,MSFT
2024-06-25,184.4,187.97,182.01,187.35,62905700,TSLA
2024-06-26,529.8,532.29,529.16,531.57,38550600,SPY
2024-06-26,125.78,127.77,122.26,126.05,362975900,NVDA
2024-06-26,209.5,212.83,208.65,211.24,66213200,AAPL
2024-06-26,441.22,445.74,440.43,444.33,16507000,MSFT
2024-06-26,186.54,197.76,186.36,196.37,95737100,TSLA
2024-06-27,531.44,532.99,530.7,532.41,35041500,SPY
2024-06-27,123.76,126.06,122.58,123.65,252571700,NVDA
2024-06-27,212.66,213.7,210.34,212.08,49772700,AAPL
2024-06-27,444.35,448.27,443.94,445.01,14806300,MSFT
2024-06-27,195.17,198.72,194.05,197.42,72746500,TSLA
2024-06-28,533.18,536.22,529.08,530.32,76144500,SPY
2024-06-28,124.24,127.36,122.41,123.2,315516700,NVDA
2024-06-28,213.73,214.03,208.31,208.63,82542700,AAPL
2024-06-28,445.22,447.49,438.68,439.21,28362300,MSFT
2024-06-28,199.55,203.2,195.26,197.88,95438100,TSLA
2024-07-01,531.69,531.94,528.66,531.41,40297800,SPY
2024-07-01,123.13,124.5,118.5,123.96,284885500,NVDA
2024-07-01,210.09,215.46,209.92,214.7,60402900,AAPL
2024-07-01,440.89,449.45,437.94,448.82,17662800,MSFT
2024-07-01,201.02,213.23,200.85,209.86,135691400,TSLA
2024-07-02,529.81,534.99,529.76,534.99,40434800,SPY
2024-07-02,120.8,123.07,120.7,122.33,218374000,NVDA
2024-07-02,214.11,218.3,213.07,218.19,58046200,AAPL
2024-07-02,445.35,451.63,445.26,451.32,13979800,MSFT
2024-07-02,218.89,231.3,218.06,231.26,205047900,TSLA
2024-07-03,534.67,537.73,534.63,537.37,32789900,SPY
2024-07-03,121.32,127.93,121.02,127.93,215749000,NVDA
2024-07-03,217.92,219.46,216.96,219.46,37369800,AAPL
2024-07-03,450.25,453.03,449.95,452.79,9932800,MSFT
2024-07-03,234.56,248.35,234.25,246.39,166561500,TSLA
2024-07-05,537.67,540.87,537.04,540.47,41488400,SPY
2024-07-05,127.03,128.49,125.33,125.48,214176700,NVDA
2024-07-05,219.56,224.31,219.56,224.2,60412400,AAPL
2024-07-05,451.65,460.24,451.02,459.46,16000300,MSFT
2024-07-05,249.81,252.37,242.46,251.52,154501200,TSLA
2024-07-08,541.25,542.04,540.03,541.09,36110500,SPY
2024-07-08,127.14,130.41,126.69,127.85,237677300,NVDA
2024-07-08,224.95,225.7,221.14,225.67,59085900,AAPL
2024-07-08,458.47,459.6,456.41,458.16,12962300,MSFT
2024-07-08,247.71,259.44,244.57,252.94,157219600,TSLA
2024-07-09,542.05,542.95,541.33,541.62,27289700,SPY
2024-07-09,129.99,133.45,128.29,131.02,285366600,NVDA
2024-07-09,225.78,227.23,224.23,226.52,48076100,AAPL
2024-07-09,458.91,459.23,450.07,451.58,17207200,MSFT
2024-07-09,251.0,265.61,250.3,262.33,160210900,TSLA
2024-07-10,542.84,547.32,542.55,546.98,38701200,SPY
2024-07-10,133.66,134.73,132.05,134.54,248978600,NVDA
2024-07-10,227.13,230.88,227.09,230.78,62627700,AAPL
2024-07-10,453.23,458.38,450.91,458.17,18196100,MSFT
2024-07-10,262.8,267.59,257.86,263.26,128519400,TSLA
2024-07-11,547.1,547.96,541.63,542.26,53054200,SPY
2024-07-11,135.38,135.77,126.7,127.05,374782700,NVDA
2024-07-11,229.21,230.2,223.64,225.42,64710600,AAPL
2024-07-11,454.96,456.73,443.73,446.82,23111200,MSFT
2024-07-11,263.3,271.0,239.65,241.03,221707300,TSLA
2024-07-12,543.38,549.27,542.92,545.68,53084400,SPY
2024-07-12,127.91,131.56,126.87,128.88,252680500,NVDA
2024-07-12,226.76,230.44,226.52,228.36,53046500,AAPL
2024-07-12,446.46,448.45,442.84,445.69,16324300,MSFT
2024-07-12,235.8,251.84,233.09,248.23,155955800,TSLA
2024-07-15,547.67,550.41,545.33,547.19,40584300,SPY
2024-07-15,130.2,131.03,126.83,128.09,208326200,NVDA
2024-07-15,234.25,234.99,230.89,232.19,62631300,AAPL
2024-07-15,445.45,449.34,443.61,446.1,14429400,MSFT
2024-07-15,255.97,265.6,251.73,252.64,146912900,TSLA
2024-07-16,548.49,550.72,547.74,550.43,36475300,SPY
2024-07-16,128.09,128.68,124.24,126.01,214769500,NVDA
2024-07-16,232.78,234.04,230.14,232.6,43234300,AAPL
2024-07-16,446.35,446.43,438.92,441.73,17175700,MSFT
2024-07-16,255.31,258.62,245.8,256.56,126332500,TSLA
2024-07-17,544.53,546.19,542.39,542.71,57119000,SPY
2024-07-17,121.01,121.51,116.4,117.66,390086200,NVDA
2024-07-17,227.28,229.27,224.5,226.72,57345900,AAPL
2024-07-17,434.92,437.14,431.57,435.84,21778000,MSFT
2024-07-17,252.73,258.47,246.18,248.5,115584800,TSLA
2024-07-18,544.24,545.23,536.37,538.54,56270400,SPY
2024-07-18,121.51,122.06,116.24,120.76,320979500,NVDA
2024-07-18,228.11,228.26,220.17,222.06,66034600,AAPL
2024-07-18,436.64,436.95,426.88,432.74,20794800,MSFT
2024-07-18,251.09,257.14,247.2,249.23,110869000,TSLA
2024-07-19,538.31,539.93,533.91,534.97,65509100,SPY
2024-07-19,120.02,121.26,117.05,117.6,217223800,NVDA
2024-07-19,222.7,224.66,221.17,222.19,49151500,AAPL
2024-07-19,425.6,433.5,424.52,429.54,20940400,MSFT
2024-07-19,247.79,249.44,236.83,239.2,87403900,TSLA
2024-07-22,538.87,541.09,536.94,540.48,43346700,SPY
2024-07-22,120.02,123.73,119.53,123.2,258068900,NVDA
2024-07-22,224.87,225.63,220.98,221.85,48201800,AAPL
2024-07-22,434.14,436.9,431.31,435.27,15808800,MSFT
2024-07-22,244.21,253.21,243.75,251.51,101225400,TSLA
2024-07-23,540.37,542.52,539.15,539.63,34439600,SPY
2024-07-23,122.44,124.35,121.76,122.25,173911000,NVDA
2024-07-23,222.25,224.8,220.58,222.89,39960300,AAPL
2024-07-23,436.21,440.62,435.42,437.14,13107100,MSFT
2024-07-23,253.6,255.76,245.63,246.38,111928200,TSLA
2024-07-24,534.84,535.14,526.49,527.4,74515300,SPY
2024-07-24,118.84,119.62,113.13,113.93,327776900,NVDA
2024-07-24,221.88,222.68,215.08,216.48,61777600,AAPL
2024-07-24,432.82,433.83,420.18,421.47,26805800,MSFT
2024-07-24,225.42,225.99,214.71,215.99,167942900,TSLA
2024-07-25,527.52,533.47,523.72,524.66,61158300,SPY
2024-07-25,112.73,116.31,106.01,111.97,460067000,NVDA
2024-07-25,216.86,218.76,212.59,215.44,51391200,AAPL
2024-07-25,421.37,422.35,410.28,411.15,29943800,MSFT
2024-07-25,216.8,226.0,216.23,220.25,100636500,TSLA
2024-07-26,528.43,533.21,527.66,530.53,53763800,SPY
2024-07-26,115.87,115.88,111.27,112.75,293399100,NVDA
2024-07-26,216.63,217.42,213.97,215.9,41601300,AAPL
2024-07-26,410.96,421.49,410.04,417.9,23583800,MSFT
2024-07-26,221.19,222.28,215.33,219.8,94604100,TSLA
2024-07-29,532.07,533.08,528.86,530.84,39515800,SPY
2024-07-29,113.38,115.96,110.99,111.28,248152100,NVDA
2024-07-29,214.91,217.23,213.71,216.18,36311800,AAPL
2024-07-29,424.1,424.66,417.34,419.34,15125800,MSFT
2024-07-29,224.9,234.27,224.7,232.1,129201800,TSLA
2024-07-30,532.31,533.36,524.76,528.15,46853600,SPY
2024-07-30,111.21,111.68,102.26,103.44,486833300,NVDA
2024-07-30,217.12,218.25,214.08,216.73,41643800,AAPL
2024-07-30,420.31,421.62,410.13,415.59,32687600,MSFT
2024-07-30,232.25,232.41,220.0,222.62,100560300,TSLA
2024-07-31,534.96,539.36,533.59,536.74,65663400,SPY
2024-07-31,112.59,118.01,110.57,116.7,473174200,NVDA
2024-07-31,219.35,221.71,218.55,219.98,50036300,AAPL
2024-07-31,413.22,414.47,405.07,411.1,42891400,MSFT
2024-07-31,227.9,234.68,226.79,232.07,67497000,TSLA
2024-08-01,538.45,540.7,525.65,529.14,76428700,SPY
2024-08-01,117.21,119.83,106.52,108.91,523462300,NVDA
2024-08-01,222.25,222.36,214.97,216.3,62501000,AAPL
2024-08-01,413.5,420.06,405.93,409.88,30296400,MSFT
2024-08-01,227.69,231.87,214.33,216.86,83861900,TSLA
2024-08-02,522.06,523.27,515.1,519.29,82789100,SPY
2024-08-02,103.47,108.42,101.09,106.97,482027500,NVDA
2024-08-02,217.08,223.47,215.65,217.78,105568600,AAPL
2024-08-02,405.34,407.81,397.34,401.41,29437900,MSFT
2024-08-02,214.88,216.13,205.78,207.67,82880100,TSLA
2024-08-05,498.57,510.2,497.23,504.16,146267400,SPY
2024-08-05,91.81,103.12,90.44,100.17,552842400,NVDA
2024-08-05,197.21,211.48,194.15,207.29,119548600,AAPL
2024-08-05,382.43,394.09,378.9,388.3,40709200,MSFT
2024-08-05,185.22,203.88,182.0,198.88,100308800,TSLA
2024-08-06,505.96,516.22,504.64,508.81,84826300,SPY
2024-08-06,103.55,107.41,100.27,103.96,409012100,NVDA
2024-08-06,203.36,208.01,199.17,205.27,69660500,AAPL
2024-08-06,393.07,398.64,391.6,392.69,24946500,MSFT
2024-08-06,200.75,202.9,192.67,200.64,73783900,TSLA
2024-08-07,514.97,518.01,504.82,505.41,70698300,SPY
2024-08-07,107.51,108.5,98.42,98.64,411440400,NVDA
2024-08-07,204.95,211.62,204.44,207.84,63516400,AAPL
2024-08-07,401.56,402.98,390.58,391.53,20650900,MSFT
2024-08-07,200.77,203.49,191.48,191.76,71159800,TSLA
2024-08-08,510.53,517.72,508.51,517.09,63276600,SPY
2024-08-08,101.72,105.21,97.25,104.68,391910000,NVDA
2024-08-08,211.1,212.18,206.86,211.3,47161100,AAPL
2024-08-08,395.47,398.83,393.01,395.71,20203000,MSFT
2024-08-08,195.7,200.7,192.04,198.84,65033900,TSLA
2024-08-09,516.28,520.86,515.06,519.37,45619600,SPY
2024-08-09,105.35,106.31,103.14,104.46,290844200,NVDA
2024-08-09,210.1,214.73,209.97,214.2,42201600,AAPL
2024-08-09,397.03,400.98,395.29,398.99,19276700,MSFT
2024-08-09,197.05,200.88,195.11,200.0,58648300,TSLA
2024-08-12,520.56,522.04,517.39,519.65,42542100,SPY
2024-08-12,106.03,110.76,105.97,108.72,325559900,NVDA
2024-08-12,214.28,217.69,213.81,215.73,38028100,AAPL
2024-08-12,400.01,401.68,397.24,399.76,16762900,MSFT
2024-08-12,199.02,199.26,194.67,197.49,64044900,TSLA
2024-08-13,522.82,528.43,522.58,528.19,52333100,SPY
2024-08-13,112.13,115.91,111.27,115.82,312646700,NVDA
2024-08-13,217.19,220.05,217.19,219.43,44155300,AAPL
2024-08-13,402.49,407.76,402.48,406.84,19414300,MSFT
2024-08-13,198.47,208.49,197.06,207.83,76247400,TSLA
2024-08-14,528.98,531.04,526.32,529.86,42446900,SPY
2024-08-14,118.2,118.27,113.76,117.75,339246400,NVDA
2024-08-14,218.74,221.18,217.88,219.88,41960600,AAPL
2024-08-14,407.61,410.48,405.31,409.64,18267000,MSFT
2024-08-14,207.39,208.44,198.75,201.38,70250000,TSLA
2024-08-15,535.46,539.22,534.86,538.94,60846800,SPY
2024-08-15,118.43,122.9,117.15,122.52,318086700,NVDA
2024-08-15,222.74,223.48,220.91,222.86,46414000,AAPL
2024-08-15,413.27,414.56,411.16,414.48,20752100,MSFT
2024-08-15,205.02,215.88,204.82,214.14,89848500,TSLA
2024-08-16,537.33,540.84,537.18,540.15,44430700,SPY
2024-08-16,121.6,124.65,120.85,124.24,302589900,NVDA
2024-08-16,222.06,224.95,221.79,224.17,44340200,AAPL
2024-08-16,414.06,414.79,410.81,411.96,22775600,MSFT
2024-08-16,211.15,219.8,210.8,216.12,88765100,TSLA
2024-08-19,540.56,545.31,539.71,545.31,39121800,SPY
2024-08-19,123.94,129.64,123.08,129.64,318333600,NVDA
2024-08-19,223.85,224.12,221.19,224.02,40687800,AAPL
2024-08-19,412.44,415.19,409.98,414.97,15234000,MSFT
2024-08-19,217.07,222.98,214.09,222.72,76435200,TSLA
2024-08-20,544.87,546.51,543.09,544.43,33732300,SPY
2024-08-20,128.05,129.52,125.54,126.9,300087400,NVDA
2024-08-20,223.9,225.29,223.58,224.63,30299000,AAPL
2024-08-20,415.14,419.24,415.08,418.19,16387600,MSFT
2024-08-20,224.88,228.22,219.56,221.1,74001200,TSLA
2024-08-21,545.47,547.75,540.56,546.3,41514600,SPY
2024-08-21,126.97,128.99,126.31,128.15,257883600,NVDA
2024-08-21,224.64,226.09,223.18,224.52,34765500,AAPL
2024-08-21,417.49,419.77,415.16,417.54,16067300,MSFT
2024-08-21,222.67,224.66,218.86,223.27,70146000,TSLA
2024-08-22,548.19,548.79,540.8,542.01,56121500,SPY
2024-08-22,129.66,130.39,122.76,123.4,376189100,NVDA
2024-08-22,225.9,226.45,222.04,222.67,43695300,AAPL
2024-08-22,417.76,420.15,408.16,409.09,19361900,MSFT
2024-08-22,223.82,224.8,210.32,210.66,79514500,TSLA
2024-08-23,545.24,548.71,543.05,547.77,50639400,SPY
2024-08-23,125.51,129.24,124.87,129.01,323230300,NVDA
2024-08-23,223.79,226.33,222.47,224.96,38677300,AAPL
2024-08-23,410.5,412.74,405.68,410.31,18493800,MSFT
2024-08-23,214.46,221.48,214.21,220.32,81525200,TSLA
2024-08-26,548.79,549.5,544.77,546.46,35788600,SPY
2024-08-26,129.21,130.9,124.03,126.11,331964700,NVDA
2024-08-26,224.88,225.39,222.03,225.3,30602200,AAPL
2024-08-26,409.89,410.79,404.94,407.06,13152800,MSFT
2024-08-26,218.75,219.09,211.01,213.21,59301200,TSLA
2024-08-27,545.2,547.7,544.06,547.21,32693900,SPY
2024-08-27,124.7,128.84,123.54,127.95,303134600,NVDA
2024-08-27,224.13,226.95,223.02,226.14,35934600,AAPL
2024-08-27,406.44,407.92,403.87,407.4,13492900,MSFT
2024-08-27,213.25,215.66,206.94,209.21,62821400,TSLA
2024-08-28,546.87,547.3,540.86,544.04,41066000,SPY
2024-08-28,127.77,127.98,122.3,125.26,448101100,NVDA
2024-08-28,226.03,227.95,223.81,224.61,38052200,AAPL
2024-08-28,408.43,408.55,400.98,404.21,14882700,MSFT
2024-08-28,209.72,211.84,202.59,205.75,64116400,TSLA
2024-08-29,546.0,549.28,542.95,544.09,38715200,SPY
2024-08-29,121.02,124.09,116.39,117.27,453023300,NVDA
2024-08-29,228.19,230.99,226.98,227.88,51906300,AAPL
2024-08-29,408.49,415.49,404.21,406.7,17045200,MSFT
2024-08-29,209.8,214.89,205.97,206.28,62308800,TSLA
2024-08-30,546.44,549.79,542.91,549.28,62700100,SPY
2024-08-30,119.2,121.41,116.9,119.04,333751600,NVDA
2024-08-30,228.28,228.49,225.59,227.1,52990800,AAPL
2024-08-30,409.14,411.0,405.72,410.65,24308300,MSFT
2024-08-30,208.63,214.57,207.03,214.11,63370600,TSLA
2024-09-03,546.15,546.48,535.47,537.98,60600100,SPY
2024-09-03,115.69,115.89,106.99,107.7,477155100,NVDA
2024-09-03,226.65,227.1,219.34,220.92,50190600,AAPL
2024-09-03,411.41,413.35,400.7,403.07,20313600,MSFT
2024-09-03,215.26,219.9,209.64,210.6,76714200,TSLA
2024-09-04,536.14,540.27,535.42,536.88,47224900,SPY
2024-09-04,105.12,112.96,103.83,105.92,372470300,NVDA
2024-09-04,219.82,219.94,215.68,219.02,43840200,AAPL
2024-09-04,399.6,404.84,398.08,402.54,15135800,MSFT
2024-09-04,210.59,222.22,210.57,219.41,80651800,TSLA
2024-09-05,536.82,539.65,533.12,535.57,44264300,SPY
2024-09-05,104.7,109.35,104.47,106.91,306850700,NVDA
2024-09-05,219.79,223.61,219.68,220.54,36615400,AAPL
2024-09-05,401.28,406.68,399.81,402.04,14195500,MSFT
2024-09-05,223.49,235.0,222.25,230.17,119355000,TSLA
2024-09-06,535.89,537.51,525.66,526.56,68493800,SPY
2024-09-06,107.74,107.85,100.67,102.55,413638100,NVDA
2024-09-06,222.09,223.37,217.95,218.99,48423000,AAPL
2024-09-06,402.7,404.26,394.57,395.45,19609500,MSFT
2024-09-06,232.6,233.6,210.51,210.73,112177000,TSLA
2024-09-09,530.74,533.72,528.82,532.45,40445800,SPY
2024-09-09,104.59,106.26,103.4,106.18,273912000,NVDA
2024-09-09,218.99,219.43,214.91,219.08,67180000,AAPL
2024-09-09,400.91,402.29,395.9,399.41,15295100,MSFT
2024-09-09,216.2,219.87,213.67,216.27,67443500,TSLA
2024-09-10,534.35,535.12,529.5,534.77,36394600,SPY
2024-09-10,107.51,109.1,104.66,107.8,268283700,NVDA
2024-09-10,217.1,219.64,214.93,218.28,51591000,AAPL
2024-09-10,401.85,409.86,401.36,407.76,19594300,MSFT
2024-09-10,220.07,226.4,218.64,226.17,78891100,TSLA
2024-09-11,534.68,541.17,526.17,540.26,75248600,SPY
2024-09-11,109.09,116.87,107.12,116.59,441422400,NVDA
2024-09-11,219.62,221.24,216.08,220.81,44587100,AAPL
2024-09-11,409.04,417.4,403.21,416.46,19266900,MSFT
2024-09-11,224.55,228.47,216.8,228.13,83548600,TSLA
2024-09-12,540.83,545.11,538.62,544.81,51819600,SPY
2024-09-12,116.53,120.47,115.07,118.82,366052700,NVDA
2024-09-12,220.65,221.7,218.0,220.92,37455600,AAPL
2024-09-12,416.73,420.72,413.22,420.36,17395700,MSFT
2024-09-12,224.66,231.45,223.83,229.81,71894900,TSLA
2024-09-13,545.41,548.65,545.16,547.65,39310500,SPY
2024-09-13,118.76,119.64,117.29,118.78,238358300,NVDA
2024-09-13,221.73,222.18,220.07,220.65,36766600,AAPL
2024-09-13,419.21,425.11,418.84,423.89,15874600,MSFT
2024-09-13,228.0,232.67,226.32,230.29,59515100,TSLA
2024-09-16,547.39,548.72,545.6,548.46,36656100,SPY
2024-09-16,116.48,117.86,114.05,116.47,248772300,NVDA
2024-09-16,214.74,215.42,212.15,214.53,59357400,AAPL
2024-09-16,423.9,426.79,421.56,424.63,13834700,MSFT
2024-09-16,229.3,229.96,223.53,226.78,54323000,TSLA
2024-09-17,550.66,552.11,546.46,548.69,49321000,SPY
2024-09-17,117.85,118.48,114.52,115.28,231925900,NVDA
2024-09-17,213.96,215.1,212.72,214.99,45519300,AAPL
2024-09-17,433.38,434.98,425.55,428.38,18874200,MSFT
2024-09-17,229.45,234.57,226.55,227.87,66761600,TSLA
2024-09-18,549.34,554.16,546.5,547.06,59044900,SPY
2024-09-18,115.58,117.39,112.92,113.07,310318900,NVDA
2024-09-18,215.75,220.86,215.74,218.86,59894900,AAPL
2024-09-18,428.24,429.25,423.72,424.11,18898000,MSFT
2024-09-18,230.09,235.68,226.88,227.2,78010200,TSLA
2024-09-19,556.42,558.25,553.57,556.39,75315500,SPY
2024-09-19,117.04,119.34,116.94,117.55,293506400,NVDA
2024-09-19,223.12,227.91,222.77,226.97,66781300,AAPL
2024-09-19,434.37,434.63,430.11,431.87,21706600,MSFT
2024-09-19,234.0,244.24,232.13,243.92,102694600,TSLA
2024-09-20,555.03,556.47,552.42,555.43,77503100,SPY
2024-09-20,116.75,118.3,115.08,115.69,382462400,NVDA
2024-09-20,228.06,231.16,225.73,226.31,318679900,AAPL
2024-09-20,430.42,432.41,427.47,428.5,55167100,MSFT
2024-09-20,241.52,243.99,235.92,238.25,99879100,TSLA
2024-09-23,556.5,557.47,555.29,556.82,44116900,SPY
2024-09-23,116.24,116.68,114.55,115.95,206228500,NVDA
2024-09-23,225.45,227.55,223.94,224.59,54146000,AAPL
2024-09-23,427.53,429.67,423.7,426.77,15128900,MSFT
2024-09-23,242.61,250.0,241.92,250.0,86927200,TSLA
2024-09-24,557.61,558.47,554.8,558.41,46805700,SPY
2024-09-24,116.21,121.47,115.07,120.55,354966800,NVDA
2024-09-24,226.75,227.45,223.86,225.48,43556100,AAPL
2024-09-24,426.27,426.61,419.47,422.5,17015800,MSFT
2024-09-24,254.08,257.19,249.05,254.27,88491000,TSLA
2024-09-25,558.26,558.99,556.08,557.18,38428600,SPY
2024-09-25,121.69,124.61,121.28,123.18,284692900,NVDA
2024-09-25,223.06,225.4,222.16,224.49,42308700,AAPL
2024-09-25,423.15,426.38,421.91,425.39,13396400,MSFT
2024-09-25,252.54,257.05,252.28,257.02,65034300,TSLA
2024-09-26,561.42,561.75,557.04,559.39,48336000,SPY
2024-09-26,126.46,127.33,121.47,123.71,302582900,NVDA
2024-09-26,225.41,226.6,223.54,225.63,36636700,AAPL
2024-09-26,428.32,428.53,422.46,424.6,14492000,MSFT
2024-09-26,260.6,261.75,251.53,254.22,67142200,TSLA
2024-09-27,560.46,561.27,557.55,558.58,42100900,SPY
2024-09-27,123.64,123.7,118.94,121.08,271009200,NVDA
2024-09-27,226.56,227.62,225.41,225.9,34026000,AAPL
2024-09-27,424.81,425.13,420.82,421.36,14896100,MSFT
2024-09-27,257.38,260.7,254.12,260.46,70988100,TSLA
2024-09-30,557.55,561.42,555.27,560.82,63557400,SPY
2024-09-30,117.99,121.17,117.83,121.12,226553700,NVDA
2024-09-30,228.13,231.07,227.74,231.07,54541900,AAPL
2024-09-30,421.55,423.73,418.75,423.61,16807300,MSFT
2024-09-30,259.04,264.86,255.77,261.63,80705700,TSLA
2024-10-01,560.47,561.11,553.23,555.79,72668800,SPY
2024-10-01,121.44,122.11,115.48,116.69,302094500,NVDA
2024-10-01,227.62,227.74,221.88,224.33,63285000,AAPL
2024-10-01,421.79,421.82,412.3,414.15,19092900,MSFT
2024-10-01,262.67,263.98,248.53,258.02,87397600,TSLA
2024-10-02,554.9,557.04,552.52,556.03,38097800,SPY
2024-10-02,116.13,119.06,114.83,118.53,221845900,NVDA
2024-10-02,224.02,225.48,221.17,224.9,32880600,AAPL
2024-10-02,416.01,416.24,410.23,410.64,16582300,MSFT
2024-10-02,247.55,251.16,241.5,249.02,93983900,TSLA
2024-10-03,554.56,556.95,552.73,555.01,40846500,SPY
2024-10-03,120.6,124.03,120.02,122.52,277118000,NVDA
2024-10-03,223.27,224.93,221.47,223.8,34044200,AAPL
2024-10-03,411.14,413.03,407.85,410.06,13686400,MSFT
2024-10-03,244.48,249.79,237.81,240.66,80729200,TSLA
2024-10-04,559.44,560.43,555.29,560.06,42939100,SPY
2024-10-04,124.61,124.71,121.5,124.59,243678100,NVDA
2024-10-04,226.01,226.11,222.27,224.92,37245100,AAPL
2024-10-04,411.74,413.22,408.52,409.59,19169700,MSFT
2024-10-04,246.69,250.96,244.58,250.08,86573200,TSLA
2024-10-07,558.41,559.06,553.85,554.99,49964700,SPY
2024-10-07,124.66,130.29,124.62,127.38,346250200,NVDA
2024-10-07,222.64,223.82,219.49,219.85,39505400,AAPL
2024-10-07,409.53,410.62,402.64,403.17,20919800,MSFT
2024-10-07,249.0,249.83,240.7,240.83,68113300,TSLA
2024-10-08,557.55,560.84,556.68,560.24,37398700,SPY
2024-10-08,129.91,133.12,129.07,132.53,285722500,NVDA
2024-10-08,222.44,224.11,221.4,223.9,31855700,AAPL
2024-10-08,404.51,409.2,401.82,408.26,19229300,MSFT
2024-10-08,243.56,246.21,240.56,244.5,56303200,TSLA
2024-10-09,560.23,564.68,559.64,564.12,37912200,SPY
2024-10-09,133.75,134.16,131.03,132.3,246191600,NVDA
2024-10-09,223.36,227.84,222.96,227.64,33591100,AAPL
2024-10-09,409.39,413.84,407.86,410.97,14974300,MSFT
2024-10-09,243.82,247.43,239.51,241.05,66289500,TSLA
2024-10-10,562.78,564.55,561.53,563.13,44138100,SPY
2024-10-10,131.56,134.64,130.65,134.45,242311300,NVDA
2024-10-10,225.89,227.6,225.29,227.14,28183500,AAPL
2024-10-10,408.77,410.86,406.72,409.37,13848400,MSFT
2024-10-10,241.81,242.79,232.34,238.77,83087100,TSLA
2024-10-11,563.06,567.24,562.92,566.51,42268000,SPY
2024-10-11,133.65,135.42,133.3,134.44,170209500,NVDA
2024-10-11,227.4,227.51,225.45,225.66,31759200,AAPL
2024-10-11,409.67,410.64,406.82,409.85,14144900,MSFT
2024-10-11,220.13,223.34,214.38,217.8,142628900,TSLA
2024-10-14,568.11,572.07,567.63,571.14,36217200,SPY
2024-10-14,136.1,139.23,135.94,137.7,232347700,NVDA
2024-10-14,226.8,229.81,226.7,229.38,39882100,AAPL
2024-10-14,411.27,417.45,411.03,412.62,16653100,MSFT
2024-10-14,220.13,221.91,213.74,219.16,86291900,TSLA
2024-10-15,571.4,571.71,565.49,566.7,54203600,SPY
2024-10-15,137.5,138.2,128.4,131.25,377831000,NVDA
2024-10-15,231.67,235.52,230.44,231.91,64751400,AAPL
2024-10-15,415.61,415.91,408.8,412.23,18900200,MSFT
2024-10-15,220.01,224.26,217.12,219.57,62988800,TSLA
2024-10-16,566.7,569.68,565.9,569.17,30725400,SPY
2024-10-16,133.62,136.25,131.23,135.36,264879700,NVDA
2024-10-16,229.68,230.19,227.93,229.86,34082200,AAPL
2024-10-16,408.71,409.89,404.1,409.65,15508900,MSFT
2024-10-16,221.4,222.82,218.93,221.33,49632800,TSLA
2024-10-17,572.69,572.9,569.03,569.21,34393700,SPY
2024-10-17,138.97,140.51,136.5,136.56,306435900,NVDA
2024-10-17,231.49,231.91,228.61,230.22,32993800,AAPL
2024-10-17,415.79,415.93,409.13,410.24,14820000,MSFT
2024-10-17,221.59,222.08,217.9,220.89,50791800,TSLA
2024-10-18,570.9,572.19,569.44,571.4,37416800,SPY
2024-10-18,138.3,138.53,136.91,137.63,176090200,NVDA
2024-10-18,234.22,234.22,232.07,233.05,46431500,AAPL
2024-10-18,410.65,413.12,409.79,411.66,17145300,MSFT
2024-10-18,220.71,222.28,219.23,220.7,49611900,TSLA
2024-10-21,570.68,571.66,567.5,570.47,36439000,SPY
2024-10-21,137.76,143.33,137.63,143.33,264554500,NVDA
2024-10-21,232.51,234.89,232.51,234.52,36254500,AAPL
2024-10-21,409.65,412.44,407.32,412.27,14206100,MSFT
2024-10-21,218.9,220.48,215.73,218.85,47329000,TSLA
2024-10-22,567.94,571.32,567.29,570.16,34183800,SPY
2024-10-22,142.53,144.03,141.4,143.21,226311600,NVDA
2024-10-22,231.95,234.26,230.67,233.9,38846600,AAPL
2024-10-22,411.98,423.88,411.54,420.86,25482200,MSFT
2024-10-22,217.31,218.22,215.26,217.97,43268700,TSLA
2024-10-23,568.15,568.59,561.46,564.95,49314600,SPY
2024-10-23,141.65,142.05,137.09,139.19,285930000,NVDA
2024-10-23,232.14,233.19,225.87,228.85,52287000,AAPL
2024-10-23,424.16,424.38,415.96,418.0,19654400,MSFT
2024-10-23,217.13,218.72,212.11,213.65,80938900,TSLA
2024-10-24,566.9,566.98,563.56,566.17,34979900,SPY
2024-10-24,140.44,140.97,138.09,140.03,172354900,NVDA
2024-10-24,228.07,228.91,226.52,228.66,31109500,AAPL
2024-10-24,418.72,419.36,415.83,418.12,13581600,MSFT
2024-10-24,244.68,262.12,242.65,260.48,204491900,TSLA
2024-10-25,568.39,571.28,565.04,565.98,47268200,SPY
2024-10-25,140.55,143.74,140.42,141.16,205122100,NVDA
2024-10-25,227.83,231.29,227.67,229.49,38802300,AAPL
2024-10-25,420.12,425.79,419.94,421.49,16899100,MSFT
2024-10-25,256.01,269.49,255.32,269.19,161611900,TSLA
2024-10-28,569.44,569.57,567.43,567.73,30174700,SPY
2024-10-28,142.62,142.76,139.68,140.14,173586700,NVDA
2024-10-28,231.38,232.78,230.62,231.46,36087100,AAPL
2024-10-28,424.95,425.22,419.67,419.96,14882400,MSFT
2024-10-28,270.0,273.54,262.24,262.51,107653600,TSLA
2024-10-29,566.77,569.76,565.38,568.65,42899700,SPY
2024-10-29,139.91,141.88,138.53,140.87,157593600,NVDA
2024-10-29,231.17,232.39,230.39,231.73,35417200,AAPL
2024-10-29,421.34,426.43,419.18,425.23,17644100,MSFT
2024-10-29,264.51,264.98,255.51,259.52,80521800,TSLA
2024-10-30,568.18,570.16,566.22,566.93,41435800,SPY
2024-10-30,139.17,139.95,136.44,138.97,179418100,NVDA
2024-10-30,230.68,231.53,227.65,228.19,47070900,AAPL
2024-10-30,430.64,431.68,425.38,425.8,29749100,MSFT
2024-10-30,258.04,263.35,255.82,257.55,53993600,TSLA
2024-10-31,562.58,562.65,555.62,555.81,60182500,SPY
2024-10-31,137.23,137.24,131.76,132.4,270039600,NVDA
2024-10-31,227.44,227.92,223.5,224.04,64370100,AAPL
2024-10-31,408.9,409.69,399.98,400.03,53971000,MSFT
2024-10-31,257.99,259.75,249.25,249.85,66575300,TSLA
2024-11-01,558.43,562.57,557.75,558.16,45667500,SPY
2024-11-01,134.34,136.94,134.21,135.04,207127800,NVDA
2024-11-01,219.14,223.48,218.44,221.06,65276700,AAPL
2024-11-01,402.65,409.04,401.16,403.99,24230400,MSFT
2024-11-01,252.04,254.0,246.63,248.98,57544800,TSLA
2024-11-04,558.3,559.59,555.08,556.96,38217000,SPY
2024-11-04,136.84,138.59,135.21,135.69,187528200,NVDA
2024-11-04,219.16,220.94,217.89,220.17,44944500,AAPL
2024-11-04,403.43,404.04,399.26,402.11,19672300,MSFT
2024-11-04,244.56,248.9,238.88,242.84,68802400,TSLA
2024-11-05,557.87,563.73,557.65,563.69,39478300,SPY
2024-11-05,137.08,139.99,136.96,139.54,160537400,NVDA
2024-11-05,219.96,222.09,219.31,221.6,28111300,AAPL
2024-11-05,402.02,408.45,401.73,405.06,17626000,MSFT
2024-11-05,247.34,255.28,246.21,251.44,69282500,TSLA
2024-11-06,575.91,578.58,572.19,577.71,68182000,SPY
2024-11-06,142.58,146.1,141.58,145.22,242043900,NVDA
2024-11-06,220.76,224.19,219.36,220.87,54561100,AAPL
2024-11-06,406.01,413.91,404.14,413.65,26681800,MSFT
2024-11-06,284.67,289.59,275.62,288.53,165228700,TSLA
2024-11-07,579.7,583.19,579.62,582.17,47233200,SPY
2024-11-07,146.0,148.53,145.78,148.48,207323300,NVDA
2024-11-07,222.77,225.99,222.71,225.59,42137700,AAPL
2024-11-07,414.73,420.21,413.35,418.81,19901800,MSFT
2024-11-07,288.89,299.75,285.52,296.91,117309200,TSLA
2024-11-08,582.72,586.11,582.72,584.7,46444900,SPY
2024-11-08,148.37,149.37,145.87,147.23,175665800,NVDA
2024-11-08,225.53,227.01,224.78,225.32,38328800,AAPL
2024-11-08,418.71,419.87,415.22,415.97,16891400,MSFT
2024-11-08,299.14,328.71,297.66,321.22,204782800,TSLA
2024-11-11,586.28,586.63,583.53,585.25,37586800,SPY
2024-11-11,148.28,148.45,143.19,144.87,182325600,NVDA
2024-11-11,223.38,224.07,219.9,222.61,42005600,AAPL
2024-11-11,415.95,418.2,409.53,411.51,24503300,MSFT
2024-11-11,346.3,358.64,336.0,350.0,210521600,TSLA
2024-11-12,585.18,585.77,580.96,583.44,43006100,SPY
2024-11-12,146.39,149.25,145.62,147.89,198634700,NVDA
2024-11-12,222.93,223.96,221.75,222.61,40398300,AAPL
2024-11-12,411.75,417.84,410.71,416.45,19401200,MSFT
2024-11-12,342.74,345.84,323.31,328.49,155726000,TSLA
2024-11-13,583.9,585.71,581.54,583.72,47388600,SPY
2024-11-13,148.67,148.93,145.51,145.88,191903300,NVDA
2024-11-13,222.4,225.02,221.16,223.5,48566200,AAPL
2024-11-13,415.08,422.65,411.71,418.59,21502200,MSFT
2024-11-13,335.85,344.6,322.5,330.24,125405600,TSLA
2024-11-14,583.85,584.33,579.28,579.97,38904100,SPY
2024-11-14,147.24,148.6,145.16,146.37,194463300,NVDA
2024-11-14,223.4,227.22,223.38,226.58,44923900,AAPL
2024-11-14,418.39,421.51,413.47,420.25,30246900,MSFT
2024-11-14,327.69,329.98,310.37,311.18,120726100,TSLA
2024-11-15,576.42,576.89,570.69,572.54,75988800,SPY
2024-11-15,144.48,144.85,139.71,141.6,250132900,NVDA
2024-11-15,224.77,225.29,222.65,223.38,47923700,AAPL
2024-11-15,413.29,416.22,407.21,408.55,28247600,MSFT
2024-11-15,310.57,324.68,309.22,320.72,114440300,TSLA
2024-11-18,573.0,576.19,572.14,574.88,37001700,SPY
2024-11-18,139.13,141.17,136.78,139.77,221205300,NVDA
2024-11-18,223.63,228.08,223.55,226.38,44633700,AAPL
2024-11-18,408.42,411.89,405.69,409.29,24727000,MSFT
2024-11-18,340.73,348.55,330.01,338.74,126085600,TSLA
2024-11-19,571.52,577.71,570.86,576.98,49412000,SPY
2024-11-19,140.94,146.74,140.61,146.62,227834900,NVDA
2024-11-19,225.34,228.5,225.03,226.64,36211800,AAPL
2024-11-19,406.69,411.44,405.15,411.29,18133500,MSFT
2024-11-19,335.76,347.38,332.75,346.0,88852500,TSLA
2024-11-20,577.06,577.46,571.44,577.18,50032600,SPY
2024-11-20,147.02,147.17,142.35,145.5,309871700,NVDA
2024-11-20,226.42,228.27,224.26,227.35,35169600,AAPL
2024-11-20,410.39,410.8,404.19,409.03,19191700,MSFT
2024-11-20,345.0,346.6,334.3,342.03,66340700,TSLA
2024-11-21,580.01,581.7,574.2,580.28,46750300,SPY
2024-11-21,148.95,152.48,140.32,146.28,400946600,NVDA
2024-11-21,227.23,228.5,224.08,226.87,42108300,AAPL
2024-11-21,413.8,414.08,404.72,407.26,20780200,MSFT
2024-11-21,343.81,347.99,335.28,339.64,58011700,TSLA
2024-11-22,580.27,582.7,579.77,582.08,38226400,SPY
2024-11-22,145.54,146.77,140.72,141.57,236406200,NVDA
2024-11-22,226.42,229.06,226.42,228.21,38168300,AAPL
2024-11-22,405.78,411.73,405.48,411.34,24814600,MSFT
2024-11-22,341.09,361.53,337.7,352.56,89140700,TSLA
2024-11-25,586.0,587.31,581.77,584.05,42441400,SPY
2024-11-25,141.61,141.67,135.46,135.66,344941900,NVDA
2024-11-25,229.79,231.57,228.08,231.19,90152800,AAPL
2024-11-25,412.7,415.36,409.22,413.1,27691100,MSFT
2024-11-25,360.14,361.93,338.2,338.59,95890900,TSLA
2024-11-26,585.29,587.77,584.58,587.1,45621300,SPY
2024-11-26,137.33,138.93,135.31,136.55,190287700,NVDA
2024-11-26,231.65,233.87,231.65,233.37,45986200,AAPL
2024-11-26,413.89,423.21,413.16,422.18,23458900,MSFT
2024-11-26,341.0,346.96,335.66,338.23,62295900,TSLA
2024-11-27,586.92,587.3,583.81,585.32,34000200,SPY
2024-11-27,134.65,136.85,131.45,134.98,226370900,NVDA
2024-11-27,232.78,233.99,232.13,233.24,33498400,AAPL
2024-11-27,419.34,421.43,416.29,417.25,18332400,MSFT
2024-11-27,341.8,342.55,326.59,332.89,57896400,TSLA
2024-11-29,586.13,589.74,585.86,588.96,30177400,SPY
2024-11-29,136.41,138.98,135.69,137.88,141863200,NVDA
2024-11-29,233.12,236.1,232.28,235.62,28481400,AAPL
2024-11-29,414.38,419.11,412.13,417.71,16271900,MSFT
2024-11-29,336.08,345.45,334.65,345.16,37167600,TSLA
2024-12-02,589.37,590.69,588.88,590.01,31746000,SPY
2024-12-02,138.46,140.07,137.45,138.26,171682800,NVDA
2024-12-02,235.56,239.06,235.45,237.86,48137100,AAPL
2024-12-02,415.84,427.12,415.59,425.13,20207200,MSFT
2024-12-02,352.38,360.0,351.15,357.09,77986500,TSLA
2024-12-03,589.78,590.53,588.75,590.29,26906600,SPY
2024-12-03,137.89,140.16,137.58,139.88,164414000,NVDA
2024-12-03,238.08,241.01,237.18,240.9,38861000,AAPL
2024-12-03,424.0,426.6,421.93,425.34,18302000,MSFT
2024-12-03,351.8,355.69,348.2,351.42,58267200,TSLA
2024-12-04,591.97,594.2,591.3,593.95,42787600,SPY
2024-12-04,141.62,145.4,139.91,144.75,231224300,NVDA
2024-12-04,241.12,242.35,239.51,241.26,44383900,AAPL
2024-12-04,427.15,433.7,426.75,431.48,26009400,MSFT
2024-12-04,353.0,358.1,348.6,357.93,50810900,TSLA
2024-12-05,593.95,594.75,592.62,592.98,28762200,SPY
2024-12-05,144.73,146.16,143.57,144.68,172621200,NVDA
2024-12-05,242.23,242.78,240.39,241.29,40033900,AAPL
2024-12-05,431.97,438.62,430.25,436.61,21697800,MSFT
2024-12-05,359.87,375.43,359.5,369.49,81403600,TSLA
2024-12-06,593.74,595.33,593.33,594.1,31241500,SPY
2024-12-06,144.22,145.32,140.94,142.07,188505600,NVDA
2024-12-06,241.16,242.87,240.34,241.09,36870600,AAPL
2024-12-06,436.29,440.04,435.77,437.55,18821000,MSFT
2024-12-06,377.42,389.49,370.8,389.22,81455800,TSLA
2024-12-09,593.98,594.15,590.45,591.04,34742700,SPY
2024-12-09,138.61,139.59,136.77,138.45,189308600,NVDA
2024-12-09,240.09,245.46,240.01,244.97,44649200,AAPL
2024-12-09,436.59,442.24,434.52,439.96,19144400,MSFT
2024-12-09,397.61,404.8,378.01,389.79,96359200,TSLA
2024-12-10,591.71,592.14,588.55,589.2,37234500,SPY
2024-12-10,138.65,141.45,133.44,134.72,210020900,NVDA
2024-12-10,245.11,246.42,243.57,245.98,36914800,AAPL
2024-12-10,438.35,443.51,435.6,437.31,18469500,MSFT
2024-12-10,392.68,409.73,390.85,400.99,97563600,TSLA
2024-12-11,592.12,594.71,591.84,593.76,28677700,SPY
2024-12-11,137.0,139.8,134.86,138.95,184905200,NVDA
2024-12-11,246.17,248.99,244.49,244.71,45205800,AAPL
2024-12-11,438.02,444.23,438.02,442.89,19200200,MSFT
2024-12-11,409.7,424.88,402.38,424.77,104287600,TSLA
2024-12-12,592.9,593.46,590.7,590.7,31543800,SPY
2024-12-12,136.72,138.08,135.45,136.98,159211400,NVDA
2024-12-12,245.11,246.95,243.91,246.17,32777500,AAPL
2024-12-12,443.01,449.96,443.01,443.45,20834800,MSFT
2024-12-12,424.84,429.3,415.0,418.1,87752200,TSLA
2024-12-13,592.72,593.44,589.21,590.58,35904700,SPY
2024-12-13,138.58,139.24,132.19,133.9,231514900,NVDA
2024-12-13,246.03,247.49,244.47,246.34,33155300,AAPL
2024-12-13,442.35,445.3,439.53,441.2,20177800,MSFT
2024-12-13,420.0,436.3,415.71,436.23,89000200,TSLA
2024-12-16,592.33,594.07,591.56,593.1,43695200,SPY
2024-12-16,133.83,134.05,130.08,131.66,237951100,NVDA
2024-12-16,246.2,249.57,245.87,249.23,51694800,AAPL
2024-12-16,441.2,446.04,439.23,445.46,23598800,MSFT
2024-12-16,441.09,463.19,436.15,463.02,114083800,TSLA
2024-12-17,590.56,591.52,589.29,590.66,55773500,SPY
2024-12-17,128.75,131.25,126.53,130.05,259410300,NVDA
2024-12-17,248.28,252.0,247.98,251.65,51356400,AAPL
2024-12-17,444.88,449.11,443.46,448.29,22733500,MSFT
2024-12-17,475.9,483.99,457.51,479.86,131223000,TSLA
2024-12-18,590.36,592.73,572.67,573.06,108248700,SPY
2024-12-18,133.51,136.34,127.95,128.57,277444500,NVDA
2024-12-18,250.34,252.45,245.96,246.26,56774100,AAPL
2024-12-18,445.19,446.5,431.08,431.45,24444500,MSFT
2024-12-18,466.5,488.54,427.01,440.13,149340800,TSLA
2024-12-19,578.02,579.62,572.64,572.88,85919500,SPY
2024-12-19,131.42,133.68,129.21,130.34,209719200,NVDA
2024-12-19,245.72,250.18,245.31,247.99,60882300,AAPL
2024-12-19,435.62,437.16,430.39,431.09,22963700,MSFT
2024-12-19,451.88,456.36,420.02,436.17,118566100,TSLA
2024-12-20,570.56,584.27,569.72,579.76,125716700,SPY
2024-12-20,129.47,134.93,127.89,134.35,306528600,NVDA
2024-12-20,246.25,253.16,243.92,252.66,147495300,AAPL
2024-12-20,427.23,437.71,422.81,430.67,64263700,MSFT
2024-12-20,425.51,447.08,417.64,421.06,132216200,TSLA
2024-12-23,579.51,583.83,576.34,583.23,57635800,SPY
2024-12-23,135.92,139.43,134.77,139.31,176053500,NVDA
2024-12-23,252.93,253.81,251.62,253.43,40858800,AAPL
2024-12-23,430.81,431.71,426.95,429.34,19152500,MSFT
2024-12-23,431.0,434.51,415.41,430.6,72698100,TSLA
2024-12-24,584.58,589.75,584.0,589.71,33160100,SPY
2024-12-24,139.63,141.53,138.29,139.85,105157000,NVDA
2024-12-24,253.65,256.35,253.45,256.34,23234700,AAPL
2024-12-24,428.75,433.63,428.29,433.36,7164500,MSFT
2024-12-24,435.9,462.78,435.14,462.28,59551800,TSLA
2024-12-26,587.95,590.87,586.56,589.75,41219100,SPY
2024-12-26,139.34,140.48,137.37,139.57,116205600,NVDA
2024-12-26,256.33,258.23,255.77,257.15,27237100,AAPL
2024-12-26,433.12,434.95,430.7,432.16,8194200,MSFT
2024-12-26,465.16,465.33,451.02,454.13,76366400,TSLA
2024-12-27,586.03,586.26,579.38,583.55,64969300,SPY
2024-12-27,138.19,138.66,134.36,136.65,170582600,NVDA
2024-12-27,255.97,256.84,251.24,253.75,42355300,AAPL
2024-12-27,428.7,429.31,420.56,424.68,18117700,MSFT
2024-12-27,449.52,450.0,426.5,431.66,82666800,TSLA
2024-12-30,576.56,580.34,573.15,576.89,56578800,SPY
2024-12-30,134.48,139.9,133.67,137.13,167734700,NVDA
2024-12-30,250.41,251.67,248.94,250.38,35557500,AAPL
2024-12-30,420.27,421.74,416.17,419.06,13158700,MSFT
2024-12-30,419.4,427.0,415.75,417.41,64941000,TSLA
2024-12-31,578.54,579.26,573.16,574.79,57052700,SPY
2024-12-31,137.67,137.71,133.48,133.94,155659200,NVDA
2024-12-31,250.62,251.46,247.63,248.62,39480700,AAPL
2024-12-31,420.31,420.93,414.95,415.78,13246500,MSFT
2024-12-31,423.79,427.93,402.54,403.84,76825100,TSLA
